Data_Referencia,Codi_Districte,Nom_Districte,Codi_Barri,Nom_Barri,AEB,Seccio_Censal,Valor,year
2019-01-01,1,Ciutat Vella,1,el Raval,1,1001,1345,2019
2019-01-01,1,Ciutat Vella,1,el Raval,1,1002,1524,2019
2019-01-01,1,Ciutat Vella,1,el Raval,2,1003,3580,2019
2019-01-01,1,Ciutat Vella,1,el Raval,2,1004,2877,2019
2019-01-01,1,Ciutat Vella,1,el Raval,3,1005,2478,2019
2019-01-01,1,Ciutat Vella,1,el Raval,3,1006,1626,2019
2019-01-01,1,Ciutat Vella,1,el Raval,3,1007,1983,2019
2019-01-01,1,Ciutat Vella,1,el Raval,4,1008,3318,2019
2019-01-01,1,Ciutat Vella,1,el Raval,4,1009,2278,2019
2019-01-01,1,Ciutat Vella,1,el Raval,4,1010,2441,2019
2019-01-01,1,Ciutat Vella,1,el Raval,5,1011,3209,2019
2019-01-01,1,Ciutat Vella,1,el Raval,5,1012,1931,2019
2019-01-01,1,Ciutat Vella,1,el Raval,5,1013,1447,2019
2019-01-01,1,Ciutat Vella,1,el Raval,6,1014,2075,2019
2019-01-01,1,Ciutat Vella,1,el Raval,6,1015,2398,2019
2019-01-01,1,Ciutat Vella,1,el Raval,6,1016,2248,2019
2019-01-01,1,Ciutat Vella,1,el Raval,6,1017,2590,2019
2019-01-01,1,Ciutat Vella,1,el Raval,7,1018,1605,2019
2019-01-01,1,Ciutat Vella,1,el Raval,7,1019,2995,2019
2019-01-01,1,Ciutat Vella,1,el Raval,7,1020,2144,2019
2019-01-01,1,Ciutat Vella,1,el Raval,8,1021,2118,2019
2019-01-01,1,Ciutat Vella,2,el Barri Gòtic,9,1022,1298,2019
2019-01-01,1,Ciutat Vella,2,el Barri Gòtic,9,1023,2131,2019
2019-01-01,1,Ciutat Vella,2,el Barri Gòtic,10,1025,1301,2019
2019-01-01,1,Ciutat Vella,2,el Barri Gòtic,10,1026,5331,2019
2019-01-01,1,Ciutat Vella,2,el Barri Gòtic,10,1027,1646,2019
2019-01-01,1,Ciutat Vella,2,el Barri Gòtic,11,1028,1923,2019
2019-01-01,1,Ciutat Vella,2,el Barri Gòtic,11,1029,1457,2019
2019-01-01,1,Ciutat Vella,2,el Barri Gòtic,12,1030,2498,2019
2019-01-01,1,Ciutat Vella,2,el Barri Gòtic,12,1031,1595,2019
2019-01-01,1,Ciutat Vella,3,la Barceloneta,13,1032,1844,2019
2019-01-01,1,Ciutat Vella,3,la Barceloneta,13,1033,1167,2019
2019-01-01,1,Ciutat Vella,3,la Barceloneta,13,1034,955,2019
2019-01-01,1,Ciutat Vella,3,la Barceloneta,14,1035,1320,2019
2019-01-01,1,Ciutat Vella,3,la Barceloneta,14,1036,1205,2019
2019-01-01,1,Ciutat Vella,3,la Barceloneta,15,1037,1431,2019
2019-01-01,1,Ciutat Vella,3,la Barceloneta,15,1038,1500,2019
2019-01-01,1,Ciutat Vella,3,la Barceloneta,15,1039,1315,2019
2019-01-01,1,Ciutat Vella,3,la Barceloneta,15,1040,1102,2019
2019-01-01,1,Ciutat Vella,3,la Barceloneta,15,1041,1531,2019
2019-01-01,1,Ciutat Vella,3,la Barceloneta,15,1042,1803,2019
2019-01-01,1,Ciutat Vella,4,"Sant Pere, Santa Caterina i la Ribera",16,1043,1675,2019
2019-01-01,1,Ciutat Vella,4,"Sant Pere, Santa Caterina i la Ribera",16,1044,1455,2019
2019-01-01,1,Ciutat Vella,4,"Sant Pere, Santa Caterina i la Ribera",16,1045,1973,2019
2019-01-01,1,Ciutat Vella,4,"Sant Pere, Santa Caterina i la Ribera",16,1046,1832,2019
2019-01-01,1,Ciutat Vella,4,"Sant Pere, Santa Caterina i la Ribera",17,1047,1742,2019
2019-01-01,1,Ciutat Vella,4,"Sant Pere, Santa Caterina i la Ribera",17,1048,2103,2019
2019-01-01,1,Ciutat Vella,4,"Sant Pere, Santa Caterina i la Ribera",17,1049,1600,2019
2019-01-01,1,Ciutat Vella,4,"Sant Pere, Santa Caterina i la Ribera",18,1050,1582,2019
2019-01-01,1,Ciutat Vella,4,"Sant Pere, Santa Caterina i la Ribera",18,1051,1823,2019
2019-01-01,1,Ciutat Vella,4,"Sant Pere, Santa Caterina i la Ribera",18,1052,2861,2019
2019-01-01,1,Ciutat Vella,4,"Sant Pere, Santa Caterina i la Ribera",19,1053,1841,2019
2019-01-01,1,Ciutat Vella,4,"Sant Pere, Santa Caterina i la Ribera",19,1054,1322,2019
2019-01-01,1,Ciutat Vella,4,"Sant Pere, Santa Caterina i la Ribera",19,1055,1361,2019
2019-01-01,2,Eixample,5,el Fort Pienc,20,2001,1309,2019
2019-01-01,2,Eixample,5,el Fort Pienc,20,2002,2835,2019
2019-01-01,2,Eixample,5,el Fort Pienc,20,2003,1253,2019
2019-01-01,2,Eixample,5,el Fort Pienc,20,2004,1500,2019
2019-01-01,2,Eixample,5,el Fort Pienc,20,2005,2044,2019
2019-01-01,2,Eixample,5,el Fort Pienc,20,2006,1688,2019
2019-01-01,2,Eixample,5,el Fort Pienc,20,2007,1308,2019
2019-01-01,2,Eixample,5,el Fort Pienc,20,2008,1943,2019
2019-01-01,2,Eixample,5,el Fort Pienc,20,2009,1794,2019
2019-01-01,2,Eixample,5,el Fort Pienc,21,2010,1195,2019
2019-01-01,2,Eixample,5,el Fort Pienc,21,2011,1102,2019
2019-01-01,2,Eixample,5,el Fort Pienc,21,2012,1536,2019
2019-01-01,2,Eixample,5,el Fort Pienc,21,2013,1156,2019
2019-01-01,2,Eixample,5,el Fort Pienc,22,2014,1374,2019
2019-01-01,2,Eixample,5,el Fort Pienc,22,2015,1561,2019
2019-01-01,2,Eixample,5,el Fort Pienc,22,2016,1886,2019
2019-01-01,2,Eixample,5,el Fort Pienc,22,2017,1994,2019
2019-01-01,2,Eixample,5,el Fort Pienc,22,2018,1854,2019
2019-01-01,2,Eixample,5,el Fort Pienc,22,2019,1937,2019
2019-01-01,2,Eixample,5,el Fort Pienc,22,2020,1469,2019
2019-01-01,2,Eixample,6,la Sagrada Família,23,2021,1518,2019
2019-01-01,2,Eixample,6,la Sagrada Família,23,2022,1288,2019
2019-01-01,2,Eixample,6,la Sagrada Família,23,2023,1094,2019
2019-01-01,2,Eixample,6,la Sagrada Família,23,2024,1138,2019
2019-01-01,2,Eixample,6,la Sagrada Família,24,2025,1165,2019
2019-01-01,2,Eixample,6,la Sagrada Família,24,2026,2165,2019
2019-01-01,2,Eixample,6,la Sagrada Família,24,2027,2003,2019
2019-01-01,2,Eixample,6,la Sagrada Família,24,2028,2102,2019
2019-01-01,2,Eixample,6,la Sagrada Família,24,2029,1303,2019
2019-01-01,2,Eixample,6,la Sagrada Família,24,2030,1335,2019
2019-01-01,2,Eixample,6,la Sagrada Família,24,2031,1074,2019
2019-01-01,2,Eixample,6,la Sagrada Família,24,2032,1203,2019
2019-01-01,2,Eixample,6,la Sagrada Família,25,2033,1187,2019
2019-01-01,2,Eixample,6,la Sagrada Família,25,2034,1251,2019
2019-01-01,2,Eixample,6,la Sagrada Família,25,2035,1335,2019
2019-01-01,2,Eixample,6,la Sagrada Família,25,2036,1221,2019
2019-01-01,2,Eixample,6,la Sagrada Família,25,2037,1221,2019
2019-01-01,2,Eixample,6,la Sagrada Família,25,2038,1576,2019
2019-01-01,2,Eixample,6,la Sagrada Família,25,2039,1731,2019
2019-01-01,2,Eixample,6,la Sagrada Família,25,2040,1644,2019
2019-01-01,2,Eixample,6,la Sagrada Família,26,2041,1669,2019
2019-01-01,2,Eixample,6,la Sagrada Família,26,2042,1614,2019
2019-01-01,2,Eixample,6,la Sagrada Família,26,2043,1434,2019
2019-01-01,2,Eixample,6,la Sagrada Família,26,2044,1240,2019
2019-01-01,2,Eixample,6,la Sagrada Família,26,2045,1165,2019
2019-01-01,2,Eixample,6,la Sagrada Família,26,2046,1914,2019
2019-01-01,2,Eixample,6,la Sagrada Família,26,2047,1949,2019
2019-01-01,2,Eixample,6,la Sagrada Família,26,2048,1296,2019
2019-01-01,2,Eixample,6,la Sagrada Família,27,2049,2121,2019
2019-01-01,2,Eixample,6,la Sagrada Família,27,2050,1608,2019
2019-01-01,2,Eixample,6,la Sagrada Família,27,2051,1873,2019
2019-01-01,2,Eixample,6,la Sagrada Família,27,2052,1823,2019
2019-01-01,2,Eixample,6,la Sagrada Família,27,2053,1802,2019
2019-01-01,2,Eixample,6,la Sagrada Família,27,2054,1855,2019
2019-01-01,2,Eixample,7,la Dreta de l'Eixample,28,2055,1830,2019
2019-01-01,2,Eixample,7,la Dreta de l'Eixample,28,2056,1473,2019
2019-01-01,2,Eixample,7,la Dreta de l'Eixample,28,2057,1305,2019
2019-01-01,2,Eixample,7,la Dreta de l'Eixample,28,2058,1388,2019
2019-01-01,2,Eixample,7,la Dreta de l'Eixample,28,2059,1680,2019
2019-01-01,2,Eixample,7,la Dreta de l'Eixample,28,2060,1756,2019
2019-01-01,2,Eixample,7,la Dreta de l'Eixample,29,2061,1367,2019
2019-01-01,2,Eixample,7,la Dreta de l'Eixample,29,2062,1540,2019
2019-01-01,2,Eixample,7,la Dreta de l'Eixample,29,2063,1232,2019
2019-01-01,2,Eixample,7,la Dreta de l'Eixample,29,2064,1335,2019
2019-01-01,2,Eixample,7,la Dreta de l'Eixample,29,2065,1925,2019
2019-01-01,2,Eixample,7,la Dreta de l'Eixample,30,2066,1816,2019
2019-01-01,2,Eixample,7,la Dreta de l'Eixample,30,2067,1696,2019
2019-01-01,2,Eixample,7,la Dreta de l'Eixample,30,2068,1658,2019
2019-01-01,2,Eixample,7,la Dreta de l'Eixample,30,2069,1390,2019
2019-01-01,2,Eixample,7,la Dreta de l'Eixample,31,2070,1290,2019
2019-01-01,2,Eixample,7,la Dreta de l'Eixample,31,2071,1712,2019
2019-01-01,2,Eixample,7,la Dreta de l'Eixample,31,2072,1216,2019
2019-01-01,2,Eixample,7,la Dreta de l'Eixample,32,2073,1694,2019
2019-01-01,2,Eixample,7,la Dreta de l'Eixample,32,2074,1253,2019
2019-01-01,2,Eixample,7,la Dreta de l'Eixample,32,2075,1295,2019
2019-01-01,2,Eixample,7,la Dreta de l'Eixample,32,2076,1667,2019
2019-01-01,2,Eixample,7,la Dreta de l'Eixample,33,2077,1624,2019
2019-01-01,2,Eixample,7,la Dreta de l'Eixample,34,2078,1391,2019
2019-01-01,2,Eixample,7,la Dreta de l'Eixample,34,2079,1332,2019
2019-01-01,2,Eixample,7,la Dreta de l'Eixample,35,2080,1493,2019
2019-01-01,2,Eixample,7,la Dreta de l'Eixample,35,2081,2086,2019
2019-01-01,2,Eixample,7,la Dreta de l'Eixample,36,2082,893,2019
2019-01-01,2,Eixample,7,la Dreta de l'Eixample,36,2083,1852,2019
2019-01-01,2,Eixample,8,l'Antiga Esquerra de l'Eixample,37,2084,2108,2019
2019-01-01,2,Eixample,8,l'Antiga Esquerra de l'Eixample,37,2085,1460,2019
2019-01-01,2,Eixample,8,l'Antiga Esquerra de l'Eixample,37,2086,1448,2019
2019-01-01,2,Eixample,8,l'Antiga Esquerra de l'Eixample,37,2087,1463,2019
2019-01-01,2,Eixample,8,l'Antiga Esquerra de l'Eixample,38,2088,1671,2019
2019-01-01,2,Eixample,8,l'Antiga Esquerra de l'Eixample,38,2089,1905,2019
2019-01-01,2,Eixample,8,l'Antiga Esquerra de l'Eixample,38,2090,1704,2019
2019-01-01,2,Eixample,8,l'Antiga Esquerra de l'Eixample,39,2091,1912,2019
2019-01-01,2,Eixample,8,l'Antiga Esquerra de l'Eixample,39,2092,2390,2019
2019-01-01,2,Eixample,8,l'Antiga Esquerra de l'Eixample,40,2093,1637,2019
2019-01-01,2,Eixample,8,l'Antiga Esquerra de l'Eixample,40,2094,1511,2019
2019-01-01,2,Eixample,8,l'Antiga Esquerra de l'Eixample,40,2095,1523,2019
2019-01-01,2,Eixample,8,l'Antiga Esquerra de l'Eixample,40,2096,1426,2019
2019-01-01,2,Eixample,8,l'Antiga Esquerra de l'Eixample,40,2097,1105,2019
2019-01-01,2,Eixample,8,l'Antiga Esquerra de l'Eixample,41,2098,1536,2019
2019-01-01,2,Eixample,8,l'Antiga Esquerra de l'Eixample,41,2099,1593,2019
2019-01-01,2,Eixample,8,l'Antiga Esquerra de l'Eixample,41,2100,1349,2019
2019-01-01,2,Eixample,8,l'Antiga Esquerra de l'Eixample,41,2101,2236,2019
2019-01-01,2,Eixample,8,l'Antiga Esquerra de l'Eixample,42,2102,1364,2019
2019-01-01,2,Eixample,8,l'Antiga Esquerra de l'Eixample,42,2103,1641,2019
2019-01-01,2,Eixample,8,l'Antiga Esquerra de l'Eixample,42,2104,1148,2019
2019-01-01,2,Eixample,8,l'Antiga Esquerra de l'Eixample,42,2105,2136,2019
2019-01-01,2,Eixample,8,l'Antiga Esquerra de l'Eixample,43,2106,1438,2019
2019-01-01,2,Eixample,8,l'Antiga Esquerra de l'Eixample,43,2107,1640,2019
2019-01-01,2,Eixample,8,l'Antiga Esquerra de l'Eixample,43,2108,1625,2019
2019-01-01,2,Eixample,8,l'Antiga Esquerra de l'Eixample,43,2109,2070,2019
2019-01-01,2,Eixample,9,la Nova Esquerra de l'Eixample,44,2110,1945,2019
2019-01-01,2,Eixample,9,la Nova Esquerra de l'Eixample,44,2111,1881,2019
2019-01-01,2,Eixample,9,la Nova Esquerra de l'Eixample,44,2112,1338,2019
2019-01-01,2,Eixample,9,la Nova Esquerra de l'Eixample,44,2113,2257,2019
2019-01-01,2,Eixample,9,la Nova Esquerra de l'Eixample,44,2114,1697,2019
2019-01-01,2,Eixample,9,la Nova Esquerra de l'Eixample,45,2115,1359,2019
2019-01-01,2,Eixample,9,la Nova Esquerra de l'Eixample,45,2116,1032,2019
2019-01-01,2,Eixample,9,la Nova Esquerra de l'Eixample,45,2117,1189,2019
2019-01-01,2,Eixample,9,la Nova Esquerra de l'Eixample,45,2118,1494,2019
2019-01-01,2,Eixample,9,la Nova Esquerra de l'Eixample,45,2119,1262,2019
2019-01-01,2,Eixample,9,la Nova Esquerra de l'Eixample,45,2120,1190,2019
2019-01-01,2,Eixample,9,la Nova Esquerra de l'Eixample,45,2121,1254,2019
2019-01-01,2,Eixample,9,la Nova Esquerra de l'Eixample,45,2122,1080,2019
2019-01-01,2,Eixample,9,la Nova Esquerra de l'Eixample,45,2123,1167,2019
2019-01-01,2,Eixample,9,la Nova Esquerra de l'Eixample,46,2124,1079,2019
2019-01-01,2,Eixample,9,la Nova Esquerra de l'Eixample,46,2125,1720,2019
2019-01-01,2,Eixample,9,la Nova Esquerra de l'Eixample,46,2126,1432,2019
2019-01-01,2,Eixample,9,la Nova Esquerra de l'Eixample,46,2127,1153,2019
2019-01-01,2,Eixample,9,la Nova Esquerra de l'Eixample,46,2128,1308,2019
2019-01-01,2,Eixample,9,la Nova Esquerra de l'Eixample,46,2129,1557,2019
2019-01-01,2,Eixample,9,la Nova Esquerra de l'Eixample,47,2130,1167,2019
2019-01-01,2,Eixample,9,la Nova Esquerra de l'Eixample,47,2131,1185,2019
2019-01-01,2,Eixample,9,la Nova Esquerra de l'Eixample,47,2132,1149,2019
2019-01-01,2,Eixample,9,la Nova Esquerra de l'Eixample,47,2133,851,2019
2019-01-01,2,Eixample,9,la Nova Esquerra de l'Eixample,47,2134,1474,2019
2019-01-01,2,Eixample,9,la Nova Esquerra de l'Eixample,47,2135,2210,2019
2019-01-01,2,Eixample,9,la Nova Esquerra de l'Eixample,47,2136,924,2019
2019-01-01,2,Eixample,9,la Nova Esquerra de l'Eixample,48,2137,1482,2019
2019-01-01,2,Eixample,9,la Nova Esquerra de l'Eixample,48,2138,1957,2019
2019-01-01,2,Eixample,9,la Nova Esquerra de l'Eixample,48,2139,1662,2019
2019-01-01,2,Eixample,9,la Nova Esquerra de l'Eixample,48,2140,1928,2019
2019-01-01,2,Eixample,9,la Nova Esquerra de l'Eixample,48,2141,1267,2019
2019-01-01,2,Eixample,9,la Nova Esquerra de l'Eixample,49,2142,2012,2019
2019-01-01,2,Eixample,9,la Nova Esquerra de l'Eixample,49,2143,1378,2019
2019-01-01,2,Eixample,9,la Nova Esquerra de l'Eixample,49,2144,1580,2019
2019-01-01,2,Eixample,9,la Nova Esquerra de l'Eixample,49,2145,1274,2019
2019-01-01,2,Eixample,9,la Nova Esquerra de l'Eixample,50,2146,1181,2019
2019-01-01,2,Eixample,9,la Nova Esquerra de l'Eixample,50,2147,2178,2019
2019-01-01,2,Eixample,9,la Nova Esquerra de l'Eixample,50,2148,1590,2019
2019-01-01,2,Eixample,9,la Nova Esquerra de l'Eixample,50,2149,1825,2019
2019-01-01,2,Eixample,10,Sant Antoni,51,2150,1521,2019
2019-01-01,2,Eixample,10,Sant Antoni,51,2151,1512,2019
2019-01-01,2,Eixample,10,Sant Antoni,51,2152,1263,2019
2019-01-01,2,Eixample,10,Sant Antoni,51,2153,1320,2019
2019-01-01,2,Eixample,10,Sant Antoni,51,2154,1084,2019
2019-01-01,2,Eixample,10,Sant Antoni,51,2155,1847,2019
2019-01-01,2,Eixample,10,Sant Antoni,51,2156,1269,2019
2019-01-01,2,Eixample,10,Sant Antoni,51,2157,1256,2019
2019-01-01,2,Eixample,10,Sant Antoni,52,2158,1663,2019
2019-01-01,2,Eixample,10,Sant Antoni,52,2159,1945,2019
2019-01-01,2,Eixample,10,Sant Antoni,52,2160,1991,2019
2019-01-01,2,Eixample,10,Sant Antoni,52,2161,1155,2019
2019-01-01,2,Eixample,10,Sant Antoni,52,2162,1433,2019
2019-01-01,2,Eixample,10,Sant Antoni,53,2163,1835,2019
2019-01-01,2,Eixample,10,Sant Antoni,53,2164,1508,2019
2019-01-01,2,Eixample,10,Sant Antoni,53,2165,1698,2019
2019-01-01,2,Eixample,10,Sant Antoni,54,2166,2133,2019
2019-01-01,2,Eixample,10,Sant Antoni,54,2167,2142,2019
2019-01-01,2,Eixample,10,Sant Antoni,54,2168,2246,2019
2019-01-01,2,Eixample,10,Sant Antoni,55,2169,1562,2019
2019-01-01,2,Eixample,10,Sant Antoni,55,2170,1531,2019
2019-01-01,2,Eixample,10,Sant Antoni,55,2171,1658,2019
2019-01-01,2,Eixample,10,Sant Antoni,55,2172,1536,2019
2019-01-01,2,Eixample,10,Sant Antoni,55,2173,1514,2019
2019-01-01,3,Sants-Montjuïc,11,el Poble-sec,56,3001,1719,2019
2019-01-01,3,Sants-Montjuïc,11,el Poble-sec,56,3002,1920,2019
2019-01-01,3,Sants-Montjuïc,11,el Poble-sec,56,3003,1713,2019
2019-01-01,3,Sants-Montjuïc,11,el Poble-sec,56,3004,1652,2019
2019-01-01,3,Sants-Montjuïc,11,el Poble-sec,56,3005,1250,2019
2019-01-01,3,Sants-Montjuïc,11,el Poble-sec,56,3006,1450,2019
2019-01-01,3,Sants-Montjuïc,11,el Poble-sec,56,3007,1739,2019
2019-01-01,3,Sants-Montjuïc,11,el Poble-sec,56,3008,1191,2019
2019-01-01,3,Sants-Montjuïc,11,el Poble-sec,56,3009,1222,2019
2019-01-01,3,Sants-Montjuïc,11,el Poble-sec,57,3010,1954,2019
2019-01-01,3,Sants-Montjuïc,11,el Poble-sec,57,3011,1840,2019
2019-01-01,3,Sants-Montjuïc,11,el Poble-sec,57,3012,2206,2019
2019-01-01,3,Sants-Montjuïc,11,el Poble-sec,57,3013,1825,2019
2019-01-01,3,Sants-Montjuïc,11,el Poble-sec,57,3014,1813,2019
2019-01-01,3,Sants-Montjuïc,11,el Poble-sec,57,3015,2960,2019
2019-01-01,3,Sants-Montjuïc,11,el Poble-sec,57,3016,1205,2019
2019-01-01,3,Sants-Montjuïc,11,el Poble-sec,57,3017,1656,2019
2019-01-01,3,Sants-Montjuïc,11,el Poble-sec,58,3018,1741,2019
2019-01-01,3,Sants-Montjuïc,11,el Poble-sec,58,3019,1543,2019
2019-01-01,3,Sants-Montjuïc,11,el Poble-sec,58,3020,1193,2019
2019-01-01,3,Sants-Montjuïc,11,el Poble-sec,58,3021,1113,2019
2019-01-01,3,Sants-Montjuïc,11,el Poble-sec,58,3022,1496,2019
2019-01-01,3,Sants-Montjuïc,11,el Poble-sec,59,3023,1937,2019
2019-01-01,3,Sants-Montjuïc,11,el Poble-sec,59,3024,2102,2019
2019-01-01,3,Sants-Montjuïc,12,la Marina del Prat Vermell,60,3025,1199,2019
2019-01-01,3,Sants-Montjuïc,13,la Marina de Port,61,3026,986,2019
2019-01-01,3,Sants-Montjuïc,13,la Marina de Port,61,3027,1768,2019
2019-01-01,3,Sants-Montjuïc,13,la Marina de Port,61,3028,2668,2019
2019-01-01,3,Sants-Montjuïc,13,la Marina de Port,61,3029,1313,2019
2019-01-01,3,Sants-Montjuïc,13,la Marina de Port,61,3030,1591,2019
2019-01-01,3,Sants-Montjuïc,13,la Marina de Port,62,3031,2475,2019
2019-01-01,3,Sants-Montjuïc,13,la Marina de Port,62,3032,1659,2019
2019-01-01,3,Sants-Montjuïc,13,la Marina de Port,62,3033,1441,2019
2019-01-01,3,Sants-Montjuïc,13,la Marina de Port,62,3034,1539,2019
2019-01-01,3,Sants-Montjuïc,13,la Marina de Port,62,3211,1518,2019
2019-01-01,3,Sants-Montjuïc,13,la Marina de Port,63,3035,2286,2019
2019-01-01,3,Sants-Montjuïc,13,la Marina de Port,63,3036,2345,2019
2019-01-01,3,Sants-Montjuïc,13,la Marina de Port,63,3037,1081,2019
2019-01-01,3,Sants-Montjuïc,13,la Marina de Port,63,3212,2445,2019
2019-01-01,3,Sants-Montjuïc,13,la Marina de Port,63,3213,2433,2019
2019-01-01,3,Sants-Montjuïc,13,la Marina de Port,64,3038,996,2019
2019-01-01,3,Sants-Montjuïc,13,la Marina de Port,64,3039,2543,2019
2019-01-01,3,Sants-Montjuïc,14,la Font de la Guatlla,65,3040,1522,2019
2019-01-01,3,Sants-Montjuïc,14,la Font de la Guatlla,65,3041,1409,2019
2019-01-01,3,Sants-Montjuïc,14,la Font de la Guatlla,65,3042,1384,2019
2019-01-01,3,Sants-Montjuïc,14,la Font de la Guatlla,65,3043,1652,2019
2019-01-01,3,Sants-Montjuïc,14,la Font de la Guatlla,65,3044,1932,2019
2019-01-01,3,Sants-Montjuïc,14,la Font de la Guatlla,65,3045,1057,2019
2019-01-01,3,Sants-Montjuïc,14,la Font de la Guatlla,65,3046,1417,2019
2019-01-01,3,Sants-Montjuïc,15,Hostafrancs,66,3047,1810,2019
2019-01-01,3,Sants-Montjuïc,15,Hostafrancs,66,3048,1338,2019
2019-01-01,3,Sants-Montjuïc,15,Hostafrancs,66,3049,1654,2019
2019-01-01,3,Sants-Montjuïc,15,Hostafrancs,66,3050,1657,2019
2019-01-01,3,Sants-Montjuïc,15,Hostafrancs,67,3051,1954,2019
2019-01-01,3,Sants-Montjuïc,15,Hostafrancs,67,3052,1310,2019
2019-01-01,3,Sants-Montjuïc,15,Hostafrancs,67,3053,2182,2019
2019-01-01,3,Sants-Montjuïc,15,Hostafrancs,67,3054,1763,2019
2019-01-01,3,Sants-Montjuïc,15,Hostafrancs,67,3055,1603,2019
2019-01-01,3,Sants-Montjuïc,15,Hostafrancs,67,3056,884,2019
2019-01-01,3,Sants-Montjuïc,16,la Bordeta,68,3057,1513,2019
2019-01-01,3,Sants-Montjuïc,16,la Bordeta,68,3058,1594,2019
2019-01-01,3,Sants-Montjuïc,16,la Bordeta,68,3059,1249,2019
2019-01-01,3,Sants-Montjuïc,16,la Bordeta,68,3060,1404,2019
2019-01-01,3,Sants-Montjuïc,16,la Bordeta,68,3061,1146,2019
2019-01-01,3,Sants-Montjuïc,16,la Bordeta,69,3062,1608,2019
2019-01-01,3,Sants-Montjuïc,16,la Bordeta,69,3063,1865,2019
2019-01-01,3,Sants-Montjuïc,16,la Bordeta,69,3064,1251,2019
2019-01-01,3,Sants-Montjuïc,16,la Bordeta,69,3065,1377,2019
2019-01-01,3,Sants-Montjuïc,16,la Bordeta,69,3066,2312,2019
2019-01-01,3,Sants-Montjuïc,16,la Bordeta,69,3067,1756,2019
2019-01-01,3,Sants-Montjuïc,16,la Bordeta,69,3068,1163,2019
2019-01-01,3,Sants-Montjuïc,16,la Bordeta,69,3069,1205,2019
2019-01-01,3,Sants-Montjuïc,17,Sants - Badal,70,3070,1281,2019
2019-01-01,3,Sants-Montjuïc,17,Sants - Badal,70,3071,1283,2019
2019-01-01,3,Sants-Montjuïc,17,Sants - Badal,70,3072,1384,2019
2019-01-01,3,Sants-Montjuïc,17,Sants - Badal,70,3073,1612,2019
2019-01-01,3,Sants-Montjuïc,17,Sants - Badal,70,3074,1797,2019
2019-01-01,3,Sants-Montjuïc,17,Sants - Badal,70,3075,1723,2019
2019-01-01,3,Sants-Montjuïc,17,Sants - Badal,70,3076,1055,2019
2019-01-01,3,Sants-Montjuïc,17,Sants - Badal,70,3077,1307,2019
2019-01-01,3,Sants-Montjuïc,17,Sants - Badal,70,3078,1712,2019
2019-01-01,3,Sants-Montjuïc,17,Sants - Badal,70,3079,1826,2019
2019-01-01,3,Sants-Montjuïc,17,Sants - Badal,70,3080,1586,2019
2019-01-01,3,Sants-Montjuïc,17,Sants - Badal,71,3081,1809,2019
2019-01-01,3,Sants-Montjuïc,17,Sants - Badal,71,3082,1941,2019
2019-01-01,3,Sants-Montjuïc,17,Sants - Badal,71,3083,1391,2019
2019-01-01,3,Sants-Montjuïc,17,Sants - Badal,71,3084,1452,2019
2019-01-01,3,Sants-Montjuïc,17,Sants - Badal,71,3085,1315,2019
2019-01-01,3,Sants-Montjuïc,18,Sants,72,3086,1220,2019
2019-01-01,3,Sants-Montjuïc,18,Sants,72,3087,1468,2019
2019-01-01,3,Sants-Montjuïc,18,Sants,72,3088,1354,2019
2019-01-01,3,Sants-Montjuïc,18,Sants,72,3089,1268,2019
2019-01-01,3,Sants-Montjuïc,18,Sants,72,3090,1029,2019
2019-01-01,3,Sants-Montjuïc,18,Sants,72,3091,1479,2019
2019-01-01,3,Sants-Montjuïc,18,Sants,72,3092,1232,2019
2019-01-01,3,Sants-Montjuïc,18,Sants,72,3093,1512,2019
2019-01-01,3,Sants-Montjuïc,18,Sants,72,3094,1183,2019
2019-01-01,3,Sants-Montjuïc,18,Sants,73,3095,1633,2019
2019-01-01,3,Sants-Montjuïc,18,Sants,73,3096,1585,2019
2019-01-01,3,Sants-Montjuïc,18,Sants,73,3097,1640,2019
2019-01-01,3,Sants-Montjuïc,18,Sants,73,3098,1393,2019
2019-01-01,3,Sants-Montjuïc,18,Sants,73,3099,979,2019
2019-01-01,3,Sants-Montjuïc,18,Sants,73,3100,1292,2019
2019-01-01,3,Sants-Montjuïc,18,Sants,74,3101,3033,2019
2019-01-01,3,Sants-Montjuïc,18,Sants,74,3102,1354,2019
2019-01-01,3,Sants-Montjuïc,18,Sants,74,3103,1191,2019
2019-01-01,3,Sants-Montjuïc,18,Sants,74,3104,1432,2019
2019-01-01,3,Sants-Montjuïc,18,Sants,75,3105,1147,2019
2019-01-01,3,Sants-Montjuïc,18,Sants,75,3106,1268,2019
2019-01-01,3,Sants-Montjuïc,18,Sants,76,3107,1597,2019
2019-01-01,3,Sants-Montjuïc,18,Sants,76,3108,1605,2019
2019-01-01,3,Sants-Montjuïc,18,Sants,76,3109,1546,2019
2019-01-01,3,Sants-Montjuïc,18,Sants,76,3110,1523,2019
2019-01-01,3,Sants-Montjuïc,18,Sants,76,3111,1295,2019
2019-01-01,3,Sants-Montjuïc,18,Sants,76,3112,1900,2019
2019-01-01,3,Sants-Montjuïc,18,Sants,76,3113,1663,2019
2019-01-01,3,Sants-Montjuïc,18,Sants,76,3114,1489,2019
2019-01-01,4,Les Corts,19,les Corts,77,4001,1294,2019
2019-01-01,4,Les Corts,19,les Corts,77,4002,1977,2019
2019-01-01,4,Les Corts,19,les Corts,77,4003,1078,2019
2019-01-01,4,Les Corts,19,les Corts,77,4004,998,2019
2019-01-01,4,Les Corts,19,les Corts,77,4005,1213,2019
2019-01-01,4,Les Corts,19,les Corts,77,4006,1152,2019
2019-01-01,4,Les Corts,19,les Corts,77,4007,1072,2019
2019-01-01,4,Les Corts,19,les Corts,77,4008,1029,2019
2019-01-01,4,Les Corts,19,les Corts,77,4009,1459,2019
2019-01-01,4,Les Corts,19,les Corts,78,4010,909,2019
2019-01-01,4,Les Corts,19,les Corts,78,4011,1765,2019
2019-01-01,4,Les Corts,19,les Corts,78,4012,1442,2019
2019-01-01,4,Les Corts,19,les Corts,78,4013,1272,2019
2019-01-01,4,Les Corts,19,les Corts,78,4014,860,2019
2019-01-01,4,Les Corts,19,les Corts,78,4015,1905,2019
2019-01-01,4,Les Corts,19,les Corts,78,4016,1085,2019
2019-01-01,4,Les Corts,19,les Corts,79,4017,1209,2019
2019-01-01,4,Les Corts,19,les Corts,79,4018,1570,2019
2019-01-01,4,Les Corts,19,les Corts,79,4019,1357,2019
2019-01-01,4,Les Corts,19,les Corts,79,4020,1443,2019
2019-01-01,4,Les Corts,19,les Corts,79,4021,1317,2019
2019-01-01,4,Les Corts,19,les Corts,80,4022,1611,2019
2019-01-01,4,Les Corts,19,les Corts,81,4023,1077,2019
2019-01-01,4,Les Corts,19,les Corts,81,4024,1060,2019
2019-01-01,4,Les Corts,19,les Corts,82,4025,1166,2019
2019-01-01,4,Les Corts,19,les Corts,82,4026,1229,2019
2019-01-01,4,Les Corts,19,les Corts,82,4027,1317,2019
2019-01-01,4,Les Corts,19,les Corts,83,4028,1325,2019
2019-01-01,4,Les Corts,19,les Corts,83,4029,1161,2019
2019-01-01,4,Les Corts,19,les Corts,83,4030,1831,2019
2019-01-01,4,Les Corts,19,les Corts,84,4031,1845,2019
2019-01-01,4,Les Corts,19,les Corts,84,4032,1540,2019
2019-01-01,4,Les Corts,19,les Corts,84,4033,1150,2019
2019-01-01,4,Les Corts,19,les Corts,84,4034,1485,2019
2019-01-01,4,Les Corts,19,les Corts,84,4035,1396,2019
2019-01-01,4,Les Corts,20,la Maternitat i Sant Ramon,85,4036,1725,2019
2019-01-01,4,Les Corts,20,la Maternitat i Sant Ramon,85,4037,2144,2019
2019-01-01,4,Les Corts,20,la Maternitat i Sant Ramon,85,4038,1288,2019
2019-01-01,4,Les Corts,20,la Maternitat i Sant Ramon,85,4039,1217,2019
2019-01-01,4,Les Corts,20,la Maternitat i Sant Ramon,85,4040,1618,2019
2019-01-01,4,Les Corts,20,la Maternitat i Sant Ramon,85,4041,1353,2019
2019-01-01,4,Les Corts,20,la Maternitat i Sant Ramon,85,4042,1727,2019
2019-01-01,4,Les Corts,20,la Maternitat i Sant Ramon,86,4043,1630,2019
2019-01-01,4,Les Corts,20,la Maternitat i Sant Ramon,86,4044,1585,2019
2019-01-01,4,Les Corts,20,la Maternitat i Sant Ramon,86,4045,1372,2019
2019-01-01,4,Les Corts,20,la Maternitat i Sant Ramon,86,4046,2444,2019
2019-01-01,4,Les Corts,20,la Maternitat i Sant Ramon,86,4047,1784,2019
2019-01-01,4,Les Corts,20,la Maternitat i Sant Ramon,87,4048,1520,2019
2019-01-01,4,Les Corts,20,la Maternitat i Sant Ramon,87,4049,1184,2019
2019-01-01,4,Les Corts,20,la Maternitat i Sant Ramon,87,4084,1401,2019
2019-01-01,4,Les Corts,21,Pedralbes,88,4050,2036,2019
2019-01-01,4,Les Corts,21,Pedralbes,88,4051,1671,2019
2019-01-01,4,Les Corts,21,Pedralbes,88,4052,2197,2019
2019-01-01,4,Les Corts,21,Pedralbes,89,4053,1698,2019
2019-01-01,4,Les Corts,21,Pedralbes,89,4054,1064,2019
2019-01-01,4,Les Corts,21,Pedralbes,90,4055,1522,2019
2019-01-01,4,Les Corts,21,Pedralbes,90,4056,1812,2019
2019-01-01,5,Sarrià-Sant Gervasi,22,"Vallvidrera, el Tibidabo i les Planes",91,5001,1770,2019
2019-01-01,5,Sarrià-Sant Gervasi,22,"Vallvidrera, el Tibidabo i les Planes",92,5002,1571,2019
2019-01-01,5,Sarrià-Sant Gervasi,22,"Vallvidrera, el Tibidabo i les Planes",92,5003,1386,2019
2019-01-01,5,Sarrià-Sant Gervasi,23,Sarrià,93,5004,1137,2019
2019-01-01,5,Sarrià-Sant Gervasi,23,Sarrià,93,5005,1242,2019
2019-01-01,5,Sarrià-Sant Gervasi,23,Sarrià,94,5006,1824,2019
2019-01-01,5,Sarrià-Sant Gervasi,23,Sarrià,95,5007,1805,2019
2019-01-01,5,Sarrià-Sant Gervasi,23,Sarrià,95,5008,1672,2019
2019-01-01,5,Sarrià-Sant Gervasi,23,Sarrià,95,5009,1689,2019
2019-01-01,5,Sarrià-Sant Gervasi,23,Sarrià,95,5010,1565,2019
2019-01-01,5,Sarrià-Sant Gervasi,23,Sarrià,95,5011,1382,2019
2019-01-01,5,Sarrià-Sant Gervasi,23,Sarrià,95,5012,1371,2019
2019-01-01,5,Sarrià-Sant Gervasi,23,Sarrià,95,5013,1673,2019
2019-01-01,5,Sarrià-Sant Gervasi,23,Sarrià,96,5014,1655,2019
2019-01-01,5,Sarrià-Sant Gervasi,23,Sarrià,96,5015,1605,2019
2019-01-01,5,Sarrià-Sant Gervasi,23,Sarrià,96,5016,1934,2019
2019-01-01,5,Sarrià-Sant Gervasi,23,Sarrià,96,5017,1596,2019
2019-01-01,5,Sarrià-Sant Gervasi,23,Sarrià,96,5018,1264,2019
2019-01-01,5,Sarrià-Sant Gervasi,23,Sarrià,96,5019,1723,2019
2019-01-01,5,Sarrià-Sant Gervasi,24,les Tres Torres,97,5020,1127,2019
2019-01-01,5,Sarrià-Sant Gervasi,24,les Tres Torres,97,5021,1328,2019
2019-01-01,5,Sarrià-Sant Gervasi,24,les Tres Torres,98,5022,1798,2019
2019-01-01,5,Sarrià-Sant Gervasi,24,les Tres Torres,98,5023,1494,2019
2019-01-01,5,Sarrià-Sant Gervasi,24,les Tres Torres,98,5024,1943,2019
2019-01-01,5,Sarrià-Sant Gervasi,24,les Tres Torres,99,5025,1292,2019
2019-01-01,5,Sarrià-Sant Gervasi,24,les Tres Torres,99,5026,1427,2019
2019-01-01,5,Sarrià-Sant Gervasi,24,les Tres Torres,99,5027,1449,2019
2019-01-01,5,Sarrià-Sant Gervasi,24,les Tres Torres,99,5028,1700,2019
2019-01-01,5,Sarrià-Sant Gervasi,24,les Tres Torres,99,5029,1727,2019
2019-01-01,5,Sarrià-Sant Gervasi,24,les Tres Torres,99,5030,1410,2019
2019-01-01,5,Sarrià-Sant Gervasi,25,Sant Gervasi - la Bonanova,100,5031,1696,2019
2019-01-01,5,Sarrià-Sant Gervasi,25,Sant Gervasi - la Bonanova,100,5032,1879,2019
2019-01-01,5,Sarrià-Sant Gervasi,25,Sant Gervasi - la Bonanova,101,5033,1401,2019
2019-01-01,5,Sarrià-Sant Gervasi,25,Sant Gervasi - la Bonanova,101,5034,1284,2019
2019-01-01,5,Sarrià-Sant Gervasi,25,Sant Gervasi - la Bonanova,102,5035,1078,2019
2019-01-01,5,Sarrià-Sant Gervasi,25,Sant Gervasi - la Bonanova,102,5036,1763,2019
2019-01-01,5,Sarrià-Sant Gervasi,25,Sant Gervasi - la Bonanova,102,5037,1453,2019
2019-01-01,5,Sarrià-Sant Gervasi,25,Sant Gervasi - la Bonanova,102,5038,1354,2019
2019-01-01,5,Sarrià-Sant Gervasi,25,Sant Gervasi - la Bonanova,102,5039,1527,2019
2019-01-01,5,Sarrià-Sant Gervasi,25,Sant Gervasi - la Bonanova,102,5040,1429,2019
2019-01-01,5,Sarrià-Sant Gervasi,25,Sant Gervasi - la Bonanova,102,5041,1895,2019
2019-01-01,5,Sarrià-Sant Gervasi,25,Sant Gervasi - la Bonanova,103,5042,1311,2019
2019-01-01,5,Sarrià-Sant Gervasi,25,Sant Gervasi - la Bonanova,103,5043,1466,2019
2019-01-01,5,Sarrià-Sant Gervasi,25,Sant Gervasi - la Bonanova,103,5044,1295,2019
2019-01-01,5,Sarrià-Sant Gervasi,25,Sant Gervasi - la Bonanova,103,5045,1607,2019
2019-01-01,5,Sarrià-Sant Gervasi,25,Sant Gervasi - la Bonanova,103,5046,1127,2019
2019-01-01,5,Sarrià-Sant Gervasi,25,Sant Gervasi - la Bonanova,103,5047,1257,2019
2019-01-01,5,Sarrià-Sant Gervasi,25,Sant Gervasi - la Bonanova,103,5048,1286,2019
2019-01-01,5,Sarrià-Sant Gervasi,26,Sant Gervasi - Galvany,104,5049,1663,2019
2019-01-01,5,Sarrià-Sant Gervasi,26,Sant Gervasi - Galvany,104,5050,1636,2019
2019-01-01,5,Sarrià-Sant Gervasi,26,Sant Gervasi - Galvany,104,5051,1653,2019
2019-01-01,5,Sarrià-Sant Gervasi,26,Sant Gervasi - Galvany,104,5052,1508,2019
2019-01-01,5,Sarrià-Sant Gervasi,26,Sant Gervasi - Galvany,105,5053,1496,2019
2019-01-01,5,Sarrià-Sant Gervasi,26,Sant Gervasi - Galvany,105,5054,1055,2019
2019-01-01,5,Sarrià-Sant Gervasi,26,Sant Gervasi - Galvany,105,5055,1469,2019
2019-01-01,5,Sarrià-Sant Gervasi,26,Sant Gervasi - Galvany,106,5056,1244,2019
2019-01-01,5,Sarrià-Sant Gervasi,26,Sant Gervasi - Galvany,106,5057,1685,2019
2019-01-01,5,Sarrià-Sant Gervasi,26,Sant Gervasi - Galvany,106,5058,1568,2019
2019-01-01,5,Sarrià-Sant Gervasi,26,Sant Gervasi - Galvany,106,5059,1589,2019
2019-01-01,5,Sarrià-Sant Gervasi,26,Sant Gervasi - Galvany,106,5060,1153,2019
2019-01-01,5,Sarrià-Sant Gervasi,26,Sant Gervasi - Galvany,107,5061,1497,2019
2019-01-01,5,Sarrià-Sant Gervasi,26,Sant Gervasi - Galvany,107,5062,1588,2019
2019-01-01,5,Sarrià-Sant Gervasi,26,Sant Gervasi - Galvany,107,5063,1591,2019
2019-01-01,5,Sarrià-Sant Gervasi,26,Sant Gervasi - Galvany,107,5064,1588,2019
2019-01-01,5,Sarrià-Sant Gervasi,26,Sant Gervasi - Galvany,107,5065,1720,2019
2019-01-01,5,Sarrià-Sant Gervasi,26,Sant Gervasi - Galvany,108,5066,1305,2019
2019-01-01,5,Sarrià-Sant Gervasi,26,Sant Gervasi - Galvany,108,5067,1303,2019
2019-01-01,5,Sarrià-Sant Gervasi,26,Sant Gervasi - Galvany,108,5068,1520,2019
2019-01-01,5,Sarrià-Sant Gervasi,26,Sant Gervasi - Galvany,108,5069,1767,2019
2019-01-01,5,Sarrià-Sant Gervasi,26,Sant Gervasi - Galvany,109,5070,1461,2019
2019-01-01,5,Sarrià-Sant Gervasi,26,Sant Gervasi - Galvany,109,5071,1669,2019
2019-01-01,5,Sarrià-Sant Gervasi,26,Sant Gervasi - Galvany,109,5072,1742,2019
2019-01-01,5,Sarrià-Sant Gervasi,26,Sant Gervasi - Galvany,109,5073,1629,2019
2019-01-01,5,Sarrià-Sant Gervasi,26,Sant Gervasi - Galvany,109,5074,1690,2019
2019-01-01,5,Sarrià-Sant Gervasi,26,Sant Gervasi - Galvany,110,5075,1855,2019
2019-01-01,5,Sarrià-Sant Gervasi,26,Sant Gervasi - Galvany,110,5076,1390,2019
2019-01-01,5,Sarrià-Sant Gervasi,26,Sant Gervasi - Galvany,110,5077,1511,2019
2019-01-01,5,Sarrià-Sant Gervasi,26,Sant Gervasi - Galvany,110,5078,2161,2019
2019-01-01,5,Sarrià-Sant Gervasi,26,Sant Gervasi - Galvany,110,5079,1287,2019
2019-01-01,5,Sarrià-Sant Gervasi,27,el Putxet i el Farró,111,5080,1405,2019
2019-01-01,5,Sarrià-Sant Gervasi,27,el Putxet i el Farró,111,5081,1587,2019
2019-01-01,5,Sarrià-Sant Gervasi,27,el Putxet i el Farró,111,5082,1664,2019
2019-01-01,5,Sarrià-Sant Gervasi,27,el Putxet i el Farró,111,5083,1297,2019
2019-01-01,5,Sarrià-Sant Gervasi,27,el Putxet i el Farró,111,5084,1299,2019
2019-01-01,5,Sarrià-Sant Gervasi,27,el Putxet i el Farró,111,5085,1340,2019
2019-01-01,5,Sarrià-Sant Gervasi,27,el Putxet i el Farró,111,5086,1299,2019
2019-01-01,5,Sarrià-Sant Gervasi,27,el Putxet i el Farró,111,5087,1541,2019
2019-01-01,5,Sarrià-Sant Gervasi,27,el Putxet i el Farró,112,5088,1776,2019
2019-01-01,5,Sarrià-Sant Gervasi,27,el Putxet i el Farró,112,5089,1727,2019
2019-01-01,5,Sarrià-Sant Gervasi,27,el Putxet i el Farró,112,5090,1916,2019
2019-01-01,5,Sarrià-Sant Gervasi,27,el Putxet i el Farró,112,5091,1552,2019
2019-01-01,5,Sarrià-Sant Gervasi,27,el Putxet i el Farró,112,5092,1573,2019
2019-01-01,5,Sarrià-Sant Gervasi,27,el Putxet i el Farró,113,5093,1125,2019
2019-01-01,5,Sarrià-Sant Gervasi,27,el Putxet i el Farró,113,5094,2681,2019
2019-01-01,5,Sarrià-Sant Gervasi,27,el Putxet i el Farró,113,5095,1663,2019
2019-01-01,5,Sarrià-Sant Gervasi,27,el Putxet i el Farró,113,5096,1133,2019
2019-01-01,5,Sarrià-Sant Gervasi,27,el Putxet i el Farró,113,5097,1654,2019
2019-01-01,5,Sarrià-Sant Gervasi,27,el Putxet i el Farró,113,5098,1554,2019
2019-01-01,6,Gràcia,28,Vallcarca i els Penitents,114,6001,1226,2019
2019-01-01,6,Gràcia,28,Vallcarca i els Penitents,114,6002,1498,2019
2019-01-01,6,Gràcia,28,Vallcarca i els Penitents,114,6003,2302,2019
2019-01-01,6,Gràcia,28,Vallcarca i els Penitents,114,6004,1432,2019
2019-01-01,6,Gràcia,28,Vallcarca i els Penitents,115,6006,1024,2019
2019-01-01,6,Gràcia,28,Vallcarca i els Penitents,115,6007,1903,2019
2019-01-01,6,Gràcia,28,Vallcarca i els Penitents,115,6008,1978,2019
2019-01-01,6,Gràcia,28,Vallcarca i els Penitents,116,6009,1238,2019
2019-01-01,6,Gràcia,28,Vallcarca i els Penitents,116,6010,1076,2019
2019-01-01,6,Gràcia,28,Vallcarca i els Penitents,117,6011,1295,2019
2019-01-01,6,Gràcia,28,Vallcarca i els Penitents,117,6012,1137,2019
2019-01-01,6,Gràcia,29,el Coll,118,6013,1734,2019
2019-01-01,6,Gràcia,29,el Coll,118,6014,1389,2019
2019-01-01,6,Gràcia,29,el Coll,118,6015,1409,2019
2019-01-01,6,Gràcia,29,el Coll,118,6016,1610,2019
2019-01-01,6,Gràcia,29,el Coll,118,6017,1376,2019
2019-01-01,6,Gràcia,30,la Salut,119,6018,1300,2019
2019-01-01,6,Gràcia,30,la Salut,119,6019,1525,2019
2019-01-01,6,Gràcia,30,la Salut,119,6020,1168,2019
2019-01-01,6,Gràcia,30,la Salut,119,6021,1372,2019
2019-01-01,6,Gràcia,30,la Salut,120,6022,1406,2019
2019-01-01,6,Gràcia,30,la Salut,120,6023,1335,2019
2019-01-01,6,Gràcia,30,la Salut,120,6024,1702,2019
2019-01-01,6,Gràcia,30,la Salut,120,6025,1434,2019
2019-01-01,6,Gràcia,30,la Salut,120,6026,996,2019
2019-01-01,6,Gràcia,30,la Salut,120,6027,1193,2019
2019-01-01,6,Gràcia,31,la Vila de Gràcia,121,6028,1328,2019
2019-01-01,6,Gràcia,31,la Vila de Gràcia,121,6029,1285,2019
2019-01-01,6,Gràcia,31,la Vila de Gràcia,121,6030,1316,2019
2019-01-01,6,Gràcia,31,la Vila de Gràcia,121,6031,1108,2019
2019-01-01,6,Gràcia,31,la Vila de Gràcia,121,6032,1200,2019
2019-01-01,6,Gràcia,31,la Vila de Gràcia,122,6033,1294,2019
2019-01-01,6,Gràcia,31,la Vila de Gràcia,122,6034,1258,2019
2019-01-01,6,Gràcia,31,la Vila de Gràcia,122,6035,1042,2019
2019-01-01,6,Gràcia,31,la Vila de Gràcia,122,6036,1500,2019
2019-01-01,6,Gràcia,31,la Vila de Gràcia,123,6037,1122,2019
2019-01-01,6,Gràcia,31,la Vila de Gràcia,123,6038,1476,2019
2019-01-01,6,Gràcia,31,la Vila de Gràcia,123,6039,1632,2019
2019-01-01,6,Gràcia,31,la Vila de Gràcia,124,6040,1646,2019
2019-01-01,6,Gràcia,31,la Vila de Gràcia,124,6041,1808,2019
2019-01-01,6,Gràcia,31,la Vila de Gràcia,124,6042,1780,2019
2019-01-01,6,Gràcia,31,la Vila de Gràcia,125,6043,1283,2019
2019-01-01,6,Gràcia,31,la Vila de Gràcia,125,6044,1575,2019
2019-01-01,6,Gràcia,31,la Vila de Gràcia,126,6045,1300,2019
2019-01-01,6,Gràcia,31,la Vila de Gràcia,126,6046,1180,2019
2019-01-01,6,Gràcia,31,la Vila de Gràcia,126,6047,1284,2019
2019-01-01,6,Gràcia,31,la Vila de Gràcia,126,6048,1394,2019
2019-01-01,6,Gràcia,31,la Vila de Gràcia,127,6049,1188,2019
2019-01-01,6,Gràcia,31,la Vila de Gràcia,127,6050,1283,2019
2019-01-01,6,Gràcia,31,la Vila de Gràcia,127,6051,1261,2019
2019-01-01,6,Gràcia,31,la Vila de Gràcia,128,6052,1543,2019
2019-01-01,6,Gràcia,31,la Vila de Gràcia,128,6053,1525,2019
2019-01-01,6,Gràcia,31,la Vila de Gràcia,128,6054,1606,2019
2019-01-01,6,Gràcia,31,la Vila de Gràcia,129,6055,1457,2019
2019-01-01,6,Gràcia,31,la Vila de Gràcia,129,6056,1553,2019
2019-01-01,6,Gràcia,31,la Vila de Gràcia,129,6057,1516,2019
2019-01-01,6,Gràcia,31,la Vila de Gràcia,129,6058,1685,2019
2019-01-01,6,Gràcia,31,la Vila de Gràcia,129,6059,1521,2019
2019-01-01,6,Gràcia,31,la Vila de Gràcia,130,6060,1771,2019
2019-01-01,6,Gràcia,31,la Vila de Gràcia,130,6061,1316,2019
2019-01-01,6,Gràcia,31,la Vila de Gràcia,130,6062,1250,2019
2019-01-01,6,Gràcia,31,la Vila de Gràcia,130,6063,1517,2019
2019-01-01,6,Gràcia,32,el Camp d'en Grassot i Gràcia Nova,131,6064,1888,2019
2019-01-01,6,Gràcia,32,el Camp d'en Grassot i Gràcia Nova,131,6065,1196,2019
2019-01-01,6,Gràcia,32,el Camp d'en Grassot i Gràcia Nova,131,6066,990,2019
2019-01-01,6,Gràcia,32,el Camp d'en Grassot i Gràcia Nova,131,6067,1799,2019
2019-01-01,6,Gràcia,32,el Camp d'en Grassot i Gràcia Nova,131,6068,1592,2019
2019-01-01,6,Gràcia,32,el Camp d'en Grassot i Gràcia Nova,131,6069,1073,2019
2019-01-01,6,Gràcia,32,el Camp d'en Grassot i Gràcia Nova,131,6070,1874,2019
2019-01-01,6,Gràcia,32,el Camp d'en Grassot i Gràcia Nova,132,6071,1088,2019
2019-01-01,6,Gràcia,32,el Camp d'en Grassot i Gràcia Nova,132,6072,1614,2019
2019-01-01,6,Gràcia,32,el Camp d'en Grassot i Gràcia Nova,132,6073,1357,2019
2019-01-01,6,Gràcia,32,el Camp d'en Grassot i Gràcia Nova,132,6074,1120,2019
2019-01-01,6,Gràcia,32,el Camp d'en Grassot i Gràcia Nova,132,6075,1078,2019
2019-01-01,6,Gràcia,32,el Camp d'en Grassot i Gràcia Nova,132,6076,1333,2019
2019-01-01,6,Gràcia,32,el Camp d'en Grassot i Gràcia Nova,133,6077,1208,2019
2019-01-01,6,Gràcia,32,el Camp d'en Grassot i Gràcia Nova,133,6078,1359,2019
2019-01-01,6,Gràcia,32,el Camp d'en Grassot i Gràcia Nova,133,6079,1116,2019
2019-01-01,6,Gràcia,32,el Camp d'en Grassot i Gràcia Nova,133,6080,1190,2019
2019-01-01,6,Gràcia,32,el Camp d'en Grassot i Gràcia Nova,133,6081,1327,2019
2019-01-01,6,Gràcia,32,el Camp d'en Grassot i Gràcia Nova,134,6082,2426,2019
2019-01-01,6,Gràcia,32,el Camp d'en Grassot i Gràcia Nova,134,6083,1733,2019
2019-01-01,6,Gràcia,32,el Camp d'en Grassot i Gràcia Nova,134,6084,1499,2019
2019-01-01,6,Gràcia,32,el Camp d'en Grassot i Gràcia Nova,134,6085,1257,2019
2019-01-01,6,Gràcia,32,el Camp d'en Grassot i Gràcia Nova,134,6086,1004,2019
2019-01-01,6,Gràcia,32,el Camp d'en Grassot i Gràcia Nova,134,6087,1824,2019
2019-01-01,6,Gràcia,32,el Camp d'en Grassot i Gràcia Nova,134,6088,1254,2019
2019-01-01,7,Horta-Guinardó,33,el Baix Guinardó,135,7001,1583,2019
2019-01-01,7,Horta-Guinardó,33,el Baix Guinardó,135,7002,1154,2019
2019-01-01,7,Horta-Guinardó,33,el Baix Guinardó,135,7003,1343,2019
2019-01-01,7,Horta-Guinardó,33,el Baix Guinardó,135,7004,1548,2019
2019-01-01,7,Horta-Guinardó,33,el Baix Guinardó,135,7005,1495,2019
2019-01-01,7,Horta-Guinardó,33,el Baix Guinardó,135,7006,963,2019
2019-01-01,7,Horta-Guinardó,33,el Baix Guinardó,135,7007,1429,2019
2019-01-01,7,Horta-Guinardó,33,el Baix Guinardó,135,7008,1478,2019
2019-01-01,7,Horta-Guinardó,33,el Baix Guinardó,136,7009,1173,2019
2019-01-01,7,Horta-Guinardó,33,el Baix Guinardó,136,7010,1322,2019
2019-01-01,7,Horta-Guinardó,33,el Baix Guinardó,136,7011,1167,2019
2019-01-01,7,Horta-Guinardó,33,el Baix Guinardó,136,7012,1577,2019
2019-01-01,7,Horta-Guinardó,33,el Baix Guinardó,136,7013,1238,2019
2019-01-01,7,Horta-Guinardó,33,el Baix Guinardó,137,7014,891,2019
2019-01-01,7,Horta-Guinardó,33,el Baix Guinardó,137,7015,1352,2019
2019-01-01,7,Horta-Guinardó,33,el Baix Guinardó,137,7016,1373,2019
2019-01-01,7,Horta-Guinardó,33,el Baix Guinardó,137,7017,1739,2019
2019-01-01,7,Horta-Guinardó,33,el Baix Guinardó,137,7018,1704,2019
2019-01-01,7,Horta-Guinardó,33,el Baix Guinardó,137,7019,1461,2019
2019-01-01,7,Horta-Guinardó,34,Can Baró,138,7020,1728,2019
2019-01-01,7,Horta-Guinardó,34,Can Baró,138,7021,1040,2019
2019-01-01,7,Horta-Guinardó,34,Can Baró,138,7022,1149,2019
2019-01-01,7,Horta-Guinardó,34,Can Baró,138,7023,1320,2019
2019-01-01,7,Horta-Guinardó,34,Can Baró,138,7024,1467,2019
2019-01-01,7,Horta-Guinardó,34,Can Baró,138,7025,1440,2019
2019-01-01,7,Horta-Guinardó,34,Can Baró,138,7026,1103,2019
2019-01-01,7,Horta-Guinardó,35,el Guinardó,139,7027,2113,2019
2019-01-01,7,Horta-Guinardó,35,el Guinardó,139,7028,1496,2019
2019-01-01,7,Horta-Guinardó,35,el Guinardó,139,7029,1293,2019
2019-01-01,7,Horta-Guinardó,35,el Guinardó,139,7030,1413,2019
2019-01-01,7,Horta-Guinardó,35,el Guinardó,140,7031,1566,2019
2019-01-01,7,Horta-Guinardó,35,el Guinardó,140,7032,1441,2019
2019-01-01,7,Horta-Guinardó,35,el Guinardó,140,7033,1450,2019
2019-01-01,7,Horta-Guinardó,35,el Guinardó,140,7034,1889,2019
2019-01-01,7,Horta-Guinardó,35,el Guinardó,140,7035,1772,2019
2019-01-01,7,Horta-Guinardó,35,el Guinardó,140,7036,1397,2019
2019-01-01,7,Horta-Guinardó,35,el Guinardó,140,7037,1492,2019
2019-01-01,7,Horta-Guinardó,35,el Guinardó,140,7038,1279,2019
2019-01-01,7,Horta-Guinardó,35,el Guinardó,141,7039,1591,2019
2019-01-01,7,Horta-Guinardó,35,el Guinardó,141,7040,1446,2019
2019-01-01,7,Horta-Guinardó,35,el Guinardó,141,7041,1387,2019
2019-01-01,7,Horta-Guinardó,35,el Guinardó,142,7042,1531,2019
2019-01-01,7,Horta-Guinardó,35,el Guinardó,142,7043,1419,2019
2019-01-01,7,Horta-Guinardó,35,el Guinardó,142,7044,1306,2019
2019-01-01,7,Horta-Guinardó,35,el Guinardó,142,7045,1554,2019
2019-01-01,7,Horta-Guinardó,35,el Guinardó,142,7046,1396,2019
2019-01-01,7,Horta-Guinardó,35,el Guinardó,143,7047,1507,2019
2019-01-01,7,Horta-Guinardó,35,el Guinardó,143,7048,1298,2019
2019-01-01,7,Horta-Guinardó,35,el Guinardó,143,7049,1204,2019
2019-01-01,7,Horta-Guinardó,35,el Guinardó,143,7050,1196,2019
2019-01-01,7,Horta-Guinardó,35,el Guinardó,143,7051,1780,2019
2019-01-01,7,Horta-Guinardó,36,la Font d'en Fargues,144,7052,1242,2019
2019-01-01,7,Horta-Guinardó,36,la Font d'en Fargues,144,7053,1487,2019
2019-01-01,7,Horta-Guinardó,36,la Font d'en Fargues,144,7054,1593,2019
2019-01-01,7,Horta-Guinardó,36,la Font d'en Fargues,145,7055,1188,2019
2019-01-01,7,Horta-Guinardó,36,la Font d'en Fargues,145,7056,1179,2019
2019-01-01,7,Horta-Guinardó,36,la Font d'en Fargues,145,7057,1447,2019
2019-01-01,7,Horta-Guinardó,36,la Font d'en Fargues,145,7058,1370,2019
2019-01-01,7,Horta-Guinardó,37,el Carmel,146,7059,1313,2019
2019-01-01,7,Horta-Guinardó,37,el Carmel,146,7060,1869,2019
2019-01-01,7,Horta-Guinardó,37,el Carmel,147,7061,1225,2019
2019-01-01,7,Horta-Guinardó,37,el Carmel,147,7062,1341,2019
2019-01-01,7,Horta-Guinardó,37,el Carmel,147,7063,1470,2019
2019-01-01,7,Horta-Guinardó,37,el Carmel,147,7064,1654,2019
2019-01-01,7,Horta-Guinardó,37,el Carmel,147,7065,1693,2019
2019-01-01,7,Horta-Guinardó,37,el Carmel,147,7066,1824,2019
2019-01-01,7,Horta-Guinardó,37,el Carmel,147,7067,1524,2019
2019-01-01,7,Horta-Guinardó,37,el Carmel,147,7068,1279,2019
2019-01-01,7,Horta-Guinardó,37,el Carmel,147,7069,1384,2019
2019-01-01,7,Horta-Guinardó,37,el Carmel,147,7070,1464,2019
2019-01-01,7,Horta-Guinardó,37,el Carmel,148,7071,1356,2019
2019-01-01,7,Horta-Guinardó,37,el Carmel,148,7072,1392,2019
2019-01-01,7,Horta-Guinardó,37,el Carmel,148,7073,1149,2019
2019-01-01,7,Horta-Guinardó,37,el Carmel,148,7074,1730,2019
2019-01-01,7,Horta-Guinardó,37,el Carmel,148,7075,1187,2019
2019-01-01,7,Horta-Guinardó,37,el Carmel,148,7076,1350,2019
2019-01-01,7,Horta-Guinardó,37,el Carmel,148,7077,1349,2019
2019-01-01,7,Horta-Guinardó,37,el Carmel,148,7078,1390,2019
2019-01-01,7,Horta-Guinardó,37,el Carmel,148,7079,1399,2019
2019-01-01,7,Horta-Guinardó,37,el Carmel,148,7080,1833,2019
2019-01-01,7,Horta-Guinardó,38,la Teixonera,149,7081,1968,2019
2019-01-01,7,Horta-Guinardó,38,la Teixonera,149,7082,1294,2019
2019-01-01,7,Horta-Guinardó,38,la Teixonera,149,7083,1294,2019
2019-01-01,7,Horta-Guinardó,38,la Teixonera,149,7084,1304,2019
2019-01-01,7,Horta-Guinardó,38,la Teixonera,149,7085,1281,2019
2019-01-01,7,Horta-Guinardó,38,la Teixonera,149,7086,1408,2019
2019-01-01,7,Horta-Guinardó,38,la Teixonera,149,7087,1616,2019
2019-01-01,7,Horta-Guinardó,38,la Teixonera,149,7088,1624,2019
2019-01-01,7,Horta-Guinardó,39,Sant Genís dels Agudells,150,7089,1363,2019
2019-01-01,7,Horta-Guinardó,39,Sant Genís dels Agudells,150,7090,1435,2019
2019-01-01,7,Horta-Guinardó,39,Sant Genís dels Agudells,150,7091,1199,2019
2019-01-01,7,Horta-Guinardó,39,Sant Genís dels Agudells,150,7092,1484,2019
2019-01-01,7,Horta-Guinardó,39,Sant Genís dels Agudells,150,7093,1765,2019
2019-01-01,7,Horta-Guinardó,40,Montbau,151,7094,1215,2019
2019-01-01,7,Horta-Guinardó,40,Montbau,151,7095,1572,2019
2019-01-01,7,Horta-Guinardó,40,Montbau,151,7096,1413,2019
2019-01-01,7,Horta-Guinardó,40,Montbau,151,7097,926,2019
2019-01-01,7,Horta-Guinardó,41,la Vall d'Hebron,152,7098,2138,2019
2019-01-01,7,Horta-Guinardó,41,la Vall d'Hebron,152,7099,1050,2019
2019-01-01,7,Horta-Guinardó,41,la Vall d'Hebron,152,7100,1196,2019
2019-01-01,7,Horta-Guinardó,41,la Vall d'Hebron,152,7101,1419,2019
2019-01-01,7,Horta-Guinardó,42,la Clota,153,7102,686,2019
2019-01-01,7,Horta-Guinardó,43,Horta,154,7103,1611,2019
2019-01-01,7,Horta-Guinardó,43,Horta,154,7104,1600,2019
2019-01-01,7,Horta-Guinardó,43,Horta,154,7105,1080,2019
2019-01-01,7,Horta-Guinardó,43,Horta,154,7106,1193,2019
2019-01-01,7,Horta-Guinardó,43,Horta,154,7107,1222,2019
2019-01-01,7,Horta-Guinardó,43,Horta,154,7108,1227,2019
2019-01-01,7,Horta-Guinardó,43,Horta,154,7109,1596,2019
2019-01-01,7,Horta-Guinardó,43,Horta,154,7110,1036,2019
2019-01-01,7,Horta-Guinardó,43,Horta,154,7111,898,2019
2019-01-01,7,Horta-Guinardó,43,Horta,155,7112,1269,2019
2019-01-01,7,Horta-Guinardó,43,Horta,155,7113,1209,2019
2019-01-01,7,Horta-Guinardó,43,Horta,155,7114,1200,2019
2019-01-01,7,Horta-Guinardó,43,Horta,155,7115,1067,2019
2019-01-01,7,Horta-Guinardó,43,Horta,155,7116,1522,2019
2019-01-01,7,Horta-Guinardó,43,Horta,155,7117,2077,2019
2019-01-01,7,Horta-Guinardó,43,Horta,155,7118,1274,2019
2019-01-01,7,Horta-Guinardó,43,Horta,156,7119,1228,2019
2019-01-01,7,Horta-Guinardó,43,Horta,156,7120,1236,2019
2019-01-01,7,Horta-Guinardó,43,Horta,156,7121,1177,2019
2019-01-01,7,Horta-Guinardó,43,Horta,156,7122,1327,2019
2019-01-01,7,Horta-Guinardó,43,Horta,156,7123,1433,2019
2019-01-01,8,Nou Barris,44,Vilapicina i la Torre Llobeta,157,8001,1249,2019
2019-01-01,8,Nou Barris,44,Vilapicina i la Torre Llobeta,157,8002,1261,2019
2019-01-01,8,Nou Barris,44,Vilapicina i la Torre Llobeta,157,8003,1264,2019
2019-01-01,8,Nou Barris,44,Vilapicina i la Torre Llobeta,157,8004,1440,2019
2019-01-01,8,Nou Barris,44,Vilapicina i la Torre Llobeta,157,8005,1184,2019
2019-01-01,8,Nou Barris,44,Vilapicina i la Torre Llobeta,157,8006,1529,2019
2019-01-01,8,Nou Barris,44,Vilapicina i la Torre Llobeta,157,8007,1229,2019
2019-01-01,8,Nou Barris,44,Vilapicina i la Torre Llobeta,157,8008,1621,2019
2019-01-01,8,Nou Barris,44,Vilapicina i la Torre Llobeta,158,8009,1763,2019
2019-01-01,8,Nou Barris,44,Vilapicina i la Torre Llobeta,159,8010,1080,2019
2019-01-01,8,Nou Barris,44,Vilapicina i la Torre Llobeta,159,8011,1198,2019
2019-01-01,8,Nou Barris,44,Vilapicina i la Torre Llobeta,159,8012,1334,2019
2019-01-01,8,Nou Barris,44,Vilapicina i la Torre Llobeta,159,8013,1196,2019
2019-01-01,8,Nou Barris,44,Vilapicina i la Torre Llobeta,159,8014,1267,2019
2019-01-01,8,Nou Barris,44,Vilapicina i la Torre Llobeta,160,8015,1433,2019
2019-01-01,8,Nou Barris,44,Vilapicina i la Torre Llobeta,160,8016,1152,2019
2019-01-01,8,Nou Barris,44,Vilapicina i la Torre Llobeta,160,8017,1331,2019
2019-01-01,8,Nou Barris,44,Vilapicina i la Torre Llobeta,160,8018,1575,2019
2019-01-01,8,Nou Barris,44,Vilapicina i la Torre Llobeta,160,8019,1789,2019
2019-01-01,8,Nou Barris,45,Porta,161,8020,1377,2019
2019-01-01,8,Nou Barris,45,Porta,161,8021,1506,2019
2019-01-01,8,Nou Barris,45,Porta,161,8022,1253,2019
2019-01-01,8,Nou Barris,45,Porta,161,8023,1418,2019
2019-01-01,8,Nou Barris,45,Porta,161,8024,1396,2019
2019-01-01,8,Nou Barris,45,Porta,161,8025,1232,2019
2019-01-01,8,Nou Barris,45,Porta,161,8026,1426,2019
2019-01-01,8,Nou Barris,45,Porta,162,8027,1412,2019
2019-01-01,8,Nou Barris,45,Porta,162,8028,1085,2019
2019-01-01,8,Nou Barris,45,Porta,162,8029,1540,2019
2019-01-01,8,Nou Barris,45,Porta,162,8030,1531,2019
2019-01-01,8,Nou Barris,45,Porta,163,8031,1315,2019
2019-01-01,8,Nou Barris,45,Porta,163,8032,1298,2019
2019-01-01,8,Nou Barris,45,Porta,163,8033,1458,2019
2019-01-01,8,Nou Barris,45,Porta,163,8034,1245,2019
2019-01-01,8,Nou Barris,45,Porta,163,8035,2973,2019
2019-01-01,8,Nou Barris,45,Porta,163,8036,1531,2019
2019-01-01,8,Nou Barris,45,Porta,163,8037,1561,2019
2019-01-01,8,Nou Barris,46,el Turó de la Peira,164,8038,1533,2019
2019-01-01,8,Nou Barris,46,el Turó de la Peira,164,8039,1517,2019
2019-01-01,8,Nou Barris,46,el Turó de la Peira,164,8040,1757,2019
2019-01-01,8,Nou Barris,46,el Turó de la Peira,164,8041,2448,2019
2019-01-01,8,Nou Barris,46,el Turó de la Peira,164,8042,1283,2019
2019-01-01,8,Nou Barris,46,el Turó de la Peira,164,8043,1133,2019
2019-01-01,8,Nou Barris,46,el Turó de la Peira,165,8044,1384,2019
2019-01-01,8,Nou Barris,46,el Turó de la Peira,165,8045,1759,2019
2019-01-01,8,Nou Barris,46,el Turó de la Peira,165,8046,1374,2019
2019-01-01,8,Nou Barris,46,el Turó de la Peira,165,8047,1595,2019
2019-01-01,8,Nou Barris,47,Can Peguera,166,8048,1007,2019
2019-01-01,8,Nou Barris,47,Can Peguera,166,8049,1282,2019
2019-01-01,8,Nou Barris,48,la Guineueta,167,8050,1441,2019
2019-01-01,8,Nou Barris,48,la Guineueta,167,8051,1380,2019
2019-01-01,8,Nou Barris,48,la Guineueta,167,8052,888,2019
2019-01-01,8,Nou Barris,48,la Guineueta,167,8053,1157,2019
2019-01-01,8,Nou Barris,48,la Guineueta,167,8054,1696,2019
2019-01-01,8,Nou Barris,48,la Guineueta,167,8055,1854,2019
2019-01-01,8,Nou Barris,48,la Guineueta,167,8215,1520,2019
2019-01-01,8,Nou Barris,48,la Guineueta,168,8056,1505,2019
2019-01-01,8,Nou Barris,48,la Guineueta,168,8057,1332,2019
2019-01-01,8,Nou Barris,48,la Guineueta,168,8058,1631,2019
2019-01-01,8,Nou Barris,48,la Guineueta,168,8059,994,2019
2019-01-01,8,Nou Barris,49,Canyelles,169,8060,1189,2019
2019-01-01,8,Nou Barris,49,Canyelles,169,8061,1630,2019
2019-01-01,8,Nou Barris,49,Canyelles,169,8062,1165,2019
2019-01-01,8,Nou Barris,49,Canyelles,169,8063,1098,2019
2019-01-01,8,Nou Barris,49,Canyelles,169,8064,1802,2019
2019-01-01,8,Nou Barris,50,les Roquetes,170,8065,1751,2019
2019-01-01,8,Nou Barris,50,les Roquetes,170,8066,1622,2019
2019-01-01,8,Nou Barris,50,les Roquetes,170,8067,1782,2019
2019-01-01,8,Nou Barris,50,les Roquetes,170,8068,1949,2019
2019-01-01,8,Nou Barris,50,les Roquetes,170,8069,1523,2019
2019-01-01,8,Nou Barris,50,les Roquetes,171,8070,1498,2019
2019-01-01,8,Nou Barris,50,les Roquetes,171,8071,1698,2019
2019-01-01,8,Nou Barris,50,les Roquetes,171,8072,1213,2019
2019-01-01,8,Nou Barris,50,les Roquetes,171,8073,1690,2019
2019-01-01,8,Nou Barris,50,les Roquetes,171,8074,1503,2019
2019-01-01,8,Nou Barris,51,Verdun,172,8075,1909,2019
2019-01-01,8,Nou Barris,51,Verdun,172,8076,1574,2019
2019-01-01,8,Nou Barris,51,Verdun,172,8077,1390,2019
2019-01-01,8,Nou Barris,51,Verdun,173,8078,1552,2019
2019-01-01,8,Nou Barris,51,Verdun,173,8079,1427,2019
2019-01-01,8,Nou Barris,51,Verdun,173,8080,1487,2019
2019-01-01,8,Nou Barris,51,Verdun,173,8081,1667,2019
2019-01-01,8,Nou Barris,51,Verdun,173,8082,1572,2019
2019-01-01,8,Nou Barris,52,la Prosperitat,174,8083,1286,2019
2019-01-01,8,Nou Barris,52,la Prosperitat,174,8084,1172,2019
2019-01-01,8,Nou Barris,52,la Prosperitat,174,8085,1472,2019
2019-01-01,8,Nou Barris,52,la Prosperitat,174,8086,1705,2019
2019-01-01,8,Nou Barris,52,la Prosperitat,175,8087,1240,2019
2019-01-01,8,Nou Barris,52,la Prosperitat,175,8088,1285,2019
2019-01-01,8,Nou Barris,52,la Prosperitat,175,8089,1265,2019
2019-01-01,8,Nou Barris,52,la Prosperitat,175,8090,1235,2019
2019-01-01,8,Nou Barris,52,la Prosperitat,175,8091,1227,2019
2019-01-01,8,Nou Barris,52,la Prosperitat,176,8092,991,2019
2019-01-01,8,Nou Barris,52,la Prosperitat,176,8093,1293,2019
2019-01-01,8,Nou Barris,52,la Prosperitat,176,8094,1471,2019
2019-01-01,8,Nou Barris,52,la Prosperitat,176,8095,1071,2019
2019-01-01,8,Nou Barris,52,la Prosperitat,177,8096,1531,2019
2019-01-01,8,Nou Barris,52,la Prosperitat,177,8097,1371,2019
2019-01-01,8,Nou Barris,52,la Prosperitat,177,8098,1291,2019
2019-01-01,8,Nou Barris,52,la Prosperitat,177,8099,1389,2019
2019-01-01,8,Nou Barris,52,la Prosperitat,177,8100,1279,2019
2019-01-01,8,Nou Barris,52,la Prosperitat,177,8101,1749,2019
2019-01-01,8,Nou Barris,52,la Prosperitat,177,8102,1532,2019
2019-01-01,8,Nou Barris,53,la Trinitat Nova,178,8103,1691,2019
2019-01-01,8,Nou Barris,53,la Trinitat Nova,178,8104,1306,2019
2019-01-01,8,Nou Barris,53,la Trinitat Nova,178,8105,1507,2019
2019-01-01,8,Nou Barris,53,la Trinitat Nova,178,8106,1268,2019
2019-01-01,8,Nou Barris,53,la Trinitat Nova,178,8107,1848,2019
2019-01-01,8,Nou Barris,54,Torre Baró,179,8108,1939,2019
2019-01-01,8,Nou Barris,54,Torre Baró,179,8109,992,2019
2019-01-01,8,Nou Barris,55,Ciutat Meridiana,180,8110,1944,2019
2019-01-01,8,Nou Barris,55,Ciutat Meridiana,180,8111,1699,2019
2019-01-01,8,Nou Barris,55,Ciutat Meridiana,180,8112,1763,2019
2019-01-01,8,Nou Barris,55,Ciutat Meridiana,180,8113,1817,2019
2019-01-01,8,Nou Barris,55,Ciutat Meridiana,180,8114,1923,2019
2019-01-01,8,Nou Barris,55,Ciutat Meridiana,180,8115,1718,2019
2019-01-01,8,Nou Barris,56,Vallbona,181,8116,1407,2019
2019-01-01,9,Sant Andreu,57,la Trinitat Vella,182,9001,2662,2019
2019-01-01,9,Sant Andreu,57,la Trinitat Vella,182,9002,2168,2019
2019-01-01,9,Sant Andreu,57,la Trinitat Vella,182,9003,2205,2019
2019-01-01,9,Sant Andreu,57,la Trinitat Vella,182,9004,1684,2019
2019-01-01,9,Sant Andreu,57,la Trinitat Vella,182,9005,1618,2019
2019-01-01,9,Sant Andreu,58,Baró de Viver,183,9006,1277,2019
2019-01-01,9,Sant Andreu,58,Baró de Viver,183,9007,1327,2019
2019-01-01,9,Sant Andreu,59,el Bon Pastor,184,9008,1907,2019
2019-01-01,9,Sant Andreu,59,el Bon Pastor,184,9009,1441,2019
2019-01-01,9,Sant Andreu,59,el Bon Pastor,185,9010,1814,2019
2019-01-01,9,Sant Andreu,59,el Bon Pastor,185,9011,1750,2019
2019-01-01,9,Sant Andreu,59,el Bon Pastor,185,9013,1957,2019
2019-01-01,9,Sant Andreu,59,el Bon Pastor,185,9014,2416,2019
2019-01-01,9,Sant Andreu,59,el Bon Pastor,185,9015,1841,2019
2019-01-01,9,Sant Andreu,60,Sant Andreu,186,9016,1368,2019
2019-01-01,9,Sant Andreu,60,Sant Andreu,186,9017,1541,2019
2019-01-01,9,Sant Andreu,60,Sant Andreu,186,9018,1468,2019
2019-01-01,9,Sant Andreu,60,Sant Andreu,186,9019,2667,2019
2019-01-01,9,Sant Andreu,60,Sant Andreu,186,9020,1140,2019
2019-01-01,9,Sant Andreu,60,Sant Andreu,186,9021,1415,2019
2019-01-01,9,Sant Andreu,60,Sant Andreu,186,9022,1254,2019
2019-01-01,9,Sant Andreu,60,Sant Andreu,186,9023,1219,2019
2019-01-01,9,Sant Andreu,60,Sant Andreu,187,9024,1156,2019
2019-01-01,9,Sant Andreu,60,Sant Andreu,187,9025,1224,2019
2019-01-01,9,Sant Andreu,60,Sant Andreu,187,9026,1572,2019
2019-01-01,9,Sant Andreu,60,Sant Andreu,187,9027,1292,2019
2019-01-01,9,Sant Andreu,60,Sant Andreu,188,9028,1619,2019
2019-01-01,9,Sant Andreu,60,Sant Andreu,188,9029,1131,2019
2019-01-01,9,Sant Andreu,60,Sant Andreu,188,9030,1492,2019
2019-01-01,9,Sant Andreu,60,Sant Andreu,188,9031,1186,2019
2019-01-01,9,Sant Andreu,60,Sant Andreu,189,9032,2206,2019
2019-01-01,9,Sant Andreu,60,Sant Andreu,189,9033,3204,2019
2019-01-01,9,Sant Andreu,60,Sant Andreu,190,9034,1428,2019
2019-01-01,9,Sant Andreu,60,Sant Andreu,190,9035,1520,2019
2019-01-01,9,Sant Andreu,60,Sant Andreu,190,9036,1390,2019
2019-01-01,9,Sant Andreu,60,Sant Andreu,190,9037,1477,2019
2019-01-01,9,Sant Andreu,60,Sant Andreu,190,9038,1658,2019
2019-01-01,9,Sant Andreu,60,Sant Andreu,190,9039,1541,2019
2019-01-01,9,Sant Andreu,60,Sant Andreu,191,9040,1577,2019
2019-01-01,9,Sant Andreu,60,Sant Andreu,191,9041,1405,2019
2019-01-01,9,Sant Andreu,60,Sant Andreu,191,9042,1246,2019
2019-01-01,9,Sant Andreu,60,Sant Andreu,191,9043,1329,2019
2019-01-01,9,Sant Andreu,60,Sant Andreu,191,9044,1463,2019
2019-01-01,9,Sant Andreu,60,Sant Andreu,191,9045,1453,2019
2019-01-01,9,Sant Andreu,60,Sant Andreu,192,9046,1325,2019
2019-01-01,9,Sant Andreu,60,Sant Andreu,192,9047,1574,2019
2019-01-01,9,Sant Andreu,60,Sant Andreu,192,9048,1397,2019
2019-01-01,9,Sant Andreu,60,Sant Andreu,192,9049,1306,2019
2019-01-01,9,Sant Andreu,60,Sant Andreu,192,9050,1594,2019
2019-01-01,9,Sant Andreu,60,Sant Andreu,192,9051,1228,2019
2019-01-01,9,Sant Andreu,60,Sant Andreu,192,9052,1183,2019
2019-01-01,9,Sant Andreu,60,Sant Andreu,192,9053,1589,2019
2019-01-01,9,Sant Andreu,60,Sant Andreu,192,9054,1124,2019
2019-01-01,9,Sant Andreu,61,la Sagrera,193,9055,1739,2019
2019-01-01,9,Sant Andreu,61,la Sagrera,193,9056,1148,2019
2019-01-01,9,Sant Andreu,61,la Sagrera,193,9057,1599,2019
2019-01-01,9,Sant Andreu,61,la Sagrera,193,9058,1511,2019
2019-01-01,9,Sant Andreu,61,la Sagrera,193,9059,1450,2019
2019-01-01,9,Sant Andreu,61,la Sagrera,193,9060,1324,2019
2019-01-01,9,Sant Andreu,61,la Sagrera,193,9156,1266,2019
2019-01-01,9,Sant Andreu,61,la Sagrera,194,9061,1702,2019
2019-01-01,9,Sant Andreu,61,la Sagrera,194,9062,1165,2019
2019-01-01,9,Sant Andreu,61,la Sagrera,195,9063,1155,2019
2019-01-01,9,Sant Andreu,61,la Sagrera,195,9064,1210,2019
2019-01-01,9,Sant Andreu,61,la Sagrera,195,9065,2105,2019
2019-01-01,9,Sant Andreu,61,la Sagrera,195,9066,1447,2019
2019-01-01,9,Sant Andreu,61,la Sagrera,195,9067,1497,2019
2019-01-01,9,Sant Andreu,61,la Sagrera,196,9068,1567,2019
2019-01-01,9,Sant Andreu,61,la Sagrera,196,9069,916,2019
2019-01-01,9,Sant Andreu,61,la Sagrera,196,9070,1715,2019
2019-01-01,9,Sant Andreu,61,la Sagrera,196,9071,1905,2019
2019-01-01,9,Sant Andreu,61,la Sagrera,196,9072,1521,2019
2019-01-01,9,Sant Andreu,61,la Sagrera,196,9073,1547,2019
2019-01-01,9,Sant Andreu,62,el Congrés i els Indians,197,9074,1632,2019
2019-01-01,9,Sant Andreu,62,el Congrés i els Indians,197,9075,1576,2019
2019-01-01,9,Sant Andreu,62,el Congrés i els Indians,197,9076,1463,2019
2019-01-01,9,Sant Andreu,62,el Congrés i els Indians,197,9077,1609,2019
2019-01-01,9,Sant Andreu,62,el Congrés i els Indians,198,9078,1496,2019
2019-01-01,9,Sant Andreu,62,el Congrés i els Indians,198,9079,1644,2019
2019-01-01,9,Sant Andreu,62,el Congrés i els Indians,198,9080,1363,2019
2019-01-01,9,Sant Andreu,62,el Congrés i els Indians,198,9081,1755,2019
2019-01-01,9,Sant Andreu,62,el Congrés i els Indians,198,9082,2019,2019
2019-01-01,9,Sant Andreu,63,Navas,199,9083,1616,2019
2019-01-01,9,Sant Andreu,63,Navas,199,9084,1777,2019
2019-01-01,9,Sant Andreu,63,Navas,199,9085,1734,2019
2019-01-01,9,Sant Andreu,63,Navas,199,9086,1448,2019
2019-01-01,9,Sant Andreu,63,Navas,199,9087,1316,2019
2019-01-01,9,Sant Andreu,63,Navas,199,9088,1929,2019
2019-01-01,9,Sant Andreu,63,Navas,199,9089,1500,2019
2019-01-01,9,Sant Andreu,63,Navas,200,9090,1617,2019
2019-01-01,9,Sant Andreu,63,Navas,200,9091,1882,2019
2019-01-01,9,Sant Andreu,63,Navas,200,9092,1964,2019
2019-01-01,9,Sant Andreu,63,Navas,200,9093,1338,2019
2019-01-01,9,Sant Andreu,63,Navas,200,9094,2074,2019
2019-01-01,9,Sant Andreu,63,Navas,200,9095,2084,2019
2019-01-01,10,Sant Martí,64,el Camp de l'Arpa del Clot,201,10001,1613,2019
2019-01-01,10,Sant Martí,64,el Camp de l'Arpa del Clot,201,10002,1798,2019
2019-01-01,10,Sant Martí,64,el Camp de l'Arpa del Clot,201,10003,1596,2019
2019-01-01,10,Sant Martí,64,el Camp de l'Arpa del Clot,201,10004,1569,2019
2019-01-01,10,Sant Martí,64,el Camp de l'Arpa del Clot,201,10005,1676,2019
2019-01-01,10,Sant Martí,64,el Camp de l'Arpa del Clot,202,10006,1805,2019
2019-01-01,10,Sant Martí,64,el Camp de l'Arpa del Clot,202,10007,1312,2019
2019-01-01,10,Sant Martí,64,el Camp de l'Arpa del Clot,202,10008,1717,2019
2019-01-01,10,Sant Martí,64,el Camp de l'Arpa del Clot,202,10009,1579,2019
2019-01-01,10,Sant Martí,64,el Camp de l'Arpa del Clot,202,10010,1746,2019
2019-01-01,10,Sant Martí,64,el Camp de l'Arpa del Clot,202,10011,1203,2019
2019-01-01,10,Sant Martí,64,el Camp de l'Arpa del Clot,203,10012,1835,2019
2019-01-01,10,Sant Martí,64,el Camp de l'Arpa del Clot,203,10013,1442,2019
2019-01-01,10,Sant Martí,64,el Camp de l'Arpa del Clot,203,10014,1463,2019
2019-01-01,10,Sant Martí,64,el Camp de l'Arpa del Clot,203,10015,1895,2019
2019-01-01,10,Sant Martí,64,el Camp de l'Arpa del Clot,203,10016,1270,2019
2019-01-01,10,Sant Martí,64,el Camp de l'Arpa del Clot,203,10017,1721,2019
2019-01-01,10,Sant Martí,64,el Camp de l'Arpa del Clot,203,10018,1463,2019
2019-01-01,10,Sant Martí,64,el Camp de l'Arpa del Clot,204,10019,1619,2019
2019-01-01,10,Sant Martí,64,el Camp de l'Arpa del Clot,204,10020,1489,2019
2019-01-01,10,Sant Martí,64,el Camp de l'Arpa del Clot,204,10021,1380,2019
2019-01-01,10,Sant Martí,64,el Camp de l'Arpa del Clot,204,10022,1355,2019
2019-01-01,10,Sant Martí,64,el Camp de l'Arpa del Clot,204,10023,1493,2019
2019-01-01,10,Sant Martí,64,el Camp de l'Arpa del Clot,204,10024,1504,2019
2019-01-01,10,Sant Martí,64,el Camp de l'Arpa del Clot,204,10025,1369,2019
2019-01-01,10,Sant Martí,65,el Clot,205,10026,1541,2019
2019-01-01,10,Sant Martí,65,el Clot,205,10027,1515,2019
2019-01-01,10,Sant Martí,65,el Clot,205,10028,1853,2019
2019-01-01,10,Sant Martí,65,el Clot,205,10029,1509,2019
2019-01-01,10,Sant Martí,65,el Clot,205,10030,1790,2019
2019-01-01,10,Sant Martí,65,el Clot,205,10031,1590,2019
2019-01-01,10,Sant Martí,65,el Clot,206,10032,1424,2019
2019-01-01,10,Sant Martí,65,el Clot,206,10033,886,2019
2019-01-01,10,Sant Martí,65,el Clot,206,10034,1705,2019
2019-01-01,10,Sant Martí,65,el Clot,206,10035,2005,2019
2019-01-01,10,Sant Martí,65,el Clot,206,10036,1455,2019
2019-01-01,10,Sant Martí,65,el Clot,206,10037,1087,2019
2019-01-01,10,Sant Martí,65,el Clot,206,10234,1850,2019
2019-01-01,10,Sant Martí,65,el Clot,207,10038,1629,2019
2019-01-01,10,Sant Martí,65,el Clot,207,10039,1842,2019
2019-01-01,10,Sant Martí,65,el Clot,207,10040,1848,2019
2019-01-01,10,Sant Martí,65,el Clot,207,10041,1654,2019
2019-01-01,10,Sant Martí,66,el Parc i la Llacuna del Poblenou,208,10042,2850,2019
2019-01-01,10,Sant Martí,66,el Parc i la Llacuna del Poblenou,208,10043,2284,2019
2019-01-01,10,Sant Martí,66,el Parc i la Llacuna del Poblenou,209,10044,1587,2019
2019-01-01,10,Sant Martí,66,el Parc i la Llacuna del Poblenou,209,10045,1291,2019
2019-01-01,10,Sant Martí,66,el Parc i la Llacuna del Poblenou,209,10046,1224,2019
2019-01-01,10,Sant Martí,66,el Parc i la Llacuna del Poblenou,209,10047,1871,2019
2019-01-01,10,Sant Martí,66,el Parc i la Llacuna del Poblenou,209,10048,1714,2019
2019-01-01,10,Sant Martí,66,el Parc i la Llacuna del Poblenou,209,10049,1284,2019
2019-01-01,10,Sant Martí,66,el Parc i la Llacuna del Poblenou,209,10050,1608,2019
2019-01-01,10,Sant Martí,67,la Vila Olímpica del Poblenou,210,10051,1598,2019
2019-01-01,10,Sant Martí,67,la Vila Olímpica del Poblenou,210,10052,2438,2019
2019-01-01,10,Sant Martí,67,la Vila Olímpica del Poblenou,210,10053,1728,2019
2019-01-01,10,Sant Martí,67,la Vila Olímpica del Poblenou,210,10054,981,2019
2019-01-01,10,Sant Martí,67,la Vila Olímpica del Poblenou,211,10055,2603,2019
2019-01-01,10,Sant Martí,68,el Poblenou,212,10056,1946,2019
2019-01-01,10,Sant Martí,68,el Poblenou,212,10057,1409,2019
2019-01-01,10,Sant Martí,68,el Poblenou,212,10058,1164,2019
2019-01-01,10,Sant Martí,68,el Poblenou,213,10059,1713,2019
2019-01-01,10,Sant Martí,68,el Poblenou,213,10060,1652,2019
2019-01-01,10,Sant Martí,68,el Poblenou,213,10061,1792,2019
2019-01-01,10,Sant Martí,68,el Poblenou,213,10062,1514,2019
2019-01-01,10,Sant Martí,68,el Poblenou,214,10063,1218,2019
2019-01-01,10,Sant Martí,68,el Poblenou,214,10064,1723,2019
2019-01-01,10,Sant Martí,68,el Poblenou,214,10065,1618,2019
2019-01-01,10,Sant Martí,68,el Poblenou,214,10066,2142,2019
2019-01-01,10,Sant Martí,68,el Poblenou,214,10067,1940,2019
2019-01-01,10,Sant Martí,68,el Poblenou,214,10068,1609,2019
2019-01-01,10,Sant Martí,68,el Poblenou,215,10069,2560,2019
2019-01-01,10,Sant Martí,68,el Poblenou,215,10070,1675,2019
2019-01-01,10,Sant Martí,68,el Poblenou,215,10071,1800,2019
2019-01-01,10,Sant Martí,68,el Poblenou,215,10072,2024,2019
2019-01-01,10,Sant Martí,68,el Poblenou,215,10073,1481,2019
2019-01-01,10,Sant Martí,68,el Poblenou,215,10074,1701,2019
2019-01-01,10,Sant Martí,68,el Poblenou,215,10075,1489,2019
2019-01-01,10,Sant Martí,69,Diagonal Mar i el Front Marítim del Poblenou,216,10076,2227,2019
2019-01-01,10,Sant Martí,69,Diagonal Mar i el Front Marítim del Poblenou,216,10235,1349,2019
2019-01-01,10,Sant Martí,69,Diagonal Mar i el Front Marítim del Poblenou,216,10236,1674,2019
2019-01-01,10,Sant Martí,69,Diagonal Mar i el Front Marítim del Poblenou,217,10077,1842,2019
2019-01-01,10,Sant Martí,69,Diagonal Mar i el Front Marítim del Poblenou,217,10078,2422,2019
2019-01-01,10,Sant Martí,69,Diagonal Mar i el Front Marítim del Poblenou,217,10079,1811,2019
2019-01-01,10,Sant Martí,69,Diagonal Mar i el Front Marítim del Poblenou,218,10080,2300,2019
2019-01-01,10,Sant Martí,70,el Besòs i el Maresme,219,10081,2005,2019
2019-01-01,10,Sant Martí,70,el Besòs i el Maresme,219,10082,2077,2019
2019-01-01,10,Sant Martí,70,el Besòs i el Maresme,219,10083,2271,2019
2019-01-01,10,Sant Martí,70,el Besòs i el Maresme,219,10084,1708,2019
2019-01-01,10,Sant Martí,70,el Besòs i el Maresme,220,10085,2100,2019
2019-01-01,10,Sant Martí,70,el Besòs i el Maresme,220,10086,2005,2019
2019-01-01,10,Sant Martí,70,el Besòs i el Maresme,220,10087,1819,2019
2019-01-01,10,Sant Martí,70,el Besòs i el Maresme,220,10088,1697,2019
2019-01-01,10,Sant Martí,70,el Besòs i el Maresme,221,10089,3151,2019
2019-01-01,10,Sant Martí,70,el Besòs i el Maresme,222,10090,1472,2019
2019-01-01,10,Sant Martí,70,el Besòs i el Maresme,222,10091,1992,2019
2019-01-01,10,Sant Martí,70,el Besòs i el Maresme,222,10092,1477,2019
2019-01-01,10,Sant Martí,70,el Besòs i el Maresme,222,10093,1073,2019
2019-01-01,10,Sant Martí,71,Provençals del Poblenou,223,10094,2966,2019
2019-01-01,10,Sant Martí,71,Provençals del Poblenou,223,10095,1303,2019
2019-01-01,10,Sant Martí,71,Provençals del Poblenou,224,10096,1670,2019
2019-01-01,10,Sant Martí,71,Provençals del Poblenou,224,10097,1611,2019
2019-01-01,10,Sant Martí,71,Provençals del Poblenou,224,10098,1837,2019
2019-01-01,10,Sant Martí,71,Provençals del Poblenou,224,10099,1147,2019
2019-01-01,10,Sant Martí,71,Provençals del Poblenou,224,10100,1674,2019
2019-01-01,10,Sant Martí,71,Provençals del Poblenou,225,10101,1645,2019
2019-01-01,10,Sant Martí,71,Provençals del Poblenou,225,10102,2616,2019
2019-01-01,10,Sant Martí,71,Provençals del Poblenou,225,10103,2211,2019
2019-01-01,10,Sant Martí,71,Provençals del Poblenou,225,10104,1583,2019
2019-01-01,10,Sant Martí,71,Provençals del Poblenou,225,10237,853,2019
2019-01-01,10,Sant Martí,72,Sant Martí de Provençals,226,10105,2281,2019
2019-01-01,10,Sant Martí,72,Sant Martí de Provençals,226,10106,1008,2019
2019-01-01,10,Sant Martí,72,Sant Martí de Provençals,226,10107,1566,2019
2019-01-01,10,Sant Martí,72,Sant Martí de Provençals,226,10108,1313,2019
2019-01-01,10,Sant Martí,72,Sant Martí de Provençals,226,10109,1565,2019
2019-01-01,10,Sant Martí,72,Sant Martí de Provençals,226,10110,1678,2019
2019-01-01,10,Sant Martí,72,Sant Martí de Provençals,227,10111,1282,2019
2019-01-01,10,Sant Martí,72,Sant Martí de Provençals,227,10112,1527,2019
2019-01-01,10,Sant Martí,72,Sant Martí de Provençals,227,10113,1220,2019
2019-01-01,10,Sant Martí,72,Sant Martí de Provençals,227,10114,1435,2019
2019-01-01,10,Sant Martí,72,Sant Martí de Provençals,228,10115,1395,2019
2019-01-01,10,Sant Martí,72,Sant Martí de Provençals,228,10116,1873,2019
2019-01-01,10,Sant Martí,72,Sant Martí de Provençals,228,10117,1262,2019
2019-01-01,10,Sant Martí,72,Sant Martí de Provençals,228,10118,1009,2019
2019-01-01,10,Sant Martí,72,Sant Martí de Provençals,228,10119,1170,2019
2019-01-01,10,Sant Martí,72,Sant Martí de Provençals,229,10120,1481,2019
2019-01-01,10,Sant Martí,72,Sant Martí de Provençals,229,10121,1603,2019
2019-01-01,10,Sant Martí,72,Sant Martí de Provençals,229,10122,1500,2019
2019-01-01,10,Sant Martí,73,la Verneda i la Pau,230,10123,1381,2019
2019-01-01,10,Sant Martí,73,la Verneda i la Pau,230,10124,1107,2019
2019-01-01,10,Sant Martí,73,la Verneda i la Pau,230,10125,1100,2019
2019-01-01,10,Sant Martí,73,la Verneda i la Pau,230,10126,1002,2019
2019-01-01,10,Sant Martí,73,la Verneda i la Pau,230,10127,1030,2019
2019-01-01,10,Sant Martí,73,la Verneda i la Pau,230,10128,1582,2019
2019-01-01,10,Sant Martí,73,la Verneda i la Pau,230,10129,1179,2019
2019-01-01,10,Sant Martí,73,la Verneda i la Pau,231,10130,1221,2019
2019-01-01,10,Sant Martí,73,la Verneda i la Pau,231,10131,1167,2019
2019-01-01,10,Sant Martí,73,la Verneda i la Pau,231,10132,1275,2019
2019-01-01,10,Sant Martí,73,la Verneda i la Pau,231,10133,1669,2019
2019-01-01,10,Sant Martí,73,la Verneda i la Pau,231,10134,1537,2019
2019-01-01,10,Sant Martí,73,la Verneda i la Pau,231,10135,1276,2019
2019-01-01,10,Sant Martí,73,la Verneda i la Pau,232,10136,1322,2019
2019-01-01,10,Sant Martí,73,la Verneda i la Pau,232,10137,1575,2019
2019-01-01,10,Sant Martí,73,la Verneda i la Pau,232,10138,1609,2019
2019-01-01,10,Sant Martí,73,la Verneda i la Pau,232,10139,1668,2019
2019-01-01,10,Sant Martí,73,la Verneda i la Pau,233,10140,1648,2019
2019-01-01,10,Sant Martí,73,la Verneda i la Pau,233,10141,1115,2019
2019-01-01,10,Sant Martí,73,la Verneda i la Pau,233,10142,1642,2019
2019-01-01,10,Sant Martí,73,la Verneda i la Pau,233,10143,1778,2019
2020-01-01,1,Ciutat Vella,1,el Raval,1,1001,1289,2020
2020-01-01,1,Ciutat Vella,1,el Raval,1,1002,1469,2020
2020-01-01,1,Ciutat Vella,1,el Raval,2,1003,3699,2020
2020-01-01,1,Ciutat Vella,1,el Raval,2,1004,2935,2020
2020-01-01,1,Ciutat Vella,1,el Raval,3,1005,2389,2020
2020-01-01,1,Ciutat Vella,1,el Raval,3,1006,1545,2020
2020-01-01,1,Ciutat Vella,1,el Raval,3,1007,1994,2020
2020-01-01,1,Ciutat Vella,1,el Raval,4,1008,3278,2020
2020-01-01,1,Ciutat Vella,1,el Raval,4,1009,2253,2020
2020-01-01,1,Ciutat Vella,1,el Raval,4,1010,2439,2020
2020-01-01,1,Ciutat Vella,1,el Raval,5,1011,3216,2020
2020-01-01,1,Ciutat Vella,1,el Raval,5,1012,1938,2020
2020-01-01,1,Ciutat Vella,1,el Raval,5,1013,1438,2020
2020-01-01,1,Ciutat Vella,1,el Raval,6,1014,2126,2020
2020-01-01,1,Ciutat Vella,1,el Raval,6,1015,2385,2020
2020-01-01,1,Ciutat Vella,1,el Raval,6,1016,2207,2020
2020-01-01,1,Ciutat Vella,1,el Raval,6,1017,2639,2020
2020-01-01,1,Ciutat Vella,1,el Raval,7,1018,1597,2020
2020-01-01,1,Ciutat Vella,1,el Raval,7,1019,2977,2020
2020-01-01,1,Ciutat Vella,1,el Raval,7,1020,2179,2020
2020-01-01,1,Ciutat Vella,1,el Raval,8,1021,2188,2020
2020-01-01,1,Ciutat Vella,2,el Barri Gòtic,9,1022,1432,2020
2020-01-01,1,Ciutat Vella,2,el Barri Gòtic,9,1023,2116,2020
2020-01-01,1,Ciutat Vella,2,el Barri Gòtic,10,1025,1357,2020
2020-01-01,1,Ciutat Vella,2,el Barri Gòtic,10,1026,7840,2020
2020-01-01,1,Ciutat Vella,2,el Barri Gòtic,10,1027,1587,2020
2020-01-01,1,Ciutat Vella,2,el Barri Gòtic,11,1028,1917,2020
2020-01-01,1,Ciutat Vella,2,el Barri Gòtic,11,1029,1467,2020
2020-01-01,1,Ciutat Vella,2,el Barri Gòtic,12,1030,2431,2020
2020-01-01,1,Ciutat Vella,2,el Barri Gòtic,12,1031,1568,2020
2020-01-01,1,Ciutat Vella,3,la Barceloneta,13,1032,1822,2020
2020-01-01,1,Ciutat Vella,3,la Barceloneta,13,1033,1114,2020
2020-01-01,1,Ciutat Vella,3,la Barceloneta,13,1034,948,2020
2020-01-01,1,Ciutat Vella,3,la Barceloneta,14,1035,1274,2020
2020-01-01,1,Ciutat Vella,3,la Barceloneta,14,1036,1198,2020
2020-01-01,1,Ciutat Vella,3,la Barceloneta,15,1037,1421,2020
2020-01-01,1,Ciutat Vella,3,la Barceloneta,15,1038,1526,2020
2020-01-01,1,Ciutat Vella,3,la Barceloneta,15,1039,1352,2020
2020-01-01,1,Ciutat Vella,3,la Barceloneta,15,1040,1113,2020
2020-01-01,1,Ciutat Vella,3,la Barceloneta,15,1041,1588,2020
2020-01-01,1,Ciutat Vella,3,la Barceloneta,15,1042,1756,2020
2020-01-01,1,Ciutat Vella,4,"Sant Pere, Santa Caterina i la Ribera",16,1043,1688,2020
2020-01-01,1,Ciutat Vella,4,"Sant Pere, Santa Caterina i la Ribera",16,1044,1433,2020
2020-01-01,1,Ciutat Vella,4,"Sant Pere, Santa Caterina i la Ribera",16,1045,1972,2020
2020-01-01,1,Ciutat Vella,4,"Sant Pere, Santa Caterina i la Ribera",16,1046,1835,2020
2020-01-01,1,Ciutat Vella,4,"Sant Pere, Santa Caterina i la Ribera",17,1047,1744,2020
2020-01-01,1,Ciutat Vella,4,"Sant Pere, Santa Caterina i la Ribera",17,1048,2126,2020
2020-01-01,1,Ciutat Vella,4,"Sant Pere, Santa Caterina i la Ribera",17,1049,1617,2020
2020-01-01,1,Ciutat Vella,4,"Sant Pere, Santa Caterina i la Ribera",18,1050,1587,2020
2020-01-01,1,Ciutat Vella,4,"Sant Pere, Santa Caterina i la Ribera",18,1051,1890,2020
2020-01-01,1,Ciutat Vella,4,"Sant Pere, Santa Caterina i la Ribera",18,1052,2880,2020
2020-01-01,1,Ciutat Vella,4,"Sant Pere, Santa Caterina i la Ribera",19,1053,1837,2020
2020-01-01,1,Ciutat Vella,4,"Sant Pere, Santa Caterina i la Ribera",19,1054,1270,2020
2020-01-01,1,Ciutat Vella,4,"Sant Pere, Santa Caterina i la Ribera",19,1055,1362,2020
2020-01-01,2,Eixample,5,el Fort Pienc,20,2001,1279,2020
2020-01-01,2,Eixample,5,el Fort Pienc,20,2002,3404,2020
2020-01-01,2,Eixample,5,el Fort Pienc,20,2003,1209,2020
2020-01-01,2,Eixample,5,el Fort Pienc,20,2004,1542,2020
2020-01-01,2,Eixample,5,el Fort Pienc,20,2005,2050,2020
2020-01-01,2,Eixample,5,el Fort Pienc,20,2006,1680,2020
2020-01-01,2,Eixample,5,el Fort Pienc,20,2007,1292,2020
2020-01-01,2,Eixample,5,el Fort Pienc,20,2008,1944,2020
2020-01-01,2,Eixample,5,el Fort Pienc,20,2009,1804,2020
2020-01-01,2,Eixample,5,el Fort Pienc,21,2010,1246,2020
2020-01-01,2,Eixample,5,el Fort Pienc,21,2011,1144,2020
2020-01-01,2,Eixample,5,el Fort Pienc,21,2012,1538,2020
2020-01-01,2,Eixample,5,el Fort Pienc,21,2013,1170,2020
2020-01-01,2,Eixample,5,el Fort Pienc,22,2014,1379,2020
2020-01-01,2,Eixample,5,el Fort Pienc,22,2015,1604,2020
2020-01-01,2,Eixample,5,el Fort Pienc,22,2016,1895,2020
2020-01-01,2,Eixample,5,el Fort Pienc,22,2017,1975,2020
2020-01-01,2,Eixample,5,el Fort Pienc,22,2018,1846,2020
2020-01-01,2,Eixample,5,el Fort Pienc,22,2019,1984,2020
2020-01-01,2,Eixample,5,el Fort Pienc,22,2020,1488,2020
2020-01-01,2,Eixample,6,la Sagrada Família,23,2021,1534,2020
2020-01-01,2,Eixample,6,la Sagrada Família,23,2022,1302,2020
2020-01-01,2,Eixample,6,la Sagrada Família,23,2023,1054,2020
2020-01-01,2,Eixample,6,la Sagrada Família,23,2024,1150,2020
2020-01-01,2,Eixample,6,la Sagrada Família,24,2025,1164,2020
2020-01-01,2,Eixample,6,la Sagrada Família,24,2026,2180,2020
2020-01-01,2,Eixample,6,la Sagrada Família,24,2027,2058,2020
2020-01-01,2,Eixample,6,la Sagrada Família,24,2028,2077,2020
2020-01-01,2,Eixample,6,la Sagrada Família,24,2029,1315,2020
2020-01-01,2,Eixample,6,la Sagrada Família,24,2030,1372,2020
2020-01-01,2,Eixample,6,la Sagrada Família,24,2031,1050,2020
2020-01-01,2,Eixample,6,la Sagrada Família,24,2032,1190,2020
2020-01-01,2,Eixample,6,la Sagrada Família,25,2033,1216,2020
2020-01-01,2,Eixample,6,la Sagrada Família,25,2034,1236,2020
2020-01-01,2,Eixample,6,la Sagrada Família,25,2035,1308,2020
2020-01-01,2,Eixample,6,la Sagrada Família,25,2036,1199,2020
2020-01-01,2,Eixample,6,la Sagrada Família,25,2037,1187,2020
2020-01-01,2,Eixample,6,la Sagrada Família,25,2038,1570,2020
2020-01-01,2,Eixample,6,la Sagrada Família,25,2039,1769,2020
2020-01-01,2,Eixample,6,la Sagrada Família,25,2040,1674,2020
2020-01-01,2,Eixample,6,la Sagrada Família,26,2041,1686,2020
2020-01-01,2,Eixample,6,la Sagrada Família,26,2042,1608,2020
2020-01-01,2,Eixample,6,la Sagrada Família,26,2043,1484,2020
2020-01-01,2,Eixample,6,la Sagrada Família,26,2044,1285,2020
2020-01-01,2,Eixample,6,la Sagrada Família,26,2045,1156,2020
2020-01-01,2,Eixample,6,la Sagrada Família,26,2046,1956,2020
2020-01-01,2,Eixample,6,la Sagrada Família,26,2047,1966,2020
2020-01-01,2,Eixample,6,la Sagrada Família,26,2048,1289,2020
2020-01-01,2,Eixample,6,la Sagrada Família,27,2049,2125,2020
2020-01-01,2,Eixample,6,la Sagrada Família,27,2050,1655,2020
2020-01-01,2,Eixample,6,la Sagrada Família,27,2051,1885,2020
2020-01-01,2,Eixample,6,la Sagrada Família,27,2052,1849,2020
2020-01-01,2,Eixample,6,la Sagrada Família,27,2053,1824,2020
2020-01-01,2,Eixample,6,la Sagrada Família,27,2054,1879,2020
2020-01-01,2,Eixample,7,la Dreta de l'Eixample,28,2055,1822,2020
2020-01-01,2,Eixample,7,la Dreta de l'Eixample,28,2056,1483,2020
2020-01-01,2,Eixample,7,la Dreta de l'Eixample,28,2057,1310,2020
2020-01-01,2,Eixample,7,la Dreta de l'Eixample,28,2058,1386,2020
2020-01-01,2,Eixample,7,la Dreta de l'Eixample,28,2059,1747,2020
2020-01-01,2,Eixample,7,la Dreta de l'Eixample,28,2060,1746,2020
2020-01-01,2,Eixample,7,la Dreta de l'Eixample,29,2061,1383,2020
2020-01-01,2,Eixample,7,la Dreta de l'Eixample,29,2062,1516,2020
2020-01-01,2,Eixample,7,la Dreta de l'Eixample,29,2063,1267,2020
2020-01-01,2,Eixample,7,la Dreta de l'Eixample,29,2064,1333,2020
2020-01-01,2,Eixample,7,la Dreta de l'Eixample,29,2065,1935,2020
2020-01-01,2,Eixample,7,la Dreta de l'Eixample,30,2066,1767,2020
2020-01-01,2,Eixample,7,la Dreta de l'Eixample,30,2067,1696,2020
2020-01-01,2,Eixample,7,la Dreta de l'Eixample,30,2068,1634,2020
2020-01-01,2,Eixample,7,la Dreta de l'Eixample,30,2069,1407,2020
2020-01-01,2,Eixample,7,la Dreta de l'Eixample,31,2070,1278,2020
2020-01-01,2,Eixample,7,la Dreta de l'Eixample,31,2071,1684,2020
2020-01-01,2,Eixample,7,la Dreta de l'Eixample,31,2072,1201,2020
2020-01-01,2,Eixample,7,la Dreta de l'Eixample,32,2073,1671,2020
2020-01-01,2,Eixample,7,la Dreta de l'Eixample,32,2074,1297,2020
2020-01-01,2,Eixample,7,la Dreta de l'Eixample,32,2075,1287,2020
2020-01-01,2,Eixample,7,la Dreta de l'Eixample,32,2076,1640,2020
2020-01-01,2,Eixample,7,la Dreta de l'Eixample,33,2077,1674,2020
2020-01-01,2,Eixample,7,la Dreta de l'Eixample,34,2078,1337,2020
2020-01-01,2,Eixample,7,la Dreta de l'Eixample,34,2079,1367,2020
2020-01-01,2,Eixample,7,la Dreta de l'Eixample,35,2080,1557,2020
2020-01-01,2,Eixample,7,la Dreta de l'Eixample,35,2081,2131,2020
2020-01-01,2,Eixample,7,la Dreta de l'Eixample,36,2082,905,2020
2020-01-01,2,Eixample,7,la Dreta de l'Eixample,36,2083,1837,2020
2020-01-01,2,Eixample,8,l'Antiga Esquerra de l'Eixample,37,2084,2066,2020
2020-01-01,2,Eixample,8,l'Antiga Esquerra de l'Eixample,37,2085,1438,2020
2020-01-01,2,Eixample,8,l'Antiga Esquerra de l'Eixample,37,2086,1472,2020
2020-01-01,2,Eixample,8,l'Antiga Esquerra de l'Eixample,37,2087,1454,2020
2020-01-01,2,Eixample,8,l'Antiga Esquerra de l'Eixample,38,2088,1669,2020
2020-01-01,2,Eixample,8,l'Antiga Esquerra de l'Eixample,38,2089,1853,2020
2020-01-01,2,Eixample,8,l'Antiga Esquerra de l'Eixample,38,2090,1667,2020
2020-01-01,2,Eixample,8,l'Antiga Esquerra de l'Eixample,39,2091,1905,2020
2020-01-01,2,Eixample,8,l'Antiga Esquerra de l'Eixample,39,2092,2505,2020
2020-01-01,2,Eixample,8,l'Antiga Esquerra de l'Eixample,40,2093,1679,2020
2020-01-01,2,Eixample,8,l'Antiga Esquerra de l'Eixample,40,2094,1513,2020
2020-01-01,2,Eixample,8,l'Antiga Esquerra de l'Eixample,40,2095,1547,2020
2020-01-01,2,Eixample,8,l'Antiga Esquerra de l'Eixample,40,2096,1442,2020
2020-01-01,2,Eixample,8,l'Antiga Esquerra de l'Eixample,40,2097,1107,2020
2020-01-01,2,Eixample,8,l'Antiga Esquerra de l'Eixample,41,2098,1546,2020
2020-01-01,2,Eixample,8,l'Antiga Esquerra de l'Eixample,41,2099,1618,2020
2020-01-01,2,Eixample,8,l'Antiga Esquerra de l'Eixample,41,2100,1348,2020
2020-01-01,2,Eixample,8,l'Antiga Esquerra de l'Eixample,41,2101,2192,2020
2020-01-01,2,Eixample,8,l'Antiga Esquerra de l'Eixample,42,2102,1392,2020
2020-01-01,2,Eixample,8,l'Antiga Esquerra de l'Eixample,42,2103,1634,2020
2020-01-01,2,Eixample,8,l'Antiga Esquerra de l'Eixample,42,2104,1164,2020
2020-01-01,2,Eixample,8,l'Antiga Esquerra de l'Eixample,42,2105,2118,2020
2020-01-01,2,Eixample,8,l'Antiga Esquerra de l'Eixample,43,2106,1447,2020
2020-01-01,2,Eixample,8,l'Antiga Esquerra de l'Eixample,43,2107,1652,2020
2020-01-01,2,Eixample,8,l'Antiga Esquerra de l'Eixample,43,2108,1673,2020
2020-01-01,2,Eixample,8,l'Antiga Esquerra de l'Eixample,43,2109,2042,2020
2020-01-01,2,Eixample,9,la Nova Esquerra de l'Eixample,44,2110,1925,2020
2020-01-01,2,Eixample,9,la Nova Esquerra de l'Eixample,44,2111,1876,2020
2020-01-01,2,Eixample,9,la Nova Esquerra de l'Eixample,44,2112,1342,2020
2020-01-01,2,Eixample,9,la Nova Esquerra de l'Eixample,44,2113,2289,2020
2020-01-01,2,Eixample,9,la Nova Esquerra de l'Eixample,44,2114,1669,2020
2020-01-01,2,Eixample,9,la Nova Esquerra de l'Eixample,45,2115,1379,2020
2020-01-01,2,Eixample,9,la Nova Esquerra de l'Eixample,45,2116,1040,2020
2020-01-01,2,Eixample,9,la Nova Esquerra de l'Eixample,45,2117,1204,2020
2020-01-01,2,Eixample,9,la Nova Esquerra de l'Eixample,45,2118,1494,2020
2020-01-01,2,Eixample,9,la Nova Esquerra de l'Eixample,45,2119,1251,2020
2020-01-01,2,Eixample,9,la Nova Esquerra de l'Eixample,45,2120,1169,2020
2020-01-01,2,Eixample,9,la Nova Esquerra de l'Eixample,45,2121,1284,2020
2020-01-01,2,Eixample,9,la Nova Esquerra de l'Eixample,45,2122,1058,2020
2020-01-01,2,Eixample,9,la Nova Esquerra de l'Eixample,45,2123,1145,2020
2020-01-01,2,Eixample,9,la Nova Esquerra de l'Eixample,46,2124,1088,2020
2020-01-01,2,Eixample,9,la Nova Esquerra de l'Eixample,46,2125,1699,2020
2020-01-01,2,Eixample,9,la Nova Esquerra de l'Eixample,46,2126,1462,2020
2020-01-01,2,Eixample,9,la Nova Esquerra de l'Eixample,46,2127,1168,2020
2020-01-01,2,Eixample,9,la Nova Esquerra de l'Eixample,46,2128,1319,2020
2020-01-01,2,Eixample,9,la Nova Esquerra de l'Eixample,46,2129,1542,2020
2020-01-01,2,Eixample,9,la Nova Esquerra de l'Eixample,47,2130,1157,2020
2020-01-01,2,Eixample,9,la Nova Esquerra de l'Eixample,47,2131,1201,2020
2020-01-01,2,Eixample,9,la Nova Esquerra de l'Eixample,47,2132,1107,2020
2020-01-01,2,Eixample,9,la Nova Esquerra de l'Eixample,47,2133,847,2020
2020-01-01,2,Eixample,9,la Nova Esquerra de l'Eixample,47,2134,1472,2020
2020-01-01,2,Eixample,9,la Nova Esquerra de l'Eixample,47,2135,2203,2020
2020-01-01,2,Eixample,9,la Nova Esquerra de l'Eixample,47,2136,913,2020
2020-01-01,2,Eixample,9,la Nova Esquerra de l'Eixample,48,2137,1498,2020
2020-01-01,2,Eixample,9,la Nova Esquerra de l'Eixample,48,2138,1956,2020
2020-01-01,2,Eixample,9,la Nova Esquerra de l'Eixample,48,2139,1683,2020
2020-01-01,2,Eixample,9,la Nova Esquerra de l'Eixample,48,2140,1916,2020
2020-01-01,2,Eixample,9,la Nova Esquerra de l'Eixample,48,2141,1195,2020
2020-01-01,2,Eixample,9,la Nova Esquerra de l'Eixample,49,2142,2039,2020
2020-01-01,2,Eixample,9,la Nova Esquerra de l'Eixample,49,2143,1388,2020
2020-01-01,2,Eixample,9,la Nova Esquerra de l'Eixample,49,2144,1591,2020
2020-01-01,2,Eixample,9,la Nova Esquerra de l'Eixample,49,2145,1254,2020
2020-01-01,2,Eixample,9,la Nova Esquerra de l'Eixample,50,2146,1195,2020
2020-01-01,2,Eixample,9,la Nova Esquerra de l'Eixample,50,2147,2203,2020
2020-01-01,2,Eixample,9,la Nova Esquerra de l'Eixample,50,2148,1583,2020
2020-01-01,2,Eixample,9,la Nova Esquerra de l'Eixample,50,2149,1844,2020
2020-01-01,2,Eixample,10,Sant Antoni,51,2150,1518,2020
2020-01-01,2,Eixample,10,Sant Antoni,51,2151,1529,2020
2020-01-01,2,Eixample,10,Sant Antoni,51,2152,1273,2020
2020-01-01,2,Eixample,10,Sant Antoni,51,2153,1374,2020
2020-01-01,2,Eixample,10,Sant Antoni,51,2154,1092,2020
2020-01-01,2,Eixample,10,Sant Antoni,51,2155,1880,2020
2020-01-01,2,Eixample,10,Sant Antoni,51,2156,1273,2020
2020-01-01,2,Eixample,10,Sant Antoni,51,2157,1243,2020
2020-01-01,2,Eixample,10,Sant Antoni,52,2158,1626,2020
2020-01-01,2,Eixample,10,Sant Antoni,52,2159,1971,2020
2020-01-01,2,Eixample,10,Sant Antoni,52,2160,1979,2020
2020-01-01,2,Eixample,10,Sant Antoni,52,2161,1187,2020
2020-01-01,2,Eixample,10,Sant Antoni,52,2162,1420,2020
2020-01-01,2,Eixample,10,Sant Antoni,53,2163,1849,2020
2020-01-01,2,Eixample,10,Sant Antoni,53,2164,1517,2020
2020-01-01,2,Eixample,10,Sant Antoni,53,2165,1697,2020
2020-01-01,2,Eixample,10,Sant Antoni,54,2166,2118,2020
2020-01-01,2,Eixample,10,Sant Antoni,54,2167,2180,2020
2020-01-01,2,Eixample,10,Sant Antoni,54,2168,2335,2020
2020-01-01,2,Eixample,10,Sant Antoni,55,2169,1575,2020
2020-01-01,2,Eixample,10,Sant Antoni,55,2170,1592,2020
2020-01-01,2,Eixample,10,Sant Antoni,55,2171,1671,2020
2020-01-01,2,Eixample,10,Sant Antoni,55,2172,1564,2020
2020-01-01,2,Eixample,10,Sant Antoni,55,2173,1495,2020
2020-01-01,3,Sants-Montjuïc,11,el Poble-sec,56,3001,1687,2020
2020-01-01,3,Sants-Montjuïc,11,el Poble-sec,56,3002,1937,2020
2020-01-01,3,Sants-Montjuïc,11,el Poble-sec,56,3003,1760,2020
2020-01-01,3,Sants-Montjuïc,11,el Poble-sec,56,3004,1616,2020
2020-01-01,3,Sants-Montjuïc,11,el Poble-sec,56,3005,1228,2020
2020-01-01,3,Sants-Montjuïc,11,el Poble-sec,56,3006,1416,2020
2020-01-01,3,Sants-Montjuïc,11,el Poble-sec,56,3007,1682,2020
2020-01-01,3,Sants-Montjuïc,11,el Poble-sec,56,3008,1163,2020
2020-01-01,3,Sants-Montjuïc,11,el Poble-sec,56,3009,1253,2020
2020-01-01,3,Sants-Montjuïc,11,el Poble-sec,57,3010,1909,2020
2020-01-01,3,Sants-Montjuïc,11,el Poble-sec,57,3011,1772,2020
2020-01-01,3,Sants-Montjuïc,11,el Poble-sec,57,3012,2176,2020
2020-01-01,3,Sants-Montjuïc,11,el Poble-sec,57,3013,1838,2020
2020-01-01,3,Sants-Montjuïc,11,el Poble-sec,57,3014,1770,2020
2020-01-01,3,Sants-Montjuïc,11,el Poble-sec,57,3015,2990,2020
2020-01-01,3,Sants-Montjuïc,11,el Poble-sec,57,3016,1214,2020
2020-01-01,3,Sants-Montjuïc,11,el Poble-sec,57,3017,1658,2020
2020-01-01,3,Sants-Montjuïc,11,el Poble-sec,58,3018,1748,2020
2020-01-01,3,Sants-Montjuïc,11,el Poble-sec,58,3019,1588,2020
2020-01-01,3,Sants-Montjuïc,11,el Poble-sec,58,3020,1220,2020
2020-01-01,3,Sants-Montjuïc,11,el Poble-sec,58,3021,1131,2020
2020-01-01,3,Sants-Montjuïc,11,el Poble-sec,58,3022,1438,2020
2020-01-01,3,Sants-Montjuïc,11,el Poble-sec,59,3023,1924,2020
2020-01-01,3,Sants-Montjuïc,11,el Poble-sec,59,3024,2070,2020
2020-01-01,3,Sants-Montjuïc,12,la Marina del Prat Vermell,60,3025,1227,2020
2020-01-01,3,Sants-Montjuïc,13,la Marina de Port,61,3026,1038,2020
2020-01-01,3,Sants-Montjuïc,13,la Marina de Port,61,3027,1754,2020
2020-01-01,3,Sants-Montjuïc,13,la Marina de Port,61,3028,2663,2020
2020-01-01,3,Sants-Montjuïc,13,la Marina de Port,61,3029,1314,2020
2020-01-01,3,Sants-Montjuïc,13,la Marina de Port,61,3030,1600,2020
2020-01-01,3,Sants-Montjuïc,13,la Marina de Port,62,3031,2444,2020
2020-01-01,3,Sants-Montjuïc,13,la Marina de Port,62,3032,1719,2020
2020-01-01,3,Sants-Montjuïc,13,la Marina de Port,62,3033,1492,2020
2020-01-01,3,Sants-Montjuïc,13,la Marina de Port,62,3034,1545,2020
2020-01-01,3,Sants-Montjuïc,13,la Marina de Port,62,3211,1526,2020
2020-01-01,3,Sants-Montjuïc,13,la Marina de Port,63,3035,2300,2020
2020-01-01,3,Sants-Montjuïc,13,la Marina de Port,63,3036,2427,2020
2020-01-01,3,Sants-Montjuïc,13,la Marina de Port,63,3037,1055,2020
2020-01-01,3,Sants-Montjuïc,13,la Marina de Port,63,3212,2489,2020
2020-01-01,3,Sants-Montjuïc,13,la Marina de Port,63,3213,2455,2020
2020-01-01,3,Sants-Montjuïc,13,la Marina de Port,64,3038,964,2020
2020-01-01,3,Sants-Montjuïc,13,la Marina de Port,64,3039,2567,2020
2020-01-01,3,Sants-Montjuïc,14,la Font de la Guatlla,65,3040,1483,2020
2020-01-01,3,Sants-Montjuïc,14,la Font de la Guatlla,65,3041,1425,2020
2020-01-01,3,Sants-Montjuïc,14,la Font de la Guatlla,65,3042,1402,2020
2020-01-01,3,Sants-Montjuïc,14,la Font de la Guatlla,65,3043,1677,2020
2020-01-01,3,Sants-Montjuïc,14,la Font de la Guatlla,65,3044,1882,2020
2020-01-01,3,Sants-Montjuïc,14,la Font de la Guatlla,65,3045,1090,2020
2020-01-01,3,Sants-Montjuïc,14,la Font de la Guatlla,65,3046,1418,2020
2020-01-01,3,Sants-Montjuïc,15,Hostafrancs,66,3047,1833,2020
2020-01-01,3,Sants-Montjuïc,15,Hostafrancs,66,3048,1360,2020
2020-01-01,3,Sants-Montjuïc,15,Hostafrancs,66,3049,1670,2020
2020-01-01,3,Sants-Montjuïc,15,Hostafrancs,66,3050,1654,2020
2020-01-01,3,Sants-Montjuïc,15,Hostafrancs,67,3051,1946,2020
2020-01-01,3,Sants-Montjuïc,15,Hostafrancs,67,3052,1316,2020
2020-01-01,3,Sants-Montjuïc,15,Hostafrancs,67,3053,2203,2020
2020-01-01,3,Sants-Montjuïc,15,Hostafrancs,67,3054,1735,2020
2020-01-01,3,Sants-Montjuïc,15,Hostafrancs,67,3055,1583,2020
2020-01-01,3,Sants-Montjuïc,15,Hostafrancs,67,3056,903,2020
2020-01-01,3,Sants-Montjuïc,16,la Bordeta,68,3057,1510,2020
2020-01-01,3,Sants-Montjuïc,16,la Bordeta,68,3058,1746,2020
2020-01-01,3,Sants-Montjuïc,16,la Bordeta,68,3059,1221,2020
2020-01-01,3,Sants-Montjuïc,16,la Bordeta,68,3060,1403,2020
2020-01-01,3,Sants-Montjuïc,16,la Bordeta,68,3061,1149,2020
2020-01-01,3,Sants-Montjuïc,16,la Bordeta,69,3062,1584,2020
2020-01-01,3,Sants-Montjuïc,16,la Bordeta,69,3063,1922,2020
2020-01-01,3,Sants-Montjuïc,16,la Bordeta,69,3064,1206,2020
2020-01-01,3,Sants-Montjuïc,16,la Bordeta,69,3065,1357,2020
2020-01-01,3,Sants-Montjuïc,16,la Bordeta,69,3066,2332,2020
2020-01-01,3,Sants-Montjuïc,16,la Bordeta,69,3067,1750,2020
2020-01-01,3,Sants-Montjuïc,16,la Bordeta,69,3068,1175,2020
2020-01-01,3,Sants-Montjuïc,16,la Bordeta,69,3069,1212,2020
2020-01-01,3,Sants-Montjuïc,17,Sants - Badal,70,3070,1341,2020
2020-01-01,3,Sants-Montjuïc,17,Sants - Badal,70,3071,1287,2020
2020-01-01,3,Sants-Montjuïc,17,Sants - Badal,70,3072,1488,2020
2020-01-01,3,Sants-Montjuïc,17,Sants - Badal,70,3073,1651,2020
2020-01-01,3,Sants-Montjuïc,17,Sants - Badal,70,3074,1767,2020
2020-01-01,3,Sants-Montjuïc,17,Sants - Badal,70,3075,1758,2020
2020-01-01,3,Sants-Montjuïc,17,Sants - Badal,70,3076,1082,2020
2020-01-01,3,Sants-Montjuïc,17,Sants - Badal,70,3077,1343,2020
2020-01-01,3,Sants-Montjuïc,17,Sants - Badal,70,3078,1747,2020
2020-01-01,3,Sants-Montjuïc,17,Sants - Badal,70,3079,1816,2020
2020-01-01,3,Sants-Montjuïc,17,Sants - Badal,70,3080,1553,2020
2020-01-01,3,Sants-Montjuïc,17,Sants - Badal,71,3081,1901,2020
2020-01-01,3,Sants-Montjuïc,17,Sants - Badal,71,3082,1978,2020
2020-01-01,3,Sants-Montjuïc,17,Sants - Badal,71,3083,1399,2020
2020-01-01,3,Sants-Montjuïc,17,Sants - Badal,71,3084,1447,2020
2020-01-01,3,Sants-Montjuïc,17,Sants - Badal,71,3085,1380,2020
2020-01-01,3,Sants-Montjuïc,18,Sants,72,3086,1243,2020
2020-01-01,3,Sants-Montjuïc,18,Sants,72,3087,1494,2020
2020-01-01,3,Sants-Montjuïc,18,Sants,72,3088,1384,2020
2020-01-01,3,Sants-Montjuïc,18,Sants,72,3089,1245,2020
2020-01-01,3,Sants-Montjuïc,18,Sants,72,3090,1029,2020
2020-01-01,3,Sants-Montjuïc,18,Sants,72,3091,1495,2020
2020-01-01,3,Sants-Montjuïc,18,Sants,72,3092,1223,2020
2020-01-01,3,Sants-Montjuïc,18,Sants,72,3093,1518,2020
2020-01-01,3,Sants-Montjuïc,18,Sants,72,3094,1227,2020
2020-01-01,3,Sants-Montjuïc,18,Sants,73,3095,1653,2020
2020-01-01,3,Sants-Montjuïc,18,Sants,73,3096,1568,2020
2020-01-01,3,Sants-Montjuïc,18,Sants,73,3097,1747,2020
2020-01-01,3,Sants-Montjuïc,18,Sants,73,3098,1449,2020
2020-01-01,3,Sants-Montjuïc,18,Sants,73,3099,982,2020
2020-01-01,3,Sants-Montjuïc,18,Sants,73,3100,1343,2020
2020-01-01,3,Sants-Montjuïc,18,Sants,74,3101,4046,2020
2020-01-01,3,Sants-Montjuïc,18,Sants,74,3102,1323,2020
2020-01-01,3,Sants-Montjuïc,18,Sants,74,3103,1199,2020
2020-01-01,3,Sants-Montjuïc,18,Sants,74,3104,1449,2020
2020-01-01,3,Sants-Montjuïc,18,Sants,75,3105,1151,2020
2020-01-01,3,Sants-Montjuïc,18,Sants,75,3106,1273,2020
2020-01-01,3,Sants-Montjuïc,18,Sants,76,3107,1601,2020
2020-01-01,3,Sants-Montjuïc,18,Sants,76,3108,1683,2020
2020-01-01,3,Sants-Montjuïc,18,Sants,76,3109,1580,2020
2020-01-01,3,Sants-Montjuïc,18,Sants,76,3110,1509,2020
2020-01-01,3,Sants-Montjuïc,18,Sants,76,3111,1287,2020
2020-01-01,3,Sants-Montjuïc,18,Sants,76,3112,1892,2020
2020-01-01,3,Sants-Montjuïc,18,Sants,76,3113,1687,2020
2020-01-01,3,Sants-Montjuïc,18,Sants,76,3114,1483,2020
2020-01-01,4,Les Corts,19,les Corts,77,4001,1269,2020
2020-01-01,4,Les Corts,19,les Corts,77,4002,1961,2020
2020-01-01,4,Les Corts,19,les Corts,77,4003,1098,2020
2020-01-01,4,Les Corts,19,les Corts,77,4004,1005,2020
2020-01-01,4,Les Corts,19,les Corts,77,4005,1217,2020
2020-01-01,4,Les Corts,19,les Corts,77,4006,1111,2020
2020-01-01,4,Les Corts,19,les Corts,77,4007,1067,2020
2020-01-01,4,Les Corts,19,les Corts,77,4008,1004,2020
2020-01-01,4,Les Corts,19,les Corts,77,4009,1457,2020
2020-01-01,4,Les Corts,19,les Corts,78,4010,926,2020
2020-01-01,4,Les Corts,19,les Corts,78,4011,1762,2020
2020-01-01,4,Les Corts,19,les Corts,78,4012,1438,2020
2020-01-01,4,Les Corts,19,les Corts,78,4013,1225,2020
2020-01-01,4,Les Corts,19,les Corts,78,4014,850,2020
2020-01-01,4,Les Corts,19,les Corts,78,4015,1913,2020
2020-01-01,4,Les Corts,19,les Corts,78,4016,1077,2020
2020-01-01,4,Les Corts,19,les Corts,79,4017,1214,2020
2020-01-01,4,Les Corts,19,les Corts,79,4018,1550,2020
2020-01-01,4,Les Corts,19,les Corts,79,4019,1380,2020
2020-01-01,4,Les Corts,19,les Corts,79,4020,1504,2020
2020-01-01,4,Les Corts,19,les Corts,79,4021,1331,2020
2020-01-01,4,Les Corts,19,les Corts,80,4022,1632,2020
2020-01-01,4,Les Corts,19,les Corts,81,4023,1051,2020
2020-01-01,4,Les Corts,19,les Corts,81,4024,1047,2020
2020-01-01,4,Les Corts,19,les Corts,82,4025,1179,2020
2020-01-01,4,Les Corts,19,les Corts,82,4026,1237,2020
2020-01-01,4,Les Corts,19,les Corts,82,4027,1332,2020
2020-01-01,4,Les Corts,19,les Corts,83,4028,1326,2020
2020-01-01,4,Les Corts,19,les Corts,83,4029,1126,2020
2020-01-01,4,Les Corts,19,les Corts,83,4030,1849,2020
2020-01-01,4,Les Corts,19,les Corts,84,4031,1947,2020
2020-01-01,4,Les Corts,19,les Corts,84,4032,1584,2020
2020-01-01,4,Les Corts,19,les Corts,84,4033,1156,2020
2020-01-01,4,Les Corts,19,les Corts,84,4034,1499,2020
2020-01-01,4,Les Corts,19,les Corts,84,4035,1407,2020
2020-01-01,4,Les Corts,20,la Maternitat i Sant Ramon,85,4036,1718,2020
2020-01-01,4,Les Corts,20,la Maternitat i Sant Ramon,85,4037,2109,2020
2020-01-01,4,Les Corts,20,la Maternitat i Sant Ramon,85,4038,1252,2020
2020-01-01,4,Les Corts,20,la Maternitat i Sant Ramon,85,4039,1203,2020
2020-01-01,4,Les Corts,20,la Maternitat i Sant Ramon,85,4040,1641,2020
2020-01-01,4,Les Corts,20,la Maternitat i Sant Ramon,85,4041,1334,2020
2020-01-01,4,Les Corts,20,la Maternitat i Sant Ramon,85,4042,1759,2020
2020-01-01,4,Les Corts,20,la Maternitat i Sant Ramon,86,4043,1645,2020
2020-01-01,4,Les Corts,20,la Maternitat i Sant Ramon,86,4044,1609,2020
2020-01-01,4,Les Corts,20,la Maternitat i Sant Ramon,86,4045,1416,2020
2020-01-01,4,Les Corts,20,la Maternitat i Sant Ramon,86,4046,2435,2020
2020-01-01,4,Les Corts,20,la Maternitat i Sant Ramon,86,4047,1805,2020
2020-01-01,4,Les Corts,20,la Maternitat i Sant Ramon,87,4048,1510,2020
2020-01-01,4,Les Corts,20,la Maternitat i Sant Ramon,87,4049,1188,2020
2020-01-01,4,Les Corts,20,la Maternitat i Sant Ramon,87,4084,1344,2020
2020-01-01,4,Les Corts,21,Pedralbes,88,4050,2046,2020
2020-01-01,4,Les Corts,21,Pedralbes,88,4051,1650,2020
2020-01-01,4,Les Corts,21,Pedralbes,88,4052,2198,2020
2020-01-01,4,Les Corts,21,Pedralbes,89,4053,1677,2020
2020-01-01,4,Les Corts,21,Pedralbes,89,4054,1034,2020
2020-01-01,4,Les Corts,21,Pedralbes,90,4055,1534,2020
2020-01-01,4,Les Corts,21,Pedralbes,90,4056,1797,2020
2020-01-01,5,Sarrià-Sant Gervasi,22,"Vallvidrera, el Tibidabo i les Planes",91,5001,1762,2020
2020-01-01,5,Sarrià-Sant Gervasi,22,"Vallvidrera, el Tibidabo i les Planes",92,5002,1585,2020
2020-01-01,5,Sarrià-Sant Gervasi,22,"Vallvidrera, el Tibidabo i les Planes",92,5003,1363,2020
2020-01-01,5,Sarrià-Sant Gervasi,23,Sarrià,93,5004,1111,2020
2020-01-01,5,Sarrià-Sant Gervasi,23,Sarrià,93,5005,1266,2020
2020-01-01,5,Sarrià-Sant Gervasi,23,Sarrià,94,5006,1838,2020
2020-01-01,5,Sarrià-Sant Gervasi,23,Sarrià,95,5007,1795,2020
2020-01-01,5,Sarrià-Sant Gervasi,23,Sarrià,95,5008,1694,2020
2020-01-01,5,Sarrià-Sant Gervasi,23,Sarrià,95,5009,1723,2020
2020-01-01,5,Sarrià-Sant Gervasi,23,Sarrià,95,5010,1603,2020
2020-01-01,5,Sarrià-Sant Gervasi,23,Sarrià,95,5011,1409,2020
2020-01-01,5,Sarrià-Sant Gervasi,23,Sarrià,95,5012,1375,2020
2020-01-01,5,Sarrià-Sant Gervasi,23,Sarrià,95,5013,1701,2020
2020-01-01,5,Sarrià-Sant Gervasi,23,Sarrià,96,5014,1602,2020
2020-01-01,5,Sarrià-Sant Gervasi,23,Sarrià,96,5015,1614,2020
2020-01-01,5,Sarrià-Sant Gervasi,23,Sarrià,96,5016,1946,2020
2020-01-01,5,Sarrià-Sant Gervasi,23,Sarrià,96,5017,1582,2020
2020-01-01,5,Sarrià-Sant Gervasi,23,Sarrià,96,5018,1277,2020
2020-01-01,5,Sarrià-Sant Gervasi,23,Sarrià,96,5019,1706,2020
2020-01-01,5,Sarrià-Sant Gervasi,24,les Tres Torres,97,5020,1157,2020
2020-01-01,5,Sarrià-Sant Gervasi,24,les Tres Torres,97,5021,1349,2020
2020-01-01,5,Sarrià-Sant Gervasi,24,les Tres Torres,98,5022,1778,2020
2020-01-01,5,Sarrià-Sant Gervasi,24,les Tres Torres,98,5023,1468,2020
2020-01-01,5,Sarrià-Sant Gervasi,24,les Tres Torres,98,5024,1948,2020
2020-01-01,5,Sarrià-Sant Gervasi,24,les Tres Torres,99,5025,1317,2020
2020-01-01,5,Sarrià-Sant Gervasi,24,les Tres Torres,99,5026,1445,2020
2020-01-01,5,Sarrià-Sant Gervasi,24,les Tres Torres,99,5027,1412,2020
2020-01-01,5,Sarrià-Sant Gervasi,24,les Tres Torres,99,5028,1684,2020
2020-01-01,5,Sarrià-Sant Gervasi,24,les Tres Torres,99,5029,1666,2020
2020-01-01,5,Sarrià-Sant Gervasi,24,les Tres Torres,99,5030,1420,2020
2020-01-01,5,Sarrià-Sant Gervasi,25,Sant Gervasi - la Bonanova,100,5031,1681,2020
2020-01-01,5,Sarrià-Sant Gervasi,25,Sant Gervasi - la Bonanova,100,5032,1847,2020
2020-01-01,5,Sarrià-Sant Gervasi,25,Sant Gervasi - la Bonanova,101,5033,1384,2020
2020-01-01,5,Sarrià-Sant Gervasi,25,Sant Gervasi - la Bonanova,101,5034,1345,2020
2020-01-01,5,Sarrià-Sant Gervasi,25,Sant Gervasi - la Bonanova,102,5035,1080,2020
2020-01-01,5,Sarrià-Sant Gervasi,25,Sant Gervasi - la Bonanova,102,5036,1744,2020
2020-01-01,5,Sarrià-Sant Gervasi,25,Sant Gervasi - la Bonanova,102,5037,1442,2020
2020-01-01,5,Sarrià-Sant Gervasi,25,Sant Gervasi - la Bonanova,102,5038,1359,2020
2020-01-01,5,Sarrià-Sant Gervasi,25,Sant Gervasi - la Bonanova,102,5039,1519,2020
2020-01-01,5,Sarrià-Sant Gervasi,25,Sant Gervasi - la Bonanova,102,5040,1437,2020
2020-01-01,5,Sarrià-Sant Gervasi,25,Sant Gervasi - la Bonanova,102,5041,1933,2020
2020-01-01,5,Sarrià-Sant Gervasi,25,Sant Gervasi - la Bonanova,103,5042,1318,2020
2020-01-01,5,Sarrià-Sant Gervasi,25,Sant Gervasi - la Bonanova,103,5043,1473,2020
2020-01-01,5,Sarrià-Sant Gervasi,25,Sant Gervasi - la Bonanova,103,5044,1355,2020
2020-01-01,5,Sarrià-Sant Gervasi,25,Sant Gervasi - la Bonanova,103,5045,1641,2020
2020-01-01,5,Sarrià-Sant Gervasi,25,Sant Gervasi - la Bonanova,103,5046,1150,2020
2020-01-01,5,Sarrià-Sant Gervasi,25,Sant Gervasi - la Bonanova,103,5047,1270,2020
2020-01-01,5,Sarrià-Sant Gervasi,25,Sant Gervasi - la Bonanova,103,5048,1267,2020
2020-01-01,5,Sarrià-Sant Gervasi,26,Sant Gervasi - Galvany,104,5049,1689,2020
2020-01-01,5,Sarrià-Sant Gervasi,26,Sant Gervasi - Galvany,104,5050,1651,2020
2020-01-01,5,Sarrià-Sant Gervasi,26,Sant Gervasi - Galvany,104,5051,1620,2020
2020-01-01,5,Sarrià-Sant Gervasi,26,Sant Gervasi - Galvany,104,5052,1474,2020
2020-01-01,5,Sarrià-Sant Gervasi,26,Sant Gervasi - Galvany,105,5053,1483,2020
2020-01-01,5,Sarrià-Sant Gervasi,26,Sant Gervasi - Galvany,105,5054,1053,2020
2020-01-01,5,Sarrià-Sant Gervasi,26,Sant Gervasi - Galvany,105,5055,1436,2020
2020-01-01,5,Sarrià-Sant Gervasi,26,Sant Gervasi - Galvany,106,5056,1203,2020
2020-01-01,5,Sarrià-Sant Gervasi,26,Sant Gervasi - Galvany,106,5057,1695,2020
2020-01-01,5,Sarrià-Sant Gervasi,26,Sant Gervasi - Galvany,106,5058,1571,2020
2020-01-01,5,Sarrià-Sant Gervasi,26,Sant Gervasi - Galvany,106,5059,1566,2020
2020-01-01,5,Sarrià-Sant Gervasi,26,Sant Gervasi - Galvany,106,5060,1173,2020
2020-01-01,5,Sarrià-Sant Gervasi,26,Sant Gervasi - Galvany,107,5061,1479,2020
2020-01-01,5,Sarrià-Sant Gervasi,26,Sant Gervasi - Galvany,107,5062,1628,2020
2020-01-01,5,Sarrià-Sant Gervasi,26,Sant Gervasi - Galvany,107,5063,1626,2020
2020-01-01,5,Sarrià-Sant Gervasi,26,Sant Gervasi - Galvany,107,5064,1611,2020
2020-01-01,5,Sarrià-Sant Gervasi,26,Sant Gervasi - Galvany,107,5065,1717,2020
2020-01-01,5,Sarrià-Sant Gervasi,26,Sant Gervasi - Galvany,108,5066,1319,2020
2020-01-01,5,Sarrià-Sant Gervasi,26,Sant Gervasi - Galvany,108,5067,1302,2020
2020-01-01,5,Sarrià-Sant Gervasi,26,Sant Gervasi - Galvany,108,5068,1509,2020
2020-01-01,5,Sarrià-Sant Gervasi,26,Sant Gervasi - Galvany,108,5069,1751,2020
2020-01-01,5,Sarrià-Sant Gervasi,26,Sant Gervasi - Galvany,109,5070,1459,2020
2020-01-01,5,Sarrià-Sant Gervasi,26,Sant Gervasi - Galvany,109,5071,1646,2020
2020-01-01,5,Sarrià-Sant Gervasi,26,Sant Gervasi - Galvany,109,5072,1778,2020
2020-01-01,5,Sarrià-Sant Gervasi,26,Sant Gervasi - Galvany,109,5073,1626,2020
2020-01-01,5,Sarrià-Sant Gervasi,26,Sant Gervasi - Galvany,109,5074,1696,2020
2020-01-01,5,Sarrià-Sant Gervasi,26,Sant Gervasi - Galvany,110,5075,1862,2020
2020-01-01,5,Sarrià-Sant Gervasi,26,Sant Gervasi - Galvany,110,5076,1418,2020
2020-01-01,5,Sarrià-Sant Gervasi,26,Sant Gervasi - Galvany,110,5077,1476,2020
2020-01-01,5,Sarrià-Sant Gervasi,26,Sant Gervasi - Galvany,110,5078,2153,2020
2020-01-01,5,Sarrià-Sant Gervasi,26,Sant Gervasi - Galvany,110,5079,1306,2020
2020-01-01,5,Sarrià-Sant Gervasi,27,el Putxet i el Farró,111,5080,1435,2020
2020-01-01,5,Sarrià-Sant Gervasi,27,el Putxet i el Farró,111,5081,1601,2020
2020-01-01,5,Sarrià-Sant Gervasi,27,el Putxet i el Farró,111,5082,1672,2020
2020-01-01,5,Sarrià-Sant Gervasi,27,el Putxet i el Farró,111,5083,1269,2020
2020-01-01,5,Sarrià-Sant Gervasi,27,el Putxet i el Farró,111,5084,1337,2020
2020-01-01,5,Sarrià-Sant Gervasi,27,el Putxet i el Farró,111,5085,1336,2020
2020-01-01,5,Sarrià-Sant Gervasi,27,el Putxet i el Farró,111,5086,1354,2020
2020-01-01,5,Sarrià-Sant Gervasi,27,el Putxet i el Farró,111,5087,1568,2020
2020-01-01,5,Sarrià-Sant Gervasi,27,el Putxet i el Farró,112,5088,1819,2020
2020-01-01,5,Sarrià-Sant Gervasi,27,el Putxet i el Farró,112,5089,1771,2020
2020-01-01,5,Sarrià-Sant Gervasi,27,el Putxet i el Farró,112,5090,1943,2020
2020-01-01,5,Sarrià-Sant Gervasi,27,el Putxet i el Farró,112,5091,1576,2020
2020-01-01,5,Sarrià-Sant Gervasi,27,el Putxet i el Farró,112,5092,1630,2020
2020-01-01,5,Sarrià-Sant Gervasi,27,el Putxet i el Farró,113,5093,1131,2020
2020-01-01,5,Sarrià-Sant Gervasi,27,el Putxet i el Farró,113,5094,2778,2020
2020-01-01,5,Sarrià-Sant Gervasi,27,el Putxet i el Farró,113,5095,1695,2020
2020-01-01,5,Sarrià-Sant Gervasi,27,el Putxet i el Farró,113,5096,1145,2020
2020-01-01,5,Sarrià-Sant Gervasi,27,el Putxet i el Farró,113,5097,1693,2020
2020-01-01,5,Sarrià-Sant Gervasi,27,el Putxet i el Farró,113,5098,1587,2020
2020-01-01,6,Gràcia,28,Vallcarca i els Penitents,114,6001,1174,2020
2020-01-01,6,Gràcia,28,Vallcarca i els Penitents,114,6002,1488,2020
2020-01-01,6,Gràcia,28,Vallcarca i els Penitents,114,6003,2333,2020
2020-01-01,6,Gràcia,28,Vallcarca i els Penitents,114,6004,1445,2020
2020-01-01,6,Gràcia,28,Vallcarca i els Penitents,115,6006,1054,2020
2020-01-01,6,Gràcia,28,Vallcarca i els Penitents,115,6007,1992,2020
2020-01-01,6,Gràcia,28,Vallcarca i els Penitents,115,6008,2035,2020
2020-01-01,6,Gràcia,28,Vallcarca i els Penitents,116,6009,1298,2020
2020-01-01,6,Gràcia,28,Vallcarca i els Penitents,116,6010,1067,2020
2020-01-01,6,Gràcia,28,Vallcarca i els Penitents,117,6011,1302,2020
2020-01-01,6,Gràcia,28,Vallcarca i els Penitents,117,6012,1160,2020
2020-01-01,6,Gràcia,29,el Coll,118,6013,1785,2020
2020-01-01,6,Gràcia,29,el Coll,118,6014,1432,2020
2020-01-01,6,Gràcia,29,el Coll,118,6015,1425,2020
2020-01-01,6,Gràcia,29,el Coll,118,6016,1588,2020
2020-01-01,6,Gràcia,29,el Coll,118,6017,1387,2020
2020-01-01,6,Gràcia,30,la Salut,119,6018,1317,2020
2020-01-01,6,Gràcia,30,la Salut,119,6019,1506,2020
2020-01-01,6,Gràcia,30,la Salut,119,6020,1176,2020
2020-01-01,6,Gràcia,30,la Salut,119,6021,1372,2020
2020-01-01,6,Gràcia,30,la Salut,120,6022,1392,2020
2020-01-01,6,Gràcia,30,la Salut,120,6023,1305,2020
2020-01-01,6,Gràcia,30,la Salut,120,6024,1740,2020
2020-01-01,6,Gràcia,30,la Salut,120,6025,1420,2020
2020-01-01,6,Gràcia,30,la Salut,120,6026,1022,2020
2020-01-01,6,Gràcia,30,la Salut,120,6027,1228,2020
2020-01-01,6,Gràcia,31,la Vila de Gràcia,121,6028,1346,2020
2020-01-01,6,Gràcia,31,la Vila de Gràcia,121,6029,1296,2020
2020-01-01,6,Gràcia,31,la Vila de Gràcia,121,6030,1338,2020
2020-01-01,6,Gràcia,31,la Vila de Gràcia,121,6031,1106,2020
2020-01-01,6,Gràcia,31,la Vila de Gràcia,121,6032,1167,2020
2020-01-01,6,Gràcia,31,la Vila de Gràcia,122,6033,1330,2020
2020-01-01,6,Gràcia,31,la Vila de Gràcia,122,6034,1232,2020
2020-01-01,6,Gràcia,31,la Vila de Gràcia,122,6035,1081,2020
2020-01-01,6,Gràcia,31,la Vila de Gràcia,122,6036,1493,2020
2020-01-01,6,Gràcia,31,la Vila de Gràcia,123,6037,1134,2020
2020-01-01,6,Gràcia,31,la Vila de Gràcia,123,6038,1507,2020
2020-01-01,6,Gràcia,31,la Vila de Gràcia,123,6039,1603,2020
2020-01-01,6,Gràcia,31,la Vila de Gràcia,124,6040,1675,2020
2020-01-01,6,Gràcia,31,la Vila de Gràcia,124,6041,1763,2020
2020-01-01,6,Gràcia,31,la Vila de Gràcia,124,6042,1736,2020
2020-01-01,6,Gràcia,31,la Vila de Gràcia,125,6043,1279,2020
2020-01-01,6,Gràcia,31,la Vila de Gràcia,125,6044,1623,2020
2020-01-01,6,Gràcia,31,la Vila de Gràcia,126,6045,1295,2020
2020-01-01,6,Gràcia,31,la Vila de Gràcia,126,6046,1162,2020
2020-01-01,6,Gràcia,31,la Vila de Gràcia,126,6047,1265,2020
2020-01-01,6,Gràcia,31,la Vila de Gràcia,126,6048,1404,2020
2020-01-01,6,Gràcia,31,la Vila de Gràcia,127,6049,1183,2020
2020-01-01,6,Gràcia,31,la Vila de Gràcia,127,6050,1320,2020
2020-01-01,6,Gràcia,31,la Vila de Gràcia,127,6051,1247,2020
2020-01-01,6,Gràcia,31,la Vila de Gràcia,128,6052,1530,2020
2020-01-01,6,Gràcia,31,la Vila de Gràcia,128,6053,1510,2020
2020-01-01,6,Gràcia,31,la Vila de Gràcia,128,6054,1650,2020
2020-01-01,6,Gràcia,31,la Vila de Gràcia,129,6055,1487,2020
2020-01-01,6,Gràcia,31,la Vila de Gràcia,129,6056,1567,2020
2020-01-01,6,Gràcia,31,la Vila de Gràcia,129,6057,1511,2020
2020-01-01,6,Gràcia,31,la Vila de Gràcia,129,6058,1691,2020
2020-01-01,6,Gràcia,31,la Vila de Gràcia,129,6059,1545,2020
2020-01-01,6,Gràcia,31,la Vila de Gràcia,130,6060,1798,2020
2020-01-01,6,Gràcia,31,la Vila de Gràcia,130,6061,1313,2020
2020-01-01,6,Gràcia,31,la Vila de Gràcia,130,6062,1222,2020
2020-01-01,6,Gràcia,31,la Vila de Gràcia,130,6063,1517,2020
2020-01-01,6,Gràcia,32,el Camp d'en Grassot i Gràcia Nova,131,6064,1901,2020
2020-01-01,6,Gràcia,32,el Camp d'en Grassot i Gràcia Nova,131,6065,1196,2020
2020-01-01,6,Gràcia,32,el Camp d'en Grassot i Gràcia Nova,131,6066,981,2020
2020-01-01,6,Gràcia,32,el Camp d'en Grassot i Gràcia Nova,131,6067,1776,2020
2020-01-01,6,Gràcia,32,el Camp d'en Grassot i Gràcia Nova,131,6068,1597,2020
2020-01-01,6,Gràcia,32,el Camp d'en Grassot i Gràcia Nova,131,6069,1065,2020
2020-01-01,6,Gràcia,32,el Camp d'en Grassot i Gràcia Nova,131,6070,1885,2020
2020-01-01,6,Gràcia,32,el Camp d'en Grassot i Gràcia Nova,132,6071,1070,2020
2020-01-01,6,Gràcia,32,el Camp d'en Grassot i Gràcia Nova,132,6072,1628,2020
2020-01-01,6,Gràcia,32,el Camp d'en Grassot i Gràcia Nova,132,6073,1363,2020
2020-01-01,6,Gràcia,32,el Camp d'en Grassot i Gràcia Nova,132,6074,1127,2020
2020-01-01,6,Gràcia,32,el Camp d'en Grassot i Gràcia Nova,132,6075,1084,2020
2020-01-01,6,Gràcia,32,el Camp d'en Grassot i Gràcia Nova,132,6076,1301,2020
2020-01-01,6,Gràcia,32,el Camp d'en Grassot i Gràcia Nova,133,6077,1217,2020
2020-01-01,6,Gràcia,32,el Camp d'en Grassot i Gràcia Nova,133,6078,1333,2020
2020-01-01,6,Gràcia,32,el Camp d'en Grassot i Gràcia Nova,133,6079,1121,2020
2020-01-01,6,Gràcia,32,el Camp d'en Grassot i Gràcia Nova,133,6080,1193,2020
2020-01-01,6,Gràcia,32,el Camp d'en Grassot i Gràcia Nova,133,6081,1326,2020
2020-01-01,6,Gràcia,32,el Camp d'en Grassot i Gràcia Nova,134,6082,2608,2020
2020-01-01,6,Gràcia,32,el Camp d'en Grassot i Gràcia Nova,134,6083,1740,2020
2020-01-01,6,Gràcia,32,el Camp d'en Grassot i Gràcia Nova,134,6084,1552,2020
2020-01-01,6,Gràcia,32,el Camp d'en Grassot i Gràcia Nova,134,6085,1287,2020
2020-01-01,6,Gràcia,32,el Camp d'en Grassot i Gràcia Nova,134,6086,990,2020
2020-01-01,6,Gràcia,32,el Camp d'en Grassot i Gràcia Nova,134,6087,1891,2020
2020-01-01,6,Gràcia,32,el Camp d'en Grassot i Gràcia Nova,134,6088,1251,2020
2020-01-01,7,Horta-Guinardó,33,el Baix Guinardó,135,7001,1597,2020
2020-01-01,7,Horta-Guinardó,33,el Baix Guinardó,135,7002,1165,2020
2020-01-01,7,Horta-Guinardó,33,el Baix Guinardó,135,7003,1319,2020
2020-01-01,7,Horta-Guinardó,33,el Baix Guinardó,135,7004,1549,2020
2020-01-01,7,Horta-Guinardó,33,el Baix Guinardó,135,7005,1489,2020
2020-01-01,7,Horta-Guinardó,33,el Baix Guinardó,135,7006,957,2020
2020-01-01,7,Horta-Guinardó,33,el Baix Guinardó,135,7007,1448,2020
2020-01-01,7,Horta-Guinardó,33,el Baix Guinardó,135,7008,1456,2020
2020-01-01,7,Horta-Guinardó,33,el Baix Guinardó,136,7009,1187,2020
2020-01-01,7,Horta-Guinardó,33,el Baix Guinardó,136,7010,1359,2020
2020-01-01,7,Horta-Guinardó,33,el Baix Guinardó,136,7011,1180,2020
2020-01-01,7,Horta-Guinardó,33,el Baix Guinardó,136,7012,1575,2020
2020-01-01,7,Horta-Guinardó,33,el Baix Guinardó,136,7013,1219,2020
2020-01-01,7,Horta-Guinardó,33,el Baix Guinardó,137,7014,891,2020
2020-01-01,7,Horta-Guinardó,33,el Baix Guinardó,137,7015,1427,2020
2020-01-01,7,Horta-Guinardó,33,el Baix Guinardó,137,7016,1367,2020
2020-01-01,7,Horta-Guinardó,33,el Baix Guinardó,137,7017,1783,2020
2020-01-01,7,Horta-Guinardó,33,el Baix Guinardó,137,7018,1723,2020
2020-01-01,7,Horta-Guinardó,33,el Baix Guinardó,137,7019,1489,2020
2020-01-01,7,Horta-Guinardó,34,Can Baró,138,7020,1736,2020
2020-01-01,7,Horta-Guinardó,34,Can Baró,138,7021,1059,2020
2020-01-01,7,Horta-Guinardó,34,Can Baró,138,7022,1142,2020
2020-01-01,7,Horta-Guinardó,34,Can Baró,138,7023,1320,2020
2020-01-01,7,Horta-Guinardó,34,Can Baró,138,7024,1498,2020
2020-01-01,7,Horta-Guinardó,34,Can Baró,138,7025,1468,2020
2020-01-01,7,Horta-Guinardó,34,Can Baró,138,7026,1108,2020
2020-01-01,7,Horta-Guinardó,35,el Guinardó,139,7027,2154,2020
2020-01-01,7,Horta-Guinardó,35,el Guinardó,139,7028,1459,2020
2020-01-01,7,Horta-Guinardó,35,el Guinardó,139,7029,1297,2020
2020-01-01,7,Horta-Guinardó,35,el Guinardó,139,7030,1405,2020
2020-01-01,7,Horta-Guinardó,35,el Guinardó,140,7031,1624,2020
2020-01-01,7,Horta-Guinardó,35,el Guinardó,140,7032,1470,2020
2020-01-01,7,Horta-Guinardó,35,el Guinardó,140,7033,1461,2020
2020-01-01,7,Horta-Guinardó,35,el Guinardó,140,7034,1892,2020
2020-01-01,7,Horta-Guinardó,35,el Guinardó,140,7035,1781,2020
2020-01-01,7,Horta-Guinardó,35,el Guinardó,140,7036,1433,2020
2020-01-01,7,Horta-Guinardó,35,el Guinardó,140,7037,1536,2020
2020-01-01,7,Horta-Guinardó,35,el Guinardó,140,7038,1278,2020
2020-01-01,7,Horta-Guinardó,35,el Guinardó,141,7039,1635,2020
2020-01-01,7,Horta-Guinardó,35,el Guinardó,141,7040,1480,2020
2020-01-01,7,Horta-Guinardó,35,el Guinardó,141,7041,1377,2020
2020-01-01,7,Horta-Guinardó,35,el Guinardó,142,7042,1504,2020
2020-01-01,7,Horta-Guinardó,35,el Guinardó,142,7043,1402,2020
2020-01-01,7,Horta-Guinardó,35,el Guinardó,142,7044,1294,2020
2020-01-01,7,Horta-Guinardó,35,el Guinardó,142,7045,1614,2020
2020-01-01,7,Horta-Guinardó,35,el Guinardó,142,7046,1451,2020
2020-01-01,7,Horta-Guinardó,35,el Guinardó,143,7047,1476,2020
2020-01-01,7,Horta-Guinardó,35,el Guinardó,143,7048,1330,2020
2020-01-01,7,Horta-Guinardó,35,el Guinardó,143,7049,1223,2020
2020-01-01,7,Horta-Guinardó,35,el Guinardó,143,7050,1203,2020
2020-01-01,7,Horta-Guinardó,35,el Guinardó,143,7051,1805,2020
2020-01-01,7,Horta-Guinardó,36,la Font d'en Fargues,144,7052,1270,2020
2020-01-01,7,Horta-Guinardó,36,la Font d'en Fargues,144,7053,1482,2020
2020-01-01,7,Horta-Guinardó,36,la Font d'en Fargues,144,7054,1575,2020
2020-01-01,7,Horta-Guinardó,36,la Font d'en Fargues,145,7055,1200,2020
2020-01-01,7,Horta-Guinardó,36,la Font d'en Fargues,145,7056,1196,2020
2020-01-01,7,Horta-Guinardó,36,la Font d'en Fargues,145,7057,1432,2020
2020-01-01,7,Horta-Guinardó,36,la Font d'en Fargues,145,7058,1389,2020
2020-01-01,7,Horta-Guinardó,37,el Carmel,146,7059,1343,2020
2020-01-01,7,Horta-Guinardó,37,el Carmel,146,7060,1865,2020
2020-01-01,7,Horta-Guinardó,37,el Carmel,147,7061,1215,2020
2020-01-01,7,Horta-Guinardó,37,el Carmel,147,7062,1355,2020
2020-01-01,7,Horta-Guinardó,37,el Carmel,147,7063,1469,2020
2020-01-01,7,Horta-Guinardó,37,el Carmel,147,7064,1693,2020
2020-01-01,7,Horta-Guinardó,37,el Carmel,147,7065,1727,2020
2020-01-01,7,Horta-Guinardó,37,el Carmel,147,7066,1852,2020
2020-01-01,7,Horta-Guinardó,37,el Carmel,147,7067,1549,2020
2020-01-01,7,Horta-Guinardó,37,el Carmel,147,7068,1316,2020
2020-01-01,7,Horta-Guinardó,37,el Carmel,147,7069,1420,2020
2020-01-01,7,Horta-Guinardó,37,el Carmel,147,7070,1459,2020
2020-01-01,7,Horta-Guinardó,37,el Carmel,148,7071,1342,2020
2020-01-01,7,Horta-Guinardó,37,el Carmel,148,7072,1406,2020
2020-01-01,7,Horta-Guinardó,37,el Carmel,148,7073,1144,2020
2020-01-01,7,Horta-Guinardó,37,el Carmel,148,7074,1693,2020
2020-01-01,7,Horta-Guinardó,37,el Carmel,148,7075,1229,2020
2020-01-01,7,Horta-Guinardó,37,el Carmel,148,7076,1374,2020
2020-01-01,7,Horta-Guinardó,37,el Carmel,148,7077,1348,2020
2020-01-01,7,Horta-Guinardó,37,el Carmel,148,7078,1422,2020
2020-01-01,7,Horta-Guinardó,37,el Carmel,148,7079,1480,2020
2020-01-01,7,Horta-Guinardó,37,el Carmel,148,7080,1811,2020
2020-01-01,7,Horta-Guinardó,38,la Teixonera,149,7081,1976,2020
2020-01-01,7,Horta-Guinardó,38,la Teixonera,149,7082,1296,2020
2020-01-01,7,Horta-Guinardó,38,la Teixonera,149,7083,1327,2020
2020-01-01,7,Horta-Guinardó,38,la Teixonera,149,7084,1343,2020
2020-01-01,7,Horta-Guinardó,38,la Teixonera,149,7085,1265,2020
2020-01-01,7,Horta-Guinardó,38,la Teixonera,149,7086,1466,2020
2020-01-01,7,Horta-Guinardó,38,la Teixonera,149,7087,1604,2020
2020-01-01,7,Horta-Guinardó,38,la Teixonera,149,7088,1650,2020
2020-01-01,7,Horta-Guinardó,39,Sant Genís dels Agudells,150,7089,1367,2020
2020-01-01,7,Horta-Guinardó,39,Sant Genís dels Agudells,150,7090,1459,2020
2020-01-01,7,Horta-Guinardó,39,Sant Genís dels Agudells,150,7091,1233,2020
2020-01-01,7,Horta-Guinardó,39,Sant Genís dels Agudells,150,7092,1562,2020
2020-01-01,7,Horta-Guinardó,39,Sant Genís dels Agudells,150,7093,1769,2020
2020-01-01,7,Horta-Guinardó,40,Montbau,151,7094,1266,2020
2020-01-01,7,Horta-Guinardó,40,Montbau,151,7095,1549,2020
2020-01-01,7,Horta-Guinardó,40,Montbau,151,7096,1462,2020
2020-01-01,7,Horta-Guinardó,40,Montbau,151,7097,895,2020
2020-01-01,7,Horta-Guinardó,41,la Vall d'Hebron,152,7098,2211,2020
2020-01-01,7,Horta-Guinardó,41,la Vall d'Hebron,152,7099,1022,2020
2020-01-01,7,Horta-Guinardó,41,la Vall d'Hebron,152,7100,1223,2020
2020-01-01,7,Horta-Guinardó,41,la Vall d'Hebron,152,7101,1430,2020
2020-01-01,7,Horta-Guinardó,42,la Clota,153,7102,709,2020
2020-01-01,7,Horta-Guinardó,43,Horta,154,7103,1644,2020
2020-01-01,7,Horta-Guinardó,43,Horta,154,7104,1584,2020
2020-01-01,7,Horta-Guinardó,43,Horta,154,7105,1057,2020
2020-01-01,7,Horta-Guinardó,43,Horta,154,7106,1199,2020
2020-01-01,7,Horta-Guinardó,43,Horta,154,7107,1204,2020
2020-01-01,7,Horta-Guinardó,43,Horta,154,7108,1243,2020
2020-01-01,7,Horta-Guinardó,43,Horta,154,7109,1645,2020
2020-01-01,7,Horta-Guinardó,43,Horta,154,7110,1059,2020
2020-01-01,7,Horta-Guinardó,43,Horta,154,7111,923,2020
2020-01-01,7,Horta-Guinardó,43,Horta,155,7112,1295,2020
2020-01-01,7,Horta-Guinardó,43,Horta,155,7113,1227,2020
2020-01-01,7,Horta-Guinardó,43,Horta,155,7114,1210,2020
2020-01-01,7,Horta-Guinardó,43,Horta,155,7115,1054,2020
2020-01-01,7,Horta-Guinardó,43,Horta,155,7116,1510,2020
2020-01-01,7,Horta-Guinardó,43,Horta,155,7117,2734,2020
2020-01-01,7,Horta-Guinardó,43,Horta,155,7118,1280,2020
2020-01-01,7,Horta-Guinardó,43,Horta,156,7119,1274,2020
2020-01-01,7,Horta-Guinardó,43,Horta,156,7120,1274,2020
2020-01-01,7,Horta-Guinardó,43,Horta,156,7121,1187,2020
2020-01-01,7,Horta-Guinardó,43,Horta,156,7122,1336,2020
2020-01-01,7,Horta-Guinardó,43,Horta,156,7123,1424,2020
2020-01-01,8,Nou Barris,44,Vilapicina i la Torre Llobeta,157,8001,1252,2020
2020-01-01,8,Nou Barris,44,Vilapicina i la Torre Llobeta,157,8002,1277,2020
2020-01-01,8,Nou Barris,44,Vilapicina i la Torre Llobeta,157,8003,1249,2020
2020-01-01,8,Nou Barris,44,Vilapicina i la Torre Llobeta,157,8004,1443,2020
2020-01-01,8,Nou Barris,44,Vilapicina i la Torre Llobeta,157,8005,1163,2020
2020-01-01,8,Nou Barris,44,Vilapicina i la Torre Llobeta,157,8006,1589,2020
2020-01-01,8,Nou Barris,44,Vilapicina i la Torre Llobeta,157,8007,1203,2020
2020-01-01,8,Nou Barris,44,Vilapicina i la Torre Llobeta,157,8008,1660,2020
2020-01-01,8,Nou Barris,44,Vilapicina i la Torre Llobeta,158,8009,1752,2020
2020-01-01,8,Nou Barris,44,Vilapicina i la Torre Llobeta,159,8010,1105,2020
2020-01-01,8,Nou Barris,44,Vilapicina i la Torre Llobeta,159,8011,1200,2020
2020-01-01,8,Nou Barris,44,Vilapicina i la Torre Llobeta,159,8012,1339,2020
2020-01-01,8,Nou Barris,44,Vilapicina i la Torre Llobeta,159,8013,1184,2020
2020-01-01,8,Nou Barris,44,Vilapicina i la Torre Llobeta,159,8014,1309,2020
2020-01-01,8,Nou Barris,44,Vilapicina i la Torre Llobeta,160,8015,1452,2020
2020-01-01,8,Nou Barris,44,Vilapicina i la Torre Llobeta,160,8016,1166,2020
2020-01-01,8,Nou Barris,44,Vilapicina i la Torre Llobeta,160,8017,1370,2020
2020-01-01,8,Nou Barris,44,Vilapicina i la Torre Llobeta,160,8018,1551,2020
2020-01-01,8,Nou Barris,44,Vilapicina i la Torre Llobeta,160,8019,1819,2020
2020-01-01,8,Nou Barris,45,Porta,161,8020,1406,2020
2020-01-01,8,Nou Barris,45,Porta,161,8021,1499,2020
2020-01-01,8,Nou Barris,45,Porta,161,8022,1278,2020
2020-01-01,8,Nou Barris,45,Porta,161,8023,1402,2020
2020-01-01,8,Nou Barris,45,Porta,161,8024,1368,2020
2020-01-01,8,Nou Barris,45,Porta,161,8025,1194,2020
2020-01-01,8,Nou Barris,45,Porta,161,8026,1420,2020
2020-01-01,8,Nou Barris,45,Porta,162,8027,1408,2020
2020-01-01,8,Nou Barris,45,Porta,162,8028,1123,2020
2020-01-01,8,Nou Barris,45,Porta,162,8029,1553,2020
2020-01-01,8,Nou Barris,45,Porta,162,8030,1514,2020
2020-01-01,8,Nou Barris,45,Porta,163,8031,1306,2020
2020-01-01,8,Nou Barris,45,Porta,163,8032,1305,2020
2020-01-01,8,Nou Barris,45,Porta,163,8033,1456,2020
2020-01-01,8,Nou Barris,45,Porta,163,8034,1311,2020
2020-01-01,8,Nou Barris,45,Porta,163,8035,4142,2020
2020-01-01,8,Nou Barris,45,Porta,163,8036,1564,2020
2020-01-01,8,Nou Barris,45,Porta,163,8037,1564,2020
2020-01-01,8,Nou Barris,46,el Turó de la Peira,164,8038,1580,2020
2020-01-01,8,Nou Barris,46,el Turó de la Peira,164,8039,1558,2020
2020-01-01,8,Nou Barris,46,el Turó de la Peira,164,8040,1931,2020
2020-01-01,8,Nou Barris,46,el Turó de la Peira,164,8041,2534,2020
2020-01-01,8,Nou Barris,46,el Turó de la Peira,164,8042,1274,2020
2020-01-01,8,Nou Barris,46,el Turó de la Peira,164,8043,1147,2020
2020-01-01,8,Nou Barris,46,el Turó de la Peira,165,8044,1345,2020
2020-01-01,8,Nou Barris,46,el Turó de la Peira,165,8045,1791,2020
2020-01-01,8,Nou Barris,46,el Turó de la Peira,165,8046,1421,2020
2020-01-01,8,Nou Barris,46,el Turó de la Peira,165,8047,1648,2020
2020-01-01,8,Nou Barris,47,Can Peguera,166,8048,1008,2020
2020-01-01,8,Nou Barris,47,Can Peguera,166,8049,1266,2020
2020-01-01,8,Nou Barris,48,la Guineueta,167,8050,1425,2020
2020-01-01,8,Nou Barris,48,la Guineueta,167,8051,1350,2020
2020-01-01,8,Nou Barris,48,la Guineueta,167,8052,896,2020
2020-01-01,8,Nou Barris,48,la Guineueta,167,8053,1162,2020
2020-01-01,8,Nou Barris,48,la Guineueta,167,8054,1710,2020
2020-01-01,8,Nou Barris,48,la Guineueta,167,8055,1841,2020
2020-01-01,8,Nou Barris,48,la Guineueta,167,8215,1574,2020
2020-01-01,8,Nou Barris,48,la Guineueta,168,8056,1499,2020
2020-01-01,8,Nou Barris,48,la Guineueta,168,8057,1344,2020
2020-01-01,8,Nou Barris,48,la Guineueta,168,8058,1631,2020
2020-01-01,8,Nou Barris,48,la Guineueta,168,8059,988,2020
2020-01-01,8,Nou Barris,49,Canyelles,169,8060,1200,2020
2020-01-01,8,Nou Barris,49,Canyelles,169,8061,1645,2020
2020-01-01,8,Nou Barris,49,Canyelles,169,8062,1165,2020
2020-01-01,8,Nou Barris,49,Canyelles,169,8063,1067,2020
2020-01-01,8,Nou Barris,49,Canyelles,169,8064,1792,2020
2020-01-01,8,Nou Barris,50,les Roquetes,170,8065,1755,2020
2020-01-01,8,Nou Barris,50,les Roquetes,170,8066,1629,2020
2020-01-01,8,Nou Barris,50,les Roquetes,170,8067,1796,2020
2020-01-01,8,Nou Barris,50,les Roquetes,170,8068,1944,2020
2020-01-01,8,Nou Barris,50,les Roquetes,170,8069,1584,2020
2020-01-01,8,Nou Barris,50,les Roquetes,171,8070,1483,2020
2020-01-01,8,Nou Barris,50,les Roquetes,171,8071,1753,2020
2020-01-01,8,Nou Barris,50,les Roquetes,171,8072,1185,2020
2020-01-01,8,Nou Barris,50,les Roquetes,171,8073,1753,2020
2020-01-01,8,Nou Barris,50,les Roquetes,171,8074,1512,2020
2020-01-01,8,Nou Barris,51,Verdun,172,8075,1949,2020
2020-01-01,8,Nou Barris,51,Verdun,172,8076,1618,2020
2020-01-01,8,Nou Barris,51,Verdun,172,8077,1438,2020
2020-01-01,8,Nou Barris,51,Verdun,173,8078,1566,2020
2020-01-01,8,Nou Barris,51,Verdun,173,8079,1442,2020
2020-01-01,8,Nou Barris,51,Verdun,173,8080,1541,2020
2020-01-01,8,Nou Barris,51,Verdun,173,8081,1658,2020
2020-01-01,8,Nou Barris,51,Verdun,173,8082,1586,2020
2020-01-01,8,Nou Barris,52,la Prosperitat,174,8083,1326,2020
2020-01-01,8,Nou Barris,52,la Prosperitat,174,8084,1159,2020
2020-01-01,8,Nou Barris,52,la Prosperitat,174,8085,1475,2020
2020-01-01,8,Nou Barris,52,la Prosperitat,174,8086,1718,2020
2020-01-01,8,Nou Barris,52,la Prosperitat,175,8087,1279,2020
2020-01-01,8,Nou Barris,52,la Prosperitat,175,8088,1284,2020
2020-01-01,8,Nou Barris,52,la Prosperitat,175,8089,1244,2020
2020-01-01,8,Nou Barris,52,la Prosperitat,175,8090,1244,2020
2020-01-01,8,Nou Barris,52,la Prosperitat,175,8091,1216,2020
2020-01-01,8,Nou Barris,52,la Prosperitat,176,8092,995,2020
2020-01-01,8,Nou Barris,52,la Prosperitat,176,8093,1273,2020
2020-01-01,8,Nou Barris,52,la Prosperitat,176,8094,1456,2020
2020-01-01,8,Nou Barris,52,la Prosperitat,176,8095,1057,2020
2020-01-01,8,Nou Barris,52,la Prosperitat,177,8096,1551,2020
2020-01-01,8,Nou Barris,52,la Prosperitat,177,8097,1381,2020
2020-01-01,8,Nou Barris,52,la Prosperitat,177,8098,1292,2020
2020-01-01,8,Nou Barris,52,la Prosperitat,177,8099,1429,2020
2020-01-01,8,Nou Barris,52,la Prosperitat,177,8100,1299,2020
2020-01-01,8,Nou Barris,52,la Prosperitat,177,8101,1760,2020
2020-01-01,8,Nou Barris,52,la Prosperitat,177,8102,1588,2020
2020-01-01,8,Nou Barris,53,la Trinitat Nova,178,8103,1659,2020
2020-01-01,8,Nou Barris,53,la Trinitat Nova,178,8104,1304,2020
2020-01-01,8,Nou Barris,53,la Trinitat Nova,178,8105,1490,2020
2020-01-01,8,Nou Barris,53,la Trinitat Nova,178,8106,1293,2020
2020-01-01,8,Nou Barris,53,la Trinitat Nova,178,8107,1923,2020
2020-01-01,8,Nou Barris,54,Torre Baró,179,8108,1946,2020
2020-01-01,8,Nou Barris,54,Torre Baró,179,8109,979,2020
2020-01-01,8,Nou Barris,55,Ciutat Meridiana,180,8110,2001,2020
2020-01-01,8,Nou Barris,55,Ciutat Meridiana,180,8111,1706,2020
2020-01-01,8,Nou Barris,55,Ciutat Meridiana,180,8112,1776,2020
2020-01-01,8,Nou Barris,55,Ciutat Meridiana,180,8113,1808,2020
2020-01-01,8,Nou Barris,55,Ciutat Meridiana,180,8114,2052,2020
2020-01-01,8,Nou Barris,55,Ciutat Meridiana,180,8115,1748,2020
2020-01-01,8,Nou Barris,56,Vallbona,181,8116,1421,2020
2020-01-01,9,Sant Andreu,57,la Trinitat Vella,182,9001,2738,2020
2020-01-01,9,Sant Andreu,57,la Trinitat Vella,182,9002,2129,2020
2020-01-01,9,Sant Andreu,57,la Trinitat Vella,182,9003,2235,2020
2020-01-01,9,Sant Andreu,57,la Trinitat Vella,182,9004,1735,2020
2020-01-01,9,Sant Andreu,57,la Trinitat Vella,182,9005,1650,2020
2020-01-01,9,Sant Andreu,58,Baró de Viver,183,9006,1283,2020
2020-01-01,9,Sant Andreu,58,Baró de Viver,183,9007,1342,2020
2020-01-01,9,Sant Andreu,59,el Bon Pastor,184,9008,1895,2020
2020-01-01,9,Sant Andreu,59,el Bon Pastor,184,9009,1451,2020
2020-01-01,9,Sant Andreu,59,el Bon Pastor,185,9010,1833,2020
2020-01-01,9,Sant Andreu,59,el Bon Pastor,185,9011,1715,2020
2020-01-01,9,Sant Andreu,59,el Bon Pastor,185,9013,2000,2020
2020-01-01,9,Sant Andreu,59,el Bon Pastor,185,9014,2934,2020
2020-01-01,9,Sant Andreu,59,el Bon Pastor,185,9015,1824,2020
2020-01-01,9,Sant Andreu,60,Sant Andreu,186,9016,1358,2020
2020-01-01,9,Sant Andreu,60,Sant Andreu,186,9017,1531,2020
2020-01-01,9,Sant Andreu,60,Sant Andreu,186,9018,1495,2020
2020-01-01,9,Sant Andreu,60,Sant Andreu,186,9019,2719,2020
2020-01-01,9,Sant Andreu,60,Sant Andreu,186,9020,1151,2020
2020-01-01,9,Sant Andreu,60,Sant Andreu,186,9021,1386,2020
2020-01-01,9,Sant Andreu,60,Sant Andreu,186,9022,1272,2020
2020-01-01,9,Sant Andreu,60,Sant Andreu,186,9023,1222,2020
2020-01-01,9,Sant Andreu,60,Sant Andreu,187,9024,1158,2020
2020-01-01,9,Sant Andreu,60,Sant Andreu,187,9025,1229,2020
2020-01-01,9,Sant Andreu,60,Sant Andreu,187,9026,1582,2020
2020-01-01,9,Sant Andreu,60,Sant Andreu,187,9027,1306,2020
2020-01-01,9,Sant Andreu,60,Sant Andreu,188,9028,1616,2020
2020-01-01,9,Sant Andreu,60,Sant Andreu,188,9029,1135,2020
2020-01-01,9,Sant Andreu,60,Sant Andreu,188,9030,1470,2020
2020-01-01,9,Sant Andreu,60,Sant Andreu,188,9031,1197,2020
2020-01-01,9,Sant Andreu,60,Sant Andreu,189,9032,2212,2020
2020-01-01,9,Sant Andreu,60,Sant Andreu,189,9033,3234,2020
2020-01-01,9,Sant Andreu,60,Sant Andreu,190,9034,1402,2020
2020-01-01,9,Sant Andreu,60,Sant Andreu,190,9035,1577,2020
2020-01-01,9,Sant Andreu,60,Sant Andreu,190,9036,1404,2020
2020-01-01,9,Sant Andreu,60,Sant Andreu,190,9037,1585,2020
2020-01-01,9,Sant Andreu,60,Sant Andreu,190,9038,1740,2020
2020-01-01,9,Sant Andreu,60,Sant Andreu,190,9039,1564,2020
2020-01-01,9,Sant Andreu,60,Sant Andreu,191,9040,1601,2020
2020-01-01,9,Sant Andreu,60,Sant Andreu,191,9041,1405,2020
2020-01-01,9,Sant Andreu,60,Sant Andreu,191,9042,1293,2020
2020-01-01,9,Sant Andreu,60,Sant Andreu,191,9043,1344,2020
2020-01-01,9,Sant Andreu,60,Sant Andreu,191,9044,1489,2020
2020-01-01,9,Sant Andreu,60,Sant Andreu,191,9045,1439,2020
2020-01-01,9,Sant Andreu,60,Sant Andreu,192,9046,1341,2020
2020-01-01,9,Sant Andreu,60,Sant Andreu,192,9047,1578,2020
2020-01-01,9,Sant Andreu,60,Sant Andreu,192,9048,1383,2020
2020-01-01,9,Sant Andreu,60,Sant Andreu,192,9049,1338,2020
2020-01-01,9,Sant Andreu,60,Sant Andreu,192,9050,1583,2020
2020-01-01,9,Sant Andreu,60,Sant Andreu,192,9051,1245,2020
2020-01-01,9,Sant Andreu,60,Sant Andreu,192,9052,1224,2020
2020-01-01,9,Sant Andreu,60,Sant Andreu,192,9053,1595,2020
2020-01-01,9,Sant Andreu,60,Sant Andreu,192,9054,1105,2020
2020-01-01,9,Sant Andreu,61,la Sagrera,193,9055,1707,2020
2020-01-01,9,Sant Andreu,61,la Sagrera,193,9056,1154,2020
2020-01-01,9,Sant Andreu,61,la Sagrera,193,9057,1665,2020
2020-01-01,9,Sant Andreu,61,la Sagrera,193,9058,1516,2020
2020-01-01,9,Sant Andreu,61,la Sagrera,193,9059,1428,2020
2020-01-01,9,Sant Andreu,61,la Sagrera,193,9060,1340,2020
2020-01-01,9,Sant Andreu,61,la Sagrera,193,9156,1253,2020
2020-01-01,9,Sant Andreu,61,la Sagrera,194,9061,1714,2020
2020-01-01,9,Sant Andreu,61,la Sagrera,194,9062,1162,2020
2020-01-01,9,Sant Andreu,61,la Sagrera,195,9063,1156,2020
2020-01-01,9,Sant Andreu,61,la Sagrera,195,9064,1171,2020
2020-01-01,9,Sant Andreu,61,la Sagrera,195,9065,2127,2020
2020-01-01,9,Sant Andreu,61,la Sagrera,195,9066,1493,2020
2020-01-01,9,Sant Andreu,61,la Sagrera,195,9067,1561,2020
2020-01-01,9,Sant Andreu,61,la Sagrera,196,9068,1595,2020
2020-01-01,9,Sant Andreu,61,la Sagrera,196,9069,896,2020
2020-01-01,9,Sant Andreu,61,la Sagrera,196,9070,1719,2020
2020-01-01,9,Sant Andreu,61,la Sagrera,196,9071,1920,2020
2020-01-01,9,Sant Andreu,61,la Sagrera,196,9072,1503,2020
2020-01-01,9,Sant Andreu,61,la Sagrera,196,9073,1528,2020
2020-01-01,9,Sant Andreu,62,el Congrés i els Indians,197,9074,1679,2020
2020-01-01,9,Sant Andreu,62,el Congrés i els Indians,197,9075,1588,2020
2020-01-01,9,Sant Andreu,62,el Congrés i els Indians,197,9076,1506,2020
2020-01-01,9,Sant Andreu,62,el Congrés i els Indians,197,9077,1645,2020
2020-01-01,9,Sant Andreu,62,el Congrés i els Indians,198,9078,1443,2020
2020-01-01,9,Sant Andreu,62,el Congrés i els Indians,198,9079,1663,2020
2020-01-01,9,Sant Andreu,62,el Congrés i els Indians,198,9080,1381,2020
2020-01-01,9,Sant Andreu,62,el Congrés i els Indians,198,9081,1763,2020
2020-01-01,9,Sant Andreu,62,el Congrés i els Indians,198,9082,2058,2020
2020-01-01,9,Sant Andreu,63,Navas,199,9083,1631,2020
2020-01-01,9,Sant Andreu,63,Navas,199,9084,1779,2020
2020-01-01,9,Sant Andreu,63,Navas,199,9085,1772,2020
2020-01-01,9,Sant Andreu,63,Navas,199,9086,1472,2020
2020-01-01,9,Sant Andreu,63,Navas,199,9087,1344,2020
2020-01-01,9,Sant Andreu,63,Navas,199,9088,1915,2020
2020-01-01,9,Sant Andreu,63,Navas,199,9089,1526,2020
2020-01-01,9,Sant Andreu,63,Navas,200,9090,1627,2020
2020-01-01,9,Sant Andreu,63,Navas,200,9091,1935,2020
2020-01-01,9,Sant Andreu,63,Navas,200,9092,1945,2020
2020-01-01,9,Sant Andreu,63,Navas,200,9093,1345,2020
2020-01-01,9,Sant Andreu,63,Navas,200,9094,2073,2020
2020-01-01,9,Sant Andreu,63,Navas,200,9095,2093,2020
2020-01-01,10,Sant Martí,64,el Camp de l'Arpa del Clot,201,10001,1598,2020
2020-01-01,10,Sant Martí,64,el Camp de l'Arpa del Clot,201,10002,1757,2020
2020-01-01,10,Sant Martí,64,el Camp de l'Arpa del Clot,201,10003,1582,2020
2020-01-01,10,Sant Martí,64,el Camp de l'Arpa del Clot,201,10004,1565,2020
2020-01-01,10,Sant Martí,64,el Camp de l'Arpa del Clot,201,10005,1678,2020
2020-01-01,10,Sant Martí,64,el Camp de l'Arpa del Clot,202,10006,1867,2020
2020-01-01,10,Sant Martí,64,el Camp de l'Arpa del Clot,202,10007,1331,2020
2020-01-01,10,Sant Martí,64,el Camp de l'Arpa del Clot,202,10008,1735,2020
2020-01-01,10,Sant Martí,64,el Camp de l'Arpa del Clot,202,10009,1640,2020
2020-01-01,10,Sant Martí,64,el Camp de l'Arpa del Clot,202,10010,1748,2020
2020-01-01,10,Sant Martí,64,el Camp de l'Arpa del Clot,202,10011,1212,2020
2020-01-01,10,Sant Martí,64,el Camp de l'Arpa del Clot,203,10012,1845,2020
2020-01-01,10,Sant Martí,64,el Camp de l'Arpa del Clot,203,10013,1429,2020
2020-01-01,10,Sant Martí,64,el Camp de l'Arpa del Clot,203,10014,1535,2020
2020-01-01,10,Sant Martí,64,el Camp de l'Arpa del Clot,203,10015,1980,2020
2020-01-01,10,Sant Martí,64,el Camp de l'Arpa del Clot,203,10016,1273,2020
2020-01-01,10,Sant Martí,64,el Camp de l'Arpa del Clot,203,10017,1703,2020
2020-01-01,10,Sant Martí,64,el Camp de l'Arpa del Clot,203,10018,1470,2020
2020-01-01,10,Sant Martí,64,el Camp de l'Arpa del Clot,204,10019,1601,2020
2020-01-01,10,Sant Martí,64,el Camp de l'Arpa del Clot,204,10020,1466,2020
2020-01-01,10,Sant Martí,64,el Camp de l'Arpa del Clot,204,10021,1396,2020
2020-01-01,10,Sant Martí,64,el Camp de l'Arpa del Clot,204,10022,1381,2020
2020-01-01,10,Sant Martí,64,el Camp de l'Arpa del Clot,204,10023,1494,2020
2020-01-01,10,Sant Martí,64,el Camp de l'Arpa del Clot,204,10024,1486,2020
2020-01-01,10,Sant Martí,64,el Camp de l'Arpa del Clot,204,10025,1364,2020
2020-01-01,10,Sant Martí,65,el Clot,205,10026,1545,2020
2020-01-01,10,Sant Martí,65,el Clot,205,10027,1501,2020
2020-01-01,10,Sant Martí,65,el Clot,205,10028,1800,2020
2020-01-01,10,Sant Martí,65,el Clot,205,10029,1466,2020
2020-01-01,10,Sant Martí,65,el Clot,205,10030,1793,2020
2020-01-01,10,Sant Martí,65,el Clot,205,10031,1579,2020
2020-01-01,10,Sant Martí,65,el Clot,206,10032,1390,2020
2020-01-01,10,Sant Martí,65,el Clot,206,10033,872,2020
2020-01-01,10,Sant Martí,65,el Clot,206,10034,1707,2020
2020-01-01,10,Sant Martí,65,el Clot,206,10035,1999,2020
2020-01-01,10,Sant Martí,65,el Clot,206,10036,1472,2020
2020-01-01,10,Sant Martí,65,el Clot,206,10037,1079,2020
2020-01-01,10,Sant Martí,65,el Clot,206,10234,1846,2020
2020-01-01,10,Sant Martí,65,el Clot,207,10038,1611,2020
2020-01-01,10,Sant Martí,65,el Clot,207,10039,1884,2020
2020-01-01,10,Sant Martí,65,el Clot,207,10040,1879,2020
2020-01-01,10,Sant Martí,65,el Clot,207,10041,1659,2020
2020-01-01,10,Sant Martí,66,el Parc i la Llacuna del Poblenou,208,10042,3021,2020
2020-01-01,10,Sant Martí,66,el Parc i la Llacuna del Poblenou,208,10043,2369,2020
2020-01-01,10,Sant Martí,66,el Parc i la Llacuna del Poblenou,209,10044,1587,2020
2020-01-01,10,Sant Martí,66,el Parc i la Llacuna del Poblenou,209,10045,1300,2020
2020-01-01,10,Sant Martí,66,el Parc i la Llacuna del Poblenou,209,10046,1242,2020
2020-01-01,10,Sant Martí,66,el Parc i la Llacuna del Poblenou,209,10047,1825,2020
2020-01-01,10,Sant Martí,66,el Parc i la Llacuna del Poblenou,209,10048,1728,2020
2020-01-01,10,Sant Martí,66,el Parc i la Llacuna del Poblenou,209,10049,1293,2020
2020-01-01,10,Sant Martí,66,el Parc i la Llacuna del Poblenou,209,10050,1578,2020
2020-01-01,10,Sant Martí,67,la Vila Olímpica del Poblenou,210,10051,1597,2020
2020-01-01,10,Sant Martí,67,la Vila Olímpica del Poblenou,210,10052,2437,2020
2020-01-01,10,Sant Martí,67,la Vila Olímpica del Poblenou,210,10053,1763,2020
2020-01-01,10,Sant Martí,67,la Vila Olímpica del Poblenou,210,10054,961,2020
2020-01-01,10,Sant Martí,67,la Vila Olímpica del Poblenou,211,10055,2627,2020
2020-01-01,10,Sant Martí,68,el Poblenou,212,10056,1929,2020
2020-01-01,10,Sant Martí,68,el Poblenou,212,10057,1458,2020
2020-01-01,10,Sant Martí,68,el Poblenou,212,10058,1166,2020
2020-01-01,10,Sant Martí,68,el Poblenou,213,10059,1773,2020
2020-01-01,10,Sant Martí,68,el Poblenou,213,10060,1631,2020
2020-01-01,10,Sant Martí,68,el Poblenou,213,10061,1781,2020
2020-01-01,10,Sant Martí,68,el Poblenou,213,10062,1528,2020
2020-01-01,10,Sant Martí,68,el Poblenou,214,10063,1232,2020
2020-01-01,10,Sant Martí,68,el Poblenou,214,10064,1696,2020
2020-01-01,10,Sant Martí,68,el Poblenou,214,10065,1604,2020
2020-01-01,10,Sant Martí,68,el Poblenou,214,10066,2141,2020
2020-01-01,10,Sant Martí,68,el Poblenou,214,10067,1911,2020
2020-01-01,10,Sant Martí,68,el Poblenou,214,10068,1659,2020
2020-01-01,10,Sant Martí,68,el Poblenou,215,10069,2744,2020
2020-01-01,10,Sant Martí,68,el Poblenou,215,10070,1655,2020
2020-01-01,10,Sant Martí,68,el Poblenou,215,10071,1816,2020
2020-01-01,10,Sant Martí,68,el Poblenou,215,10072,1994,2020
2020-01-01,10,Sant Martí,68,el Poblenou,215,10073,1471,2020
2020-01-01,10,Sant Martí,68,el Poblenou,215,10074,1688,2020
2020-01-01,10,Sant Martí,68,el Poblenou,215,10075,1559,2020
2020-01-01,10,Sant Martí,69,Diagonal Mar i el Front Marítim del Poblenou,216,10076,2220,2020
2020-01-01,10,Sant Martí,69,Diagonal Mar i el Front Marítim del Poblenou,216,10235,1342,2020
2020-01-01,10,Sant Martí,69,Diagonal Mar i el Front Marítim del Poblenou,216,10236,1621,2020
2020-01-01,10,Sant Martí,69,Diagonal Mar i el Front Marítim del Poblenou,217,10077,1816,2020
2020-01-01,10,Sant Martí,69,Diagonal Mar i el Front Marítim del Poblenou,217,10078,2449,2020
2020-01-01,10,Sant Martí,69,Diagonal Mar i el Front Marítim del Poblenou,217,10079,1781,2020
2020-01-01,10,Sant Martí,69,Diagonal Mar i el Front Marítim del Poblenou,218,10080,2297,2020
2020-01-01,10,Sant Martí,70,el Besòs i el Maresme,219,10081,2083,2020
2020-01-01,10,Sant Martí,70,el Besòs i el Maresme,219,10082,2042,2020
2020-01-01,10,Sant Martí,70,el Besòs i el Maresme,219,10083,2276,2020
2020-01-01,10,Sant Martí,70,el Besòs i el Maresme,219,10084,1662,2020
2020-01-01,10,Sant Martí,70,el Besòs i el Maresme,220,10085,2116,2020
2020-01-01,10,Sant Martí,70,el Besòs i el Maresme,220,10086,1961,2020
2020-01-01,10,Sant Martí,70,el Besòs i el Maresme,220,10087,1821,2020
2020-01-01,10,Sant Martí,70,el Besòs i el Maresme,220,10088,1681,2020
2020-01-01,10,Sant Martí,70,el Besòs i el Maresme,221,10089,4092,2020
2020-01-01,10,Sant Martí,70,el Besòs i el Maresme,222,10090,1464,2020
2020-01-01,10,Sant Martí,70,el Besòs i el Maresme,222,10091,1976,2020
2020-01-01,10,Sant Martí,70,el Besòs i el Maresme,222,10092,1464,2020
2020-01-01,10,Sant Martí,70,el Besòs i el Maresme,222,10093,1067,2020
2020-01-01,10,Sant Martí,71,Provençals del Poblenou,223,10094,3026,2020
2020-01-01,10,Sant Martí,71,Provençals del Poblenou,223,10095,1310,2020
2020-01-01,10,Sant Martí,71,Provençals del Poblenou,224,10096,1660,2020
2020-01-01,10,Sant Martí,71,Provençals del Poblenou,224,10097,1633,2020
2020-01-01,10,Sant Martí,71,Provençals del Poblenou,224,10098,1830,2020
2020-01-01,10,Sant Martí,71,Provençals del Poblenou,224,10099,1140,2020
2020-01-01,10,Sant Martí,71,Provençals del Poblenou,224,10100,1693,2020
2020-01-01,10,Sant Martí,71,Provençals del Poblenou,225,10101,1665,2020
2020-01-01,10,Sant Martí,71,Provençals del Poblenou,225,10102,2647,2020
2020-01-01,10,Sant Martí,71,Provençals del Poblenou,225,10103,2202,2020
2020-01-01,10,Sant Martí,71,Provençals del Poblenou,225,10104,1595,2020
2020-01-01,10,Sant Martí,71,Provençals del Poblenou,225,10237,918,2020
2020-01-01,10,Sant Martí,72,Sant Martí de Provençals,226,10105,2241,2020
2020-01-01,10,Sant Martí,72,Sant Martí de Provençals,226,10106,1030,2020
2020-01-01,10,Sant Martí,72,Sant Martí de Provençals,226,10107,1577,2020
2020-01-01,10,Sant Martí,72,Sant Martí de Provençals,226,10108,1307,2020
2020-01-01,10,Sant Martí,72,Sant Martí de Provençals,226,10109,1610,2020
2020-01-01,10,Sant Martí,72,Sant Martí de Provençals,226,10110,1663,2020
2020-01-01,10,Sant Martí,72,Sant Martí de Provençals,227,10111,1309,2020
2020-01-01,10,Sant Martí,72,Sant Martí de Provençals,227,10112,1559,2020
2020-01-01,10,Sant Martí,72,Sant Martí de Provençals,227,10113,1196,2020
2020-01-01,10,Sant Martí,72,Sant Martí de Provençals,227,10114,1430,2020
2020-01-01,10,Sant Martí,72,Sant Martí de Provençals,228,10115,1397,2020
2020-01-01,10,Sant Martí,72,Sant Martí de Provençals,228,10116,1862,2020
2020-01-01,10,Sant Martí,72,Sant Martí de Provençals,228,10117,1270,2020
2020-01-01,10,Sant Martí,72,Sant Martí de Provençals,228,10118,1009,2020
2020-01-01,10,Sant Martí,72,Sant Martí de Provençals,228,10119,1174,2020
2020-01-01,10,Sant Martí,72,Sant Martí de Provençals,229,10120,1477,2020
2020-01-01,10,Sant Martí,72,Sant Martí de Provençals,229,10121,1573,2020
2020-01-01,10,Sant Martí,72,Sant Martí de Provençals,229,10122,1484,2020
2020-01-01,10,Sant Martí,73,la Verneda i la Pau,230,10123,1349,2020
2020-01-01,10,Sant Martí,73,la Verneda i la Pau,230,10124,1103,2020
2020-01-01,10,Sant Martí,73,la Verneda i la Pau,230,10125,1083,2020
2020-01-01,10,Sant Martí,73,la Verneda i la Pau,230,10126,1017,2020
2020-01-01,10,Sant Martí,73,la Verneda i la Pau,230,10127,1011,2020
2020-01-01,10,Sant Martí,73,la Verneda i la Pau,230,10128,1572,2020
2020-01-01,10,Sant Martí,73,la Verneda i la Pau,230,10129,1168,2020
2020-01-01,10,Sant Martí,73,la Verneda i la Pau,231,10130,1200,2020
2020-01-01,10,Sant Martí,73,la Verneda i la Pau,231,10131,1149,2020
2020-01-01,10,Sant Martí,73,la Verneda i la Pau,231,10132,1287,2020
2020-01-01,10,Sant Martí,73,la Verneda i la Pau,231,10133,1703,2020
2020-01-01,10,Sant Martí,73,la Verneda i la Pau,231,10134,1582,2020
2020-01-01,10,Sant Martí,73,la Verneda i la Pau,231,10135,1256,2020
2020-01-01,10,Sant Martí,73,la Verneda i la Pau,232,10136,1374,2020
2020-01-01,10,Sant Martí,73,la Verneda i la Pau,232,10137,1594,2020
2020-01-01,10,Sant Martí,73,la Verneda i la Pau,232,10138,1629,2020
2020-01-01,10,Sant Martí,73,la Verneda i la Pau,232,10139,1679,2020
2020-01-01,10,Sant Martí,73,la Verneda i la Pau,233,10140,1635,2020
2020-01-01,10,Sant Martí,73,la Verneda i la Pau,233,10141,1124,2020
2020-01-01,10,Sant Martí,73,la Verneda i la Pau,233,10142,1634,2020
2020-01-01,10,Sant Martí,73,la Verneda i la Pau,233,10143,1729,2020
2021-01-01,1,Ciutat Vella,1,el Raval,1,1001,1311,2021
2021-01-01,1,Ciutat Vella,1,el Raval,1,1002,1489,2021
2021-01-01,1,Ciutat Vella,1,el Raval,2,1003,3661,2021
2021-01-01,1,Ciutat Vella,1,el Raval,2,1004,2972,2021
2021-01-01,1,Ciutat Vella,1,el Raval,3,1005,2448,2021
2021-01-01,1,Ciutat Vella,1,el Raval,3,1006,1631,2021
2021-01-01,1,Ciutat Vella,1,el Raval,3,1007,2015,2021
2021-01-01,1,Ciutat Vella,1,el Raval,4,1008,3397,2021
2021-01-01,1,Ciutat Vella,1,el Raval,4,1009,2244,2021
2021-01-01,1,Ciutat Vella,1,el Raval,4,1010,2501,2021
2021-01-01,1,Ciutat Vella,1,el Raval,5,1011,3340,2021
2021-01-01,1,Ciutat Vella,1,el Raval,5,1012,1946,2021
2021-01-01,1,Ciutat Vella,1,el Raval,5,1013,1471,2021
2021-01-01,1,Ciutat Vella,1,el Raval,6,1014,2154,2021
2021-01-01,1,Ciutat Vella,1,el Raval,6,1015,2355,2021
2021-01-01,1,Ciutat Vella,1,el Raval,6,1016,2159,2021
2021-01-01,1,Ciutat Vella,1,el Raval,6,1017,2594,2021
2021-01-01,1,Ciutat Vella,1,el Raval,7,1018,1568,2021
2021-01-01,1,Ciutat Vella,1,el Raval,7,1019,3005,2021
2021-01-01,1,Ciutat Vella,1,el Raval,7,1020,2237,2021
2021-01-01,1,Ciutat Vella,1,el Raval,8,1021,2190,2021
2021-01-01,1,Ciutat Vella,2,el Barri Gòtic,9,1022,1570,2021
2021-01-01,1,Ciutat Vella,2,el Barri Gòtic,9,1023,2098,2021
2021-01-01,1,Ciutat Vella,2,el Barri Gòtic,10,1025,1387,2021
2021-01-01,1,Ciutat Vella,2,el Barri Gòtic,10,1026,8690,2021
2021-01-01,1,Ciutat Vella,2,el Barri Gòtic,10,1027,1564,2021
2021-01-01,1,Ciutat Vella,2,el Barri Gòtic,11,1028,1959,2021
2021-01-01,1,Ciutat Vella,2,el Barri Gòtic,11,1029,1481,2021
2021-01-01,1,Ciutat Vella,2,el Barri Gòtic,12,1030,2495,2021
2021-01-01,1,Ciutat Vella,2,el Barri Gòtic,12,1031,1606,2021
2021-01-01,1,Ciutat Vella,3,la Barceloneta,13,1032,1862,2021
2021-01-01,1,Ciutat Vella,3,la Barceloneta,13,1033,1131,2021
2021-01-01,1,Ciutat Vella,3,la Barceloneta,13,1034,962,2021
2021-01-01,1,Ciutat Vella,3,la Barceloneta,14,1035,1255,2021
2021-01-01,1,Ciutat Vella,3,la Barceloneta,14,1036,1194,2021
2021-01-01,1,Ciutat Vella,3,la Barceloneta,15,1037,1381,2021
2021-01-01,1,Ciutat Vella,3,la Barceloneta,15,1038,1537,2021
2021-01-01,1,Ciutat Vella,3,la Barceloneta,15,1039,1375,2021
2021-01-01,1,Ciutat Vella,3,la Barceloneta,15,1040,1089,2021
2021-01-01,1,Ciutat Vella,3,la Barceloneta,15,1041,1577,2021
2021-01-01,1,Ciutat Vella,3,la Barceloneta,15,1042,1762,2021
2021-01-01,1,Ciutat Vella,4,"Sant Pere, Santa Caterina i la Ribera",16,1043,1629,2021
2021-01-01,1,Ciutat Vella,4,"Sant Pere, Santa Caterina i la Ribera",16,1044,1425,2021
2021-01-01,1,Ciutat Vella,4,"Sant Pere, Santa Caterina i la Ribera",16,1045,2012,2021
2021-01-01,1,Ciutat Vella,4,"Sant Pere, Santa Caterina i la Ribera",16,1046,1792,2021
2021-01-01,1,Ciutat Vella,4,"Sant Pere, Santa Caterina i la Ribera",17,1047,1781,2021
2021-01-01,1,Ciutat Vella,4,"Sant Pere, Santa Caterina i la Ribera",17,1048,2139,2021
2021-01-01,1,Ciutat Vella,4,"Sant Pere, Santa Caterina i la Ribera",17,1049,1520,2021
2021-01-01,1,Ciutat Vella,4,"Sant Pere, Santa Caterina i la Ribera",18,1050,1544,2021
2021-01-01,1,Ciutat Vella,4,"Sant Pere, Santa Caterina i la Ribera",18,1051,1863,2021
2021-01-01,1,Ciutat Vella,4,"Sant Pere, Santa Caterina i la Ribera",18,1052,2858,2021
2021-01-01,1,Ciutat Vella,4,"Sant Pere, Santa Caterina i la Ribera",19,1053,1862,2021
2021-01-01,1,Ciutat Vella,4,"Sant Pere, Santa Caterina i la Ribera",19,1054,1268,2021
2021-01-01,1,Ciutat Vella,4,"Sant Pere, Santa Caterina i la Ribera",19,1055,1316,2021
2021-01-01,2,Eixample,5,el Fort Pienc,20,2001,1279,2021
2021-01-01,2,Eixample,5,el Fort Pienc,20,2002,3556,2021
2021-01-01,2,Eixample,5,el Fort Pienc,20,2003,1145,2021
2021-01-01,2,Eixample,5,el Fort Pienc,20,2004,1548,2021
2021-01-01,2,Eixample,5,el Fort Pienc,20,2005,2073,2021
2021-01-01,2,Eixample,5,el Fort Pienc,20,2006,1675,2021
2021-01-01,2,Eixample,5,el Fort Pienc,20,2007,1249,2021
2021-01-01,2,Eixample,5,el Fort Pienc,20,2008,1918,2021
2021-01-01,2,Eixample,5,el Fort Pienc,20,2009,1822,2021
2021-01-01,2,Eixample,5,el Fort Pienc,21,2010,1236,2021
2021-01-01,2,Eixample,5,el Fort Pienc,21,2011,1119,2021
2021-01-01,2,Eixample,5,el Fort Pienc,21,2012,1563,2021
2021-01-01,2,Eixample,5,el Fort Pienc,21,2013,1182,2021
2021-01-01,2,Eixample,5,el Fort Pienc,22,2014,1388,2021
2021-01-01,2,Eixample,5,el Fort Pienc,22,2015,1566,2021
2021-01-01,2,Eixample,5,el Fort Pienc,22,2016,1863,2021
2021-01-01,2,Eixample,5,el Fort Pienc,22,2017,1942,2021
2021-01-01,2,Eixample,5,el Fort Pienc,22,2018,1825,2021
2021-01-01,2,Eixample,5,el Fort Pienc,22,2019,1992,2021
2021-01-01,2,Eixample,5,el Fort Pienc,22,2020,1504,2021
2021-01-01,2,Eixample,6,la Sagrada Família,23,2021,1507,2021
2021-01-01,2,Eixample,6,la Sagrada Família,23,2022,1344,2021
2021-01-01,2,Eixample,6,la Sagrada Família,23,2023,1044,2021
2021-01-01,2,Eixample,6,la Sagrada Família,23,2024,1160,2021
2021-01-01,2,Eixample,6,la Sagrada Família,24,2025,1164,2021
2021-01-01,2,Eixample,6,la Sagrada Família,24,2026,2179,2021
2021-01-01,2,Eixample,6,la Sagrada Família,24,2027,2080,2021
2021-01-01,2,Eixample,6,la Sagrada Família,24,2028,2093,2021
2021-01-01,2,Eixample,6,la Sagrada Família,24,2029,1275,2021
2021-01-01,2,Eixample,6,la Sagrada Família,24,2030,1350,2021
2021-01-01,2,Eixample,6,la Sagrada Família,24,2031,1039,2021
2021-01-01,2,Eixample,6,la Sagrada Família,24,2032,1122,2021
2021-01-01,2,Eixample,6,la Sagrada Família,25,2033,1222,2021
2021-01-01,2,Eixample,6,la Sagrada Família,25,2034,1203,2021
2021-01-01,2,Eixample,6,la Sagrada Família,25,2035,1296,2021
2021-01-01,2,Eixample,6,la Sagrada Família,25,2036,1189,2021
2021-01-01,2,Eixample,6,la Sagrada Família,25,2037,1210,2021
2021-01-01,2,Eixample,6,la Sagrada Família,25,2038,1559,2021
2021-01-01,2,Eixample,6,la Sagrada Família,25,2039,1721,2021
2021-01-01,2,Eixample,6,la Sagrada Família,25,2040,1701,2021
2021-01-01,2,Eixample,6,la Sagrada Família,26,2041,1679,2021
2021-01-01,2,Eixample,6,la Sagrada Família,26,2042,1569,2021
2021-01-01,2,Eixample,6,la Sagrada Família,26,2043,1510,2021
2021-01-01,2,Eixample,6,la Sagrada Família,26,2044,1313,2021
2021-01-01,2,Eixample,6,la Sagrada Família,26,2045,1159,2021
2021-01-01,2,Eixample,6,la Sagrada Família,26,2046,1957,2021
2021-01-01,2,Eixample,6,la Sagrada Família,26,2047,1962,2021
2021-01-01,2,Eixample,6,la Sagrada Família,26,2048,1300,2021
2021-01-01,2,Eixample,6,la Sagrada Família,27,2049,2101,2021
2021-01-01,2,Eixample,6,la Sagrada Família,27,2050,1651,2021
2021-01-01,2,Eixample,6,la Sagrada Família,27,2051,1943,2021
2021-01-01,2,Eixample,6,la Sagrada Família,27,2052,1816,2021
2021-01-01,2,Eixample,6,la Sagrada Família,27,2053,1867,2021
2021-01-01,2,Eixample,6,la Sagrada Família,27,2054,1879,2021
2021-01-01,2,Eixample,7,la Dreta de l'Eixample,28,2055,1839,2021
2021-01-01,2,Eixample,7,la Dreta de l'Eixample,28,2056,1476,2021
2021-01-01,2,Eixample,7,la Dreta de l'Eixample,28,2057,1271,2021
2021-01-01,2,Eixample,7,la Dreta de l'Eixample,28,2058,1376,2021
2021-01-01,2,Eixample,7,la Dreta de l'Eixample,28,2059,1673,2021
2021-01-01,2,Eixample,7,la Dreta de l'Eixample,28,2060,1738,2021
2021-01-01,2,Eixample,7,la Dreta de l'Eixample,29,2061,1365,2021
2021-01-01,2,Eixample,7,la Dreta de l'Eixample,29,2062,1537,2021
2021-01-01,2,Eixample,7,la Dreta de l'Eixample,29,2063,1209,2021
2021-01-01,2,Eixample,7,la Dreta de l'Eixample,29,2064,1335,2021
2021-01-01,2,Eixample,7,la Dreta de l'Eixample,29,2065,1886,2021
2021-01-01,2,Eixample,7,la Dreta de l'Eixample,30,2066,1737,2021
2021-01-01,2,Eixample,7,la Dreta de l'Eixample,30,2067,1659,2021
2021-01-01,2,Eixample,7,la Dreta de l'Eixample,30,2068,1633,2021
2021-01-01,2,Eixample,7,la Dreta de l'Eixample,30,2069,1373,2021
2021-01-01,2,Eixample,7,la Dreta de l'Eixample,31,2070,1292,2021
2021-01-01,2,Eixample,7,la Dreta de l'Eixample,31,2071,1708,2021
2021-01-01,2,Eixample,7,la Dreta de l'Eixample,31,2072,1202,2021
2021-01-01,2,Eixample,7,la Dreta de l'Eixample,32,2073,1650,2021
2021-01-01,2,Eixample,7,la Dreta de l'Eixample,32,2074,1242,2021
2021-01-01,2,Eixample,7,la Dreta de l'Eixample,32,2075,1301,2021
2021-01-01,2,Eixample,7,la Dreta de l'Eixample,32,2076,1614,2021
2021-01-01,2,Eixample,7,la Dreta de l'Eixample,33,2077,1730,2021
2021-01-01,2,Eixample,7,la Dreta de l'Eixample,34,2078,1376,2021
2021-01-01,2,Eixample,7,la Dreta de l'Eixample,34,2079,1402,2021
2021-01-01,2,Eixample,7,la Dreta de l'Eixample,35,2080,1591,2021
2021-01-01,2,Eixample,7,la Dreta de l'Eixample,35,2081,2128,2021
2021-01-01,2,Eixample,7,la Dreta de l'Eixample,36,2082,901,2021
2021-01-01,2,Eixample,7,la Dreta de l'Eixample,36,2083,1844,2021
2021-01-01,2,Eixample,8,l'Antiga Esquerra de l'Eixample,37,2084,2076,2021
2021-01-01,2,Eixample,8,l'Antiga Esquerra de l'Eixample,37,2085,1417,2021
2021-01-01,2,Eixample,8,l'Antiga Esquerra de l'Eixample,37,2086,1443,2021
2021-01-01,2,Eixample,8,l'Antiga Esquerra de l'Eixample,37,2087,1477,2021
2021-01-01,2,Eixample,8,l'Antiga Esquerra de l'Eixample,38,2088,1664,2021
2021-01-01,2,Eixample,8,l'Antiga Esquerra de l'Eixample,38,2089,1790,2021
2021-01-01,2,Eixample,8,l'Antiga Esquerra de l'Eixample,38,2090,1728,2021
2021-01-01,2,Eixample,8,l'Antiga Esquerra de l'Eixample,39,2091,2076,2021
2021-01-01,2,Eixample,8,l'Antiga Esquerra de l'Eixample,39,2092,2356,2021
2021-01-01,2,Eixample,8,l'Antiga Esquerra de l'Eixample,40,2093,1679,2021
2021-01-01,2,Eixample,8,l'Antiga Esquerra de l'Eixample,40,2094,1518,2021
2021-01-01,2,Eixample,8,l'Antiga Esquerra de l'Eixample,40,2095,1546,2021
2021-01-01,2,Eixample,8,l'Antiga Esquerra de l'Eixample,40,2096,1436,2021
2021-01-01,2,Eixample,8,l'Antiga Esquerra de l'Eixample,40,2097,1084,2021
2021-01-01,2,Eixample,8,l'Antiga Esquerra de l'Eixample,41,2098,1498,2021
2021-01-01,2,Eixample,8,l'Antiga Esquerra de l'Eixample,41,2099,1602,2021
2021-01-01,2,Eixample,8,l'Antiga Esquerra de l'Eixample,41,2100,1338,2021
2021-01-01,2,Eixample,8,l'Antiga Esquerra de l'Eixample,41,2101,2241,2021
2021-01-01,2,Eixample,8,l'Antiga Esquerra de l'Eixample,42,2102,1377,2021
2021-01-01,2,Eixample,8,l'Antiga Esquerra de l'Eixample,42,2103,1635,2021
2021-01-01,2,Eixample,8,l'Antiga Esquerra de l'Eixample,42,2104,1182,2021
2021-01-01,2,Eixample,8,l'Antiga Esquerra de l'Eixample,42,2105,2118,2021
2021-01-01,2,Eixample,8,l'Antiga Esquerra de l'Eixample,43,2106,1406,2021
2021-01-01,2,Eixample,8,l'Antiga Esquerra de l'Eixample,43,2107,1654,2021
2021-01-01,2,Eixample,8,l'Antiga Esquerra de l'Eixample,43,2108,1644,2021
2021-01-01,2,Eixample,8,l'Antiga Esquerra de l'Eixample,43,2109,2061,2021
2021-01-01,2,Eixample,9,la Nova Esquerra de l'Eixample,44,2110,1905,2021
2021-01-01,2,Eixample,9,la Nova Esquerra de l'Eixample,44,2111,1833,2021
2021-01-01,2,Eixample,9,la Nova Esquerra de l'Eixample,44,2112,1304,2021
2021-01-01,2,Eixample,9,la Nova Esquerra de l'Eixample,44,2113,2206,2021
2021-01-01,2,Eixample,9,la Nova Esquerra de l'Eixample,44,2114,1679,2021
2021-01-01,2,Eixample,9,la Nova Esquerra de l'Eixample,45,2115,1350,2021
2021-01-01,2,Eixample,9,la Nova Esquerra de l'Eixample,45,2116,988,2021
2021-01-01,2,Eixample,9,la Nova Esquerra de l'Eixample,45,2117,1215,2021
2021-01-01,2,Eixample,9,la Nova Esquerra de l'Eixample,45,2118,1503,2021
2021-01-01,2,Eixample,9,la Nova Esquerra de l'Eixample,45,2119,1273,2021
2021-01-01,2,Eixample,9,la Nova Esquerra de l'Eixample,45,2120,1163,2021
2021-01-01,2,Eixample,9,la Nova Esquerra de l'Eixample,45,2121,1240,2021
2021-01-01,2,Eixample,9,la Nova Esquerra de l'Eixample,45,2122,1048,2021
2021-01-01,2,Eixample,9,la Nova Esquerra de l'Eixample,45,2123,1123,2021
2021-01-01,2,Eixample,9,la Nova Esquerra de l'Eixample,46,2124,1077,2021
2021-01-01,2,Eixample,9,la Nova Esquerra de l'Eixample,46,2125,1684,2021
2021-01-01,2,Eixample,9,la Nova Esquerra de l'Eixample,46,2126,1476,2021
2021-01-01,2,Eixample,9,la Nova Esquerra de l'Eixample,46,2127,1151,2021
2021-01-01,2,Eixample,9,la Nova Esquerra de l'Eixample,46,2128,1327,2021
2021-01-01,2,Eixample,9,la Nova Esquerra de l'Eixample,46,2129,1516,2021
2021-01-01,2,Eixample,9,la Nova Esquerra de l'Eixample,47,2130,1107,2021
2021-01-01,2,Eixample,9,la Nova Esquerra de l'Eixample,47,2131,1143,2021
2021-01-01,2,Eixample,9,la Nova Esquerra de l'Eixample,47,2132,1053,2021
2021-01-01,2,Eixample,9,la Nova Esquerra de l'Eixample,47,2133,834,2021
2021-01-01,2,Eixample,9,la Nova Esquerra de l'Eixample,47,2134,1478,2021
2021-01-01,2,Eixample,9,la Nova Esquerra de l'Eixample,47,2135,2146,2021
2021-01-01,2,Eixample,9,la Nova Esquerra de l'Eixample,47,2136,892,2021
2021-01-01,2,Eixample,9,la Nova Esquerra de l'Eixample,48,2137,1484,2021
2021-01-01,2,Eixample,9,la Nova Esquerra de l'Eixample,48,2138,1962,2021
2021-01-01,2,Eixample,9,la Nova Esquerra de l'Eixample,48,2139,1678,2021
2021-01-01,2,Eixample,9,la Nova Esquerra de l'Eixample,48,2140,1887,2021
2021-01-01,2,Eixample,9,la Nova Esquerra de l'Eixample,48,2141,1180,2021
2021-01-01,2,Eixample,9,la Nova Esquerra de l'Eixample,49,2142,2045,2021
2021-01-01,2,Eixample,9,la Nova Esquerra de l'Eixample,49,2143,1383,2021
2021-01-01,2,Eixample,9,la Nova Esquerra de l'Eixample,49,2144,1560,2021
2021-01-01,2,Eixample,9,la Nova Esquerra de l'Eixample,49,2145,1240,2021
2021-01-01,2,Eixample,9,la Nova Esquerra de l'Eixample,50,2146,1190,2021
2021-01-01,2,Eixample,9,la Nova Esquerra de l'Eixample,50,2147,2147,2021
2021-01-01,2,Eixample,9,la Nova Esquerra de l'Eixample,50,2148,1611,2021
2021-01-01,2,Eixample,9,la Nova Esquerra de l'Eixample,50,2149,1825,2021
2021-01-01,2,Eixample,10,Sant Antoni,51,2150,1543,2021
2021-01-01,2,Eixample,10,Sant Antoni,51,2151,1505,2021
2021-01-01,2,Eixample,10,Sant Antoni,51,2152,1256,2021
2021-01-01,2,Eixample,10,Sant Antoni,51,2153,1333,2021
2021-01-01,2,Eixample,10,Sant Antoni,51,2154,1087,2021
2021-01-01,2,Eixample,10,Sant Antoni,51,2155,1857,2021
2021-01-01,2,Eixample,10,Sant Antoni,51,2156,1273,2021
2021-01-01,2,Eixample,10,Sant Antoni,51,2157,1217,2021
2021-01-01,2,Eixample,10,Sant Antoni,52,2158,1605,2021
2021-01-01,2,Eixample,10,Sant Antoni,52,2159,1976,2021
2021-01-01,2,Eixample,10,Sant Antoni,52,2160,1993,2021
2021-01-01,2,Eixample,10,Sant Antoni,52,2161,1198,2021
2021-01-01,2,Eixample,10,Sant Antoni,52,2162,1407,2021
2021-01-01,2,Eixample,10,Sant Antoni,53,2163,1845,2021
2021-01-01,2,Eixample,10,Sant Antoni,53,2164,1467,2021
2021-01-01,2,Eixample,10,Sant Antoni,53,2165,1716,2021
2021-01-01,2,Eixample,10,Sant Antoni,54,2166,2119,2021
2021-01-01,2,Eixample,10,Sant Antoni,54,2167,2128,2021
2021-01-01,2,Eixample,10,Sant Antoni,54,2168,2278,2021
2021-01-01,2,Eixample,10,Sant Antoni,55,2169,1535,2021
2021-01-01,2,Eixample,10,Sant Antoni,55,2170,1555,2021
2021-01-01,2,Eixample,10,Sant Antoni,55,2171,1673,2021
2021-01-01,2,Eixample,10,Sant Antoni,55,2172,1601,2021
2021-01-01,2,Eixample,10,Sant Antoni,55,2173,1533,2021
2021-01-01,3,Sants-Montjuïc,11,el Poble-sec,56,3001,1695,2021
2021-01-01,3,Sants-Montjuïc,11,el Poble-sec,56,3002,1908,2021
2021-01-01,3,Sants-Montjuïc,11,el Poble-sec,56,3003,1702,2021
2021-01-01,3,Sants-Montjuïc,11,el Poble-sec,56,3004,1635,2021
2021-01-01,3,Sants-Montjuïc,11,el Poble-sec,56,3005,1205,2021
2021-01-01,3,Sants-Montjuïc,11,el Poble-sec,56,3006,1412,2021
2021-01-01,3,Sants-Montjuïc,11,el Poble-sec,56,3007,1703,2021
2021-01-01,3,Sants-Montjuïc,11,el Poble-sec,56,3008,1180,2021
2021-01-01,3,Sants-Montjuïc,11,el Poble-sec,56,3009,1233,2021
2021-01-01,3,Sants-Montjuïc,11,el Poble-sec,57,3010,1931,2021
2021-01-01,3,Sants-Montjuïc,11,el Poble-sec,57,3011,1774,2021
2021-01-01,3,Sants-Montjuïc,11,el Poble-sec,57,3012,2170,2021
2021-01-01,3,Sants-Montjuïc,11,el Poble-sec,57,3013,1814,2021
2021-01-01,3,Sants-Montjuïc,11,el Poble-sec,57,3014,1819,2021
2021-01-01,3,Sants-Montjuïc,11,el Poble-sec,57,3015,3032,2021
2021-01-01,3,Sants-Montjuïc,11,el Poble-sec,57,3016,1259,2021
2021-01-01,3,Sants-Montjuïc,11,el Poble-sec,57,3017,1700,2021
2021-01-01,3,Sants-Montjuïc,11,el Poble-sec,58,3018,1734,2021
2021-01-01,3,Sants-Montjuïc,11,el Poble-sec,58,3019,1544,2021
2021-01-01,3,Sants-Montjuïc,11,el Poble-sec,58,3020,1206,2021
2021-01-01,3,Sants-Montjuïc,11,el Poble-sec,58,3021,1075,2021
2021-01-01,3,Sants-Montjuïc,11,el Poble-sec,58,3022,1456,2021
2021-01-01,3,Sants-Montjuïc,11,el Poble-sec,59,3023,1936,2021
2021-01-01,3,Sants-Montjuïc,11,el Poble-sec,59,3024,2081,2021
2021-01-01,3,Sants-Montjuïc,12,la Marina del Prat Vermell,60,3025,1356,2021
2021-01-01,3,Sants-Montjuïc,13,la Marina de Port,61,3026,1015,2021
2021-01-01,3,Sants-Montjuïc,13,la Marina de Port,61,3027,1763,2021
2021-01-01,3,Sants-Montjuïc,13,la Marina de Port,61,3028,2664,2021
2021-01-01,3,Sants-Montjuïc,13,la Marina de Port,61,3029,1302,2021
2021-01-01,3,Sants-Montjuïc,13,la Marina de Port,61,3030,1578,2021
2021-01-01,3,Sants-Montjuïc,13,la Marina de Port,62,3031,2411,2021
2021-01-01,3,Sants-Montjuïc,13,la Marina de Port,62,3032,1716,2021
2021-01-01,3,Sants-Montjuïc,13,la Marina de Port,62,3033,1489,2021
2021-01-01,3,Sants-Montjuïc,13,la Marina de Port,62,3034,1517,2021
2021-01-01,3,Sants-Montjuïc,13,la Marina de Port,62,3211,1539,2021
2021-01-01,3,Sants-Montjuïc,13,la Marina de Port,63,3035,2261,2021
2021-01-01,3,Sants-Montjuïc,13,la Marina de Port,63,3036,2403,2021
2021-01-01,3,Sants-Montjuïc,13,la Marina de Port,63,3037,1027,2021
2021-01-01,3,Sants-Montjuïc,13,la Marina de Port,63,3212,2469,2021
2021-01-01,3,Sants-Montjuïc,13,la Marina de Port,63,3213,2431,2021
2021-01-01,3,Sants-Montjuïc,13,la Marina de Port,64,3038,958,2021
2021-01-01,3,Sants-Montjuïc,13,la Marina de Port,64,3039,2549,2021
2021-01-01,3,Sants-Montjuïc,14,la Font de la Guatlla,65,3040,1466,2021
2021-01-01,3,Sants-Montjuïc,14,la Font de la Guatlla,65,3041,1403,2021
2021-01-01,3,Sants-Montjuïc,14,la Font de la Guatlla,65,3042,1388,2021
2021-01-01,3,Sants-Montjuïc,14,la Font de la Guatlla,65,3043,1618,2021
2021-01-01,3,Sants-Montjuïc,14,la Font de la Guatlla,65,3044,1885,2021
2021-01-01,3,Sants-Montjuïc,14,la Font de la Guatlla,65,3045,1060,2021
2021-01-01,3,Sants-Montjuïc,14,la Font de la Guatlla,65,3046,1419,2021
2021-01-01,3,Sants-Montjuïc,15,Hostafrancs,66,3047,1766,2021
2021-01-01,3,Sants-Montjuïc,15,Hostafrancs,66,3048,1327,2021
2021-01-01,3,Sants-Montjuïc,15,Hostafrancs,66,3049,1661,2021
2021-01-01,3,Sants-Montjuïc,15,Hostafrancs,66,3050,1642,2021
2021-01-01,3,Sants-Montjuïc,15,Hostafrancs,67,3051,1964,2021
2021-01-01,3,Sants-Montjuïc,15,Hostafrancs,67,3052,1325,2021
2021-01-01,3,Sants-Montjuïc,15,Hostafrancs,67,3053,2215,2021
2021-01-01,3,Sants-Montjuïc,15,Hostafrancs,67,3054,1638,2021
2021-01-01,3,Sants-Montjuïc,15,Hostafrancs,67,3055,1623,2021
2021-01-01,3,Sants-Montjuïc,15,Hostafrancs,67,3056,941,2021
2021-01-01,3,Sants-Montjuïc,16,la Bordeta,68,3057,1466,2021
2021-01-01,3,Sants-Montjuïc,16,la Bordeta,68,3058,1743,2021
2021-01-01,3,Sants-Montjuïc,16,la Bordeta,68,3059,1205,2021
2021-01-01,3,Sants-Montjuïc,16,la Bordeta,68,3060,1406,2021
2021-01-01,3,Sants-Montjuïc,16,la Bordeta,68,3061,1140,2021
2021-01-01,3,Sants-Montjuïc,16,la Bordeta,69,3062,1540,2021
2021-01-01,3,Sants-Montjuïc,16,la Bordeta,69,3063,1946,2021
2021-01-01,3,Sants-Montjuïc,16,la Bordeta,69,3064,1205,2021
2021-01-01,3,Sants-Montjuïc,16,la Bordeta,69,3065,1344,2021
2021-01-01,3,Sants-Montjuïc,16,la Bordeta,69,3066,2317,2021
2021-01-01,3,Sants-Montjuïc,16,la Bordeta,69,3067,1765,2021
2021-01-01,3,Sants-Montjuïc,16,la Bordeta,69,3068,1178,2021
2021-01-01,3,Sants-Montjuïc,16,la Bordeta,69,3069,1196,2021
2021-01-01,3,Sants-Montjuïc,17,Sants - Badal,70,3070,1354,2021
2021-01-01,3,Sants-Montjuïc,17,Sants - Badal,70,3071,1349,2021
2021-01-01,3,Sants-Montjuïc,17,Sants - Badal,70,3072,1447,2021
2021-01-01,3,Sants-Montjuïc,17,Sants - Badal,70,3073,1579,2021
2021-01-01,3,Sants-Montjuïc,17,Sants - Badal,70,3074,1822,2021
2021-01-01,3,Sants-Montjuïc,17,Sants - Badal,70,3075,1752,2021
2021-01-01,3,Sants-Montjuïc,17,Sants - Badal,70,3076,1102,2021
2021-01-01,3,Sants-Montjuïc,17,Sants - Badal,70,3077,1338,2021
2021-01-01,3,Sants-Montjuïc,17,Sants - Badal,70,3078,1752,2021
2021-01-01,3,Sants-Montjuïc,17,Sants - Badal,70,3079,1827,2021
2021-01-01,3,Sants-Montjuïc,17,Sants - Badal,70,3080,1541,2021
2021-01-01,3,Sants-Montjuïc,17,Sants - Badal,71,3081,1967,2021
2021-01-01,3,Sants-Montjuïc,17,Sants - Badal,71,3082,1903,2021
2021-01-01,3,Sants-Montjuïc,17,Sants - Badal,71,3083,1393,2021
2021-01-01,3,Sants-Montjuïc,17,Sants - Badal,71,3084,1414,2021
2021-01-01,3,Sants-Montjuïc,17,Sants - Badal,71,3085,1363,2021
2021-01-01,3,Sants-Montjuïc,18,Sants,72,3086,1241,2021
2021-01-01,3,Sants-Montjuïc,18,Sants,72,3087,1444,2021
2021-01-01,3,Sants-Montjuïc,18,Sants,72,3088,1444,2021
2021-01-01,3,Sants-Montjuïc,18,Sants,72,3089,1254,2021
2021-01-01,3,Sants-Montjuïc,18,Sants,72,3090,998,2021
2021-01-01,3,Sants-Montjuïc,18,Sants,72,3091,1485,2021
2021-01-01,3,Sants-Montjuïc,18,Sants,72,3092,1216,2021
2021-01-01,3,Sants-Montjuïc,18,Sants,72,3093,1507,2021
2021-01-01,3,Sants-Montjuïc,18,Sants,72,3094,1230,2021
2021-01-01,3,Sants-Montjuïc,18,Sants,73,3095,1634,2021
2021-01-01,3,Sants-Montjuïc,18,Sants,73,3096,1589,2021
2021-01-01,3,Sants-Montjuïc,18,Sants,73,3097,1690,2021
2021-01-01,3,Sants-Montjuïc,18,Sants,73,3098,1445,2021
2021-01-01,3,Sants-Montjuïc,18,Sants,73,3099,988,2021
2021-01-01,3,Sants-Montjuïc,18,Sants,73,3100,1328,2021
2021-01-01,3,Sants-Montjuïc,18,Sants,74,3101,4276,2021
2021-01-01,3,Sants-Montjuïc,18,Sants,74,3102,1305,2021
2021-01-01,3,Sants-Montjuïc,18,Sants,74,3103,1148,2021
2021-01-01,3,Sants-Montjuïc,18,Sants,74,3104,1431,2021
2021-01-01,3,Sants-Montjuïc,18,Sants,75,3105,1191,2021
2021-01-01,3,Sants-Montjuïc,18,Sants,75,3106,1273,2021
2021-01-01,3,Sants-Montjuïc,18,Sants,76,3107,1648,2021
2021-01-01,3,Sants-Montjuïc,18,Sants,76,3108,1664,2021
2021-01-01,3,Sants-Montjuïc,18,Sants,76,3109,1541,2021
2021-01-01,3,Sants-Montjuïc,18,Sants,76,3110,1493,2021
2021-01-01,3,Sants-Montjuïc,18,Sants,76,3111,1295,2021
2021-01-01,3,Sants-Montjuïc,18,Sants,76,3112,1847,2021
2021-01-01,3,Sants-Montjuïc,18,Sants,76,3113,1605,2021
2021-01-01,3,Sants-Montjuïc,18,Sants,76,3114,1469,2021
2021-01-01,4,Les Corts,19,les Corts,77,4001,1258,2021
2021-01-01,4,Les Corts,19,les Corts,77,4002,1917,2021
2021-01-01,4,Les Corts,19,les Corts,77,4003,1025,2021
2021-01-01,4,Les Corts,19,les Corts,77,4004,988,2021
2021-01-01,4,Les Corts,19,les Corts,77,4005,1225,2021
2021-01-01,4,Les Corts,19,les Corts,77,4006,1100,2021
2021-01-01,4,Les Corts,19,les Corts,77,4007,1062,2021
2021-01-01,4,Les Corts,19,les Corts,77,4008,1001,2021
2021-01-01,4,Les Corts,19,les Corts,77,4009,1461,2021
2021-01-01,4,Les Corts,19,les Corts,78,4010,898,2021
2021-01-01,4,Les Corts,19,les Corts,78,4011,1740,2021
2021-01-01,4,Les Corts,19,les Corts,78,4012,1376,2021
2021-01-01,4,Les Corts,19,les Corts,78,4013,1208,2021
2021-01-01,4,Les Corts,19,les Corts,78,4014,820,2021
2021-01-01,4,Les Corts,19,les Corts,78,4015,1879,2021
2021-01-01,4,Les Corts,19,les Corts,78,4016,1102,2021
2021-01-01,4,Les Corts,19,les Corts,79,4017,1195,2021
2021-01-01,4,Les Corts,19,les Corts,79,4018,1511,2021
2021-01-01,4,Les Corts,19,les Corts,79,4019,1335,2021
2021-01-01,4,Les Corts,19,les Corts,79,4020,1488,2021
2021-01-01,4,Les Corts,19,les Corts,79,4021,1279,2021
2021-01-01,4,Les Corts,19,les Corts,80,4022,1615,2021
2021-01-01,4,Les Corts,19,les Corts,81,4023,1045,2021
2021-01-01,4,Les Corts,19,les Corts,81,4024,1032,2021
2021-01-01,4,Les Corts,19,les Corts,82,4025,1171,2021
2021-01-01,4,Les Corts,19,les Corts,82,4026,1203,2021
2021-01-01,4,Les Corts,19,les Corts,82,4027,1338,2021
2021-01-01,4,Les Corts,19,les Corts,83,4028,1317,2021
2021-01-01,4,Les Corts,19,les Corts,83,4029,1116,2021
2021-01-01,4,Les Corts,19,les Corts,83,4030,1844,2021
2021-01-01,4,Les Corts,19,les Corts,84,4031,1896,2021
2021-01-01,4,Les Corts,19,les Corts,84,4032,1525,2021
2021-01-01,4,Les Corts,19,les Corts,84,4033,1147,2021
2021-01-01,4,Les Corts,19,les Corts,84,4034,1468,2021
2021-01-01,4,Les Corts,19,les Corts,84,4035,1358,2021
2021-01-01,4,Les Corts,20,la Maternitat i Sant Ramon,85,4036,1737,2021
2021-01-01,4,Les Corts,20,la Maternitat i Sant Ramon,85,4037,2088,2021
2021-01-01,4,Les Corts,20,la Maternitat i Sant Ramon,85,4038,1259,2021
2021-01-01,4,Les Corts,20,la Maternitat i Sant Ramon,85,4039,1185,2021
2021-01-01,4,Les Corts,20,la Maternitat i Sant Ramon,85,4040,1604,2021
2021-01-01,4,Les Corts,20,la Maternitat i Sant Ramon,85,4041,1339,2021
2021-01-01,4,Les Corts,20,la Maternitat i Sant Ramon,85,4042,1753,2021
2021-01-01,4,Les Corts,20,la Maternitat i Sant Ramon,86,4043,1613,2021
2021-01-01,4,Les Corts,20,la Maternitat i Sant Ramon,86,4044,1568,2021
2021-01-01,4,Les Corts,20,la Maternitat i Sant Ramon,86,4045,1421,2021
2021-01-01,4,Les Corts,20,la Maternitat i Sant Ramon,86,4046,2413,2021
2021-01-01,4,Les Corts,20,la Maternitat i Sant Ramon,86,4047,1848,2021
2021-01-01,4,Les Corts,20,la Maternitat i Sant Ramon,87,4048,1489,2021
2021-01-01,4,Les Corts,20,la Maternitat i Sant Ramon,87,4049,1156,2021
2021-01-01,4,Les Corts,20,la Maternitat i Sant Ramon,87,4084,1352,2021
2021-01-01,4,Les Corts,21,Pedralbes,88,4050,2028,2021
2021-01-01,4,Les Corts,21,Pedralbes,88,4051,1635,2021
2021-01-01,4,Les Corts,21,Pedralbes,88,4052,2192,2021
2021-01-01,4,Les Corts,21,Pedralbes,89,4053,1690,2021
2021-01-01,4,Les Corts,21,Pedralbes,89,4054,998,2021
2021-01-01,4,Les Corts,21,Pedralbes,90,4055,1505,2021
2021-01-01,4,Les Corts,21,Pedralbes,90,4056,1760,2021
2021-01-01,5,Sarrià-Sant Gervasi,22,"Vallvidrera, el Tibidabo i les Planes",91,5001,1787,2021
2021-01-01,5,Sarrià-Sant Gervasi,22,"Vallvidrera, el Tibidabo i les Planes",92,5002,1586,2021
2021-01-01,5,Sarrià-Sant Gervasi,22,"Vallvidrera, el Tibidabo i les Planes",92,5003,1387,2021
2021-01-01,5,Sarrià-Sant Gervasi,23,Sarrià,93,5004,1113,2021
2021-01-01,5,Sarrià-Sant Gervasi,23,Sarrià,93,5005,1231,2021
2021-01-01,5,Sarrià-Sant Gervasi,23,Sarrià,94,5006,1772,2021
2021-01-01,5,Sarrià-Sant Gervasi,23,Sarrià,95,5007,1840,2021
2021-01-01,5,Sarrià-Sant Gervasi,23,Sarrià,95,5008,1686,2021
2021-01-01,5,Sarrià-Sant Gervasi,23,Sarrià,95,5009,1716,2021
2021-01-01,5,Sarrià-Sant Gervasi,23,Sarrià,95,5010,1516,2021
2021-01-01,5,Sarrià-Sant Gervasi,23,Sarrià,95,5011,1412,2021
2021-01-01,5,Sarrià-Sant Gervasi,23,Sarrià,95,5012,1347,2021
2021-01-01,5,Sarrià-Sant Gervasi,23,Sarrià,95,5013,1665,2021
2021-01-01,5,Sarrià-Sant Gervasi,23,Sarrià,96,5014,1592,2021
2021-01-01,5,Sarrià-Sant Gervasi,23,Sarrià,96,5015,1527,2021
2021-01-01,5,Sarrià-Sant Gervasi,23,Sarrià,96,5016,1857,2021
2021-01-01,5,Sarrià-Sant Gervasi,23,Sarrià,96,5017,1556,2021
2021-01-01,5,Sarrià-Sant Gervasi,23,Sarrià,96,5018,1255,2021
2021-01-01,5,Sarrià-Sant Gervasi,23,Sarrià,96,5019,1684,2021
2021-01-01,5,Sarrià-Sant Gervasi,24,les Tres Torres,97,5020,1155,2021
2021-01-01,5,Sarrià-Sant Gervasi,24,les Tres Torres,97,5021,1289,2021
2021-01-01,5,Sarrià-Sant Gervasi,24,les Tres Torres,98,5022,1747,2021
2021-01-01,5,Sarrià-Sant Gervasi,24,les Tres Torres,98,5023,1468,2021
2021-01-01,5,Sarrià-Sant Gervasi,24,les Tres Torres,98,5024,1907,2021
2021-01-01,5,Sarrià-Sant Gervasi,24,les Tres Torres,99,5025,1309,2021
2021-01-01,5,Sarrià-Sant Gervasi,24,les Tres Torres,99,5026,1405,2021
2021-01-01,5,Sarrià-Sant Gervasi,24,les Tres Torres,99,5027,1405,2021
2021-01-01,5,Sarrià-Sant Gervasi,24,les Tres Torres,99,5028,1641,2021
2021-01-01,5,Sarrià-Sant Gervasi,24,les Tres Torres,99,5029,1631,2021
2021-01-01,5,Sarrià-Sant Gervasi,24,les Tres Torres,99,5030,1399,2021
2021-01-01,5,Sarrià-Sant Gervasi,25,Sant Gervasi - la Bonanova,100,5031,1625,2021
2021-01-01,5,Sarrià-Sant Gervasi,25,Sant Gervasi - la Bonanova,100,5032,1835,2021
2021-01-01,5,Sarrià-Sant Gervasi,25,Sant Gervasi - la Bonanova,101,5033,1424,2021
2021-01-01,5,Sarrià-Sant Gervasi,25,Sant Gervasi - la Bonanova,101,5034,1326,2021
2021-01-01,5,Sarrià-Sant Gervasi,25,Sant Gervasi - la Bonanova,102,5035,1037,2021
2021-01-01,5,Sarrià-Sant Gervasi,25,Sant Gervasi - la Bonanova,102,5036,1708,2021
2021-01-01,5,Sarrià-Sant Gervasi,25,Sant Gervasi - la Bonanova,102,5037,1451,2021
2021-01-01,5,Sarrià-Sant Gervasi,25,Sant Gervasi - la Bonanova,102,5038,1348,2021
2021-01-01,5,Sarrià-Sant Gervasi,25,Sant Gervasi - la Bonanova,102,5039,1537,2021
2021-01-01,5,Sarrià-Sant Gervasi,25,Sant Gervasi - la Bonanova,102,5040,1436,2021
2021-01-01,5,Sarrià-Sant Gervasi,25,Sant Gervasi - la Bonanova,102,5041,1939,2021
2021-01-01,5,Sarrià-Sant Gervasi,25,Sant Gervasi - la Bonanova,103,5042,1293,2021
2021-01-01,5,Sarrià-Sant Gervasi,25,Sant Gervasi - la Bonanova,103,5043,1464,2021
2021-01-01,5,Sarrià-Sant Gervasi,25,Sant Gervasi - la Bonanova,103,5044,1326,2021
2021-01-01,5,Sarrià-Sant Gervasi,25,Sant Gervasi - la Bonanova,103,5045,1615,2021
2021-01-01,5,Sarrià-Sant Gervasi,25,Sant Gervasi - la Bonanova,103,5046,1138,2021
2021-01-01,5,Sarrià-Sant Gervasi,25,Sant Gervasi - la Bonanova,103,5047,1234,2021
2021-01-01,5,Sarrià-Sant Gervasi,25,Sant Gervasi - la Bonanova,103,5048,1248,2021
2021-01-01,5,Sarrià-Sant Gervasi,26,Sant Gervasi - Galvany,104,5049,1665,2021
2021-01-01,5,Sarrià-Sant Gervasi,26,Sant Gervasi - Galvany,104,5050,1621,2021
2021-01-01,5,Sarrià-Sant Gervasi,26,Sant Gervasi - Galvany,104,5051,1611,2021
2021-01-01,5,Sarrià-Sant Gervasi,26,Sant Gervasi - Galvany,104,5052,1438,2021
2021-01-01,5,Sarrià-Sant Gervasi,26,Sant Gervasi - Galvany,105,5053,1503,2021
2021-01-01,5,Sarrià-Sant Gervasi,26,Sant Gervasi - Galvany,105,5054,1047,2021
2021-01-01,5,Sarrià-Sant Gervasi,26,Sant Gervasi - Galvany,105,5055,1407,2021
2021-01-01,5,Sarrià-Sant Gervasi,26,Sant Gervasi - Galvany,106,5056,1201,2021
2021-01-01,5,Sarrià-Sant Gervasi,26,Sant Gervasi - Galvany,106,5057,1662,2021
2021-01-01,5,Sarrià-Sant Gervasi,26,Sant Gervasi - Galvany,106,5058,1552,2021
2021-01-01,5,Sarrià-Sant Gervasi,26,Sant Gervasi - Galvany,106,5059,1546,2021
2021-01-01,5,Sarrià-Sant Gervasi,26,Sant Gervasi - Galvany,106,5060,1157,2021
2021-01-01,5,Sarrià-Sant Gervasi,26,Sant Gervasi - Galvany,107,5061,1460,2021
2021-01-01,5,Sarrià-Sant Gervasi,26,Sant Gervasi - Galvany,107,5062,1636,2021
2021-01-01,5,Sarrià-Sant Gervasi,26,Sant Gervasi - Galvany,107,5063,1551,2021
2021-01-01,5,Sarrià-Sant Gervasi,26,Sant Gervasi - Galvany,107,5064,1606,2021
2021-01-01,5,Sarrià-Sant Gervasi,26,Sant Gervasi - Galvany,107,5065,1652,2021
2021-01-01,5,Sarrià-Sant Gervasi,26,Sant Gervasi - Galvany,108,5066,1343,2021
2021-01-01,5,Sarrià-Sant Gervasi,26,Sant Gervasi - Galvany,108,5067,1246,2021
2021-01-01,5,Sarrià-Sant Gervasi,26,Sant Gervasi - Galvany,108,5068,1536,2021
2021-01-01,5,Sarrià-Sant Gervasi,26,Sant Gervasi - Galvany,108,5069,1745,2021
2021-01-01,5,Sarrià-Sant Gervasi,26,Sant Gervasi - Galvany,109,5070,1440,2021
2021-01-01,5,Sarrià-Sant Gervasi,26,Sant Gervasi - Galvany,109,5071,1628,2021
2021-01-01,5,Sarrià-Sant Gervasi,26,Sant Gervasi - Galvany,109,5072,1723,2021
2021-01-01,5,Sarrià-Sant Gervasi,26,Sant Gervasi - Galvany,109,5073,1609,2021
2021-01-01,5,Sarrià-Sant Gervasi,26,Sant Gervasi - Galvany,109,5074,1668,2021
2021-01-01,5,Sarrià-Sant Gervasi,26,Sant Gervasi - Galvany,110,5075,1851,2021
2021-01-01,5,Sarrià-Sant Gervasi,26,Sant Gervasi - Galvany,110,5076,1416,2021
2021-01-01,5,Sarrià-Sant Gervasi,26,Sant Gervasi - Galvany,110,5077,1448,2021
2021-01-01,5,Sarrià-Sant Gervasi,26,Sant Gervasi - Galvany,110,5078,2109,2021
2021-01-01,5,Sarrià-Sant Gervasi,26,Sant Gervasi - Galvany,110,5079,1269,2021
2021-01-01,5,Sarrià-Sant Gervasi,27,el Putxet i el Farró,111,5080,1376,2021
2021-01-01,5,Sarrià-Sant Gervasi,27,el Putxet i el Farró,111,5081,1610,2021
2021-01-01,5,Sarrià-Sant Gervasi,27,el Putxet i el Farró,111,5082,1637,2021
2021-01-01,5,Sarrià-Sant Gervasi,27,el Putxet i el Farró,111,5083,1277,2021
2021-01-01,5,Sarrià-Sant Gervasi,27,el Putxet i el Farró,111,5084,1344,2021
2021-01-01,5,Sarrià-Sant Gervasi,27,el Putxet i el Farró,111,5085,1332,2021
2021-01-01,5,Sarrià-Sant Gervasi,27,el Putxet i el Farró,111,5086,1347,2021
2021-01-01,5,Sarrià-Sant Gervasi,27,el Putxet i el Farró,111,5087,1598,2021
2021-01-01,5,Sarrià-Sant Gervasi,27,el Putxet i el Farró,112,5088,1757,2021
2021-01-01,5,Sarrià-Sant Gervasi,27,el Putxet i el Farró,112,5089,1788,2021
2021-01-01,5,Sarrià-Sant Gervasi,27,el Putxet i el Farró,112,5090,1906,2021
2021-01-01,5,Sarrià-Sant Gervasi,27,el Putxet i el Farró,112,5091,1555,2021
2021-01-01,5,Sarrià-Sant Gervasi,27,el Putxet i el Farró,112,5092,1622,2021
2021-01-01,5,Sarrià-Sant Gervasi,27,el Putxet i el Farró,113,5093,1104,2021
2021-01-01,5,Sarrià-Sant Gervasi,27,el Putxet i el Farró,113,5094,2711,2021
2021-01-01,5,Sarrià-Sant Gervasi,27,el Putxet i el Farró,113,5095,1688,2021
2021-01-01,5,Sarrià-Sant Gervasi,27,el Putxet i el Farró,113,5096,1150,2021
2021-01-01,5,Sarrià-Sant Gervasi,27,el Putxet i el Farró,113,5097,1621,2021
2021-01-01,5,Sarrià-Sant Gervasi,27,el Putxet i el Farró,113,5098,1563,2021
2021-01-01,6,Gràcia,28,Vallcarca i els Penitents,114,6001,1185,2021
2021-01-01,6,Gràcia,28,Vallcarca i els Penitents,114,6002,1538,2021
2021-01-01,6,Gràcia,28,Vallcarca i els Penitents,114,6003,2294,2021
2021-01-01,6,Gràcia,28,Vallcarca i els Penitents,114,6004,1447,2021
2021-01-01,6,Gràcia,28,Vallcarca i els Penitents,115,6006,1030,2021
2021-01-01,6,Gràcia,28,Vallcarca i els Penitents,115,6007,1967,2021
2021-01-01,6,Gràcia,28,Vallcarca i els Penitents,115,6008,2004,2021
2021-01-01,6,Gràcia,28,Vallcarca i els Penitents,116,6009,1289,2021
2021-01-01,6,Gràcia,28,Vallcarca i els Penitents,116,6010,1077,2021
2021-01-01,6,Gràcia,28,Vallcarca i els Penitents,117,6011,1315,2021
2021-01-01,6,Gràcia,28,Vallcarca i els Penitents,117,6012,1179,2021
2021-01-01,6,Gràcia,29,el Coll,118,6013,1801,2021
2021-01-01,6,Gràcia,29,el Coll,118,6014,1457,2021
2021-01-01,6,Gràcia,29,el Coll,118,6015,1441,2021
2021-01-01,6,Gràcia,29,el Coll,118,6016,1641,2021
2021-01-01,6,Gràcia,29,el Coll,118,6017,1348,2021
2021-01-01,6,Gràcia,30,la Salut,119,6018,1348,2021
2021-01-01,6,Gràcia,30,la Salut,119,6019,1495,2021
2021-01-01,6,Gràcia,30,la Salut,119,6020,1176,2021
2021-01-01,6,Gràcia,30,la Salut,119,6021,1380,2021
2021-01-01,6,Gràcia,30,la Salut,120,6022,1370,2021
2021-01-01,6,Gràcia,30,la Salut,120,6023,1302,2021
2021-01-01,6,Gràcia,30,la Salut,120,6024,1736,2021
2021-01-01,6,Gràcia,30,la Salut,120,6025,1407,2021
2021-01-01,6,Gràcia,30,la Salut,120,6026,1025,2021
2021-01-01,6,Gràcia,30,la Salut,120,6027,1216,2021
2021-01-01,6,Gràcia,31,la Vila de Gràcia,121,6028,1328,2021
2021-01-01,6,Gràcia,31,la Vila de Gràcia,121,6029,1285,2021
2021-01-01,6,Gràcia,31,la Vila de Gràcia,121,6030,1353,2021
2021-01-01,6,Gràcia,31,la Vila de Gràcia,121,6031,1106,2021
2021-01-01,6,Gràcia,31,la Vila de Gràcia,121,6032,1169,2021
2021-01-01,6,Gràcia,31,la Vila de Gràcia,122,6033,1288,2021
2021-01-01,6,Gràcia,31,la Vila de Gràcia,122,6034,1217,2021
2021-01-01,6,Gràcia,31,la Vila de Gràcia,122,6035,1074,2021
2021-01-01,6,Gràcia,31,la Vila de Gràcia,122,6036,1486,2021
2021-01-01,6,Gràcia,31,la Vila de Gràcia,123,6037,1144,2021
2021-01-01,6,Gràcia,31,la Vila de Gràcia,123,6038,1486,2021
2021-01-01,6,Gràcia,31,la Vila de Gràcia,123,6039,1585,2021
2021-01-01,6,Gràcia,31,la Vila de Gràcia,124,6040,1666,2021
2021-01-01,6,Gràcia,31,la Vila de Gràcia,124,6041,1739,2021
2021-01-01,6,Gràcia,31,la Vila de Gràcia,124,6042,1693,2021
2021-01-01,6,Gràcia,31,la Vila de Gràcia,125,6043,1270,2021
2021-01-01,6,Gràcia,31,la Vila de Gràcia,125,6044,1568,2021
2021-01-01,6,Gràcia,31,la Vila de Gràcia,126,6045,1308,2021
2021-01-01,6,Gràcia,31,la Vila de Gràcia,126,6046,1147,2021
2021-01-01,6,Gràcia,31,la Vila de Gràcia,126,6047,1222,2021
2021-01-01,6,Gràcia,31,la Vila de Gràcia,126,6048,1413,2021
2021-01-01,6,Gràcia,31,la Vila de Gràcia,127,6049,1166,2021
2021-01-01,6,Gràcia,31,la Vila de Gràcia,127,6050,1335,2021
2021-01-01,6,Gràcia,31,la Vila de Gràcia,127,6051,1240,2021
2021-01-01,6,Gràcia,31,la Vila de Gràcia,128,6052,1507,2021
2021-01-01,6,Gràcia,31,la Vila de Gràcia,128,6053,1493,2021
2021-01-01,6,Gràcia,31,la Vila de Gràcia,128,6054,1625,2021
2021-01-01,6,Gràcia,31,la Vila de Gràcia,129,6055,1434,2021
2021-01-01,6,Gràcia,31,la Vila de Gràcia,129,6056,1568,2021
2021-01-01,6,Gràcia,31,la Vila de Gràcia,129,6057,1533,2021
2021-01-01,6,Gràcia,31,la Vila de Gràcia,129,6058,1722,2021
2021-01-01,6,Gràcia,31,la Vila de Gràcia,129,6059,1505,2021
2021-01-01,6,Gràcia,31,la Vila de Gràcia,130,6060,1776,2021
2021-01-01,6,Gràcia,31,la Vila de Gràcia,130,6061,1300,2021
2021-01-01,6,Gràcia,31,la Vila de Gràcia,130,6062,1212,2021
2021-01-01,6,Gràcia,31,la Vila de Gràcia,130,6063,1493,2021
2021-01-01,6,Gràcia,32,el Camp d'en Grassot i Gràcia Nova,131,6064,1926,2021
2021-01-01,6,Gràcia,32,el Camp d'en Grassot i Gràcia Nova,131,6065,1160,2021
2021-01-01,6,Gràcia,32,el Camp d'en Grassot i Gràcia Nova,131,6066,983,2021
2021-01-01,6,Gràcia,32,el Camp d'en Grassot i Gràcia Nova,131,6067,1770,2021
2021-01-01,6,Gràcia,32,el Camp d'en Grassot i Gràcia Nova,131,6068,1555,2021
2021-01-01,6,Gràcia,32,el Camp d'en Grassot i Gràcia Nova,131,6069,1085,2021
2021-01-01,6,Gràcia,32,el Camp d'en Grassot i Gràcia Nova,131,6070,1840,2021
2021-01-01,6,Gràcia,32,el Camp d'en Grassot i Gràcia Nova,132,6071,1094,2021
2021-01-01,6,Gràcia,32,el Camp d'en Grassot i Gràcia Nova,132,6072,1646,2021
2021-01-01,6,Gràcia,32,el Camp d'en Grassot i Gràcia Nova,132,6073,1377,2021
2021-01-01,6,Gràcia,32,el Camp d'en Grassot i Gràcia Nova,132,6074,1148,2021
2021-01-01,6,Gràcia,32,el Camp d'en Grassot i Gràcia Nova,132,6075,1070,2021
2021-01-01,6,Gràcia,32,el Camp d'en Grassot i Gràcia Nova,132,6076,1302,2021
2021-01-01,6,Gràcia,32,el Camp d'en Grassot i Gràcia Nova,133,6077,1189,2021
2021-01-01,6,Gràcia,32,el Camp d'en Grassot i Gràcia Nova,133,6078,1298,2021
2021-01-01,6,Gràcia,32,el Camp d'en Grassot i Gràcia Nova,133,6079,1129,2021
2021-01-01,6,Gràcia,32,el Camp d'en Grassot i Gràcia Nova,133,6080,1176,2021
2021-01-01,6,Gràcia,32,el Camp d'en Grassot i Gràcia Nova,133,6081,1327,2021
2021-01-01,6,Gràcia,32,el Camp d'en Grassot i Gràcia Nova,134,6082,2705,2021
2021-01-01,6,Gràcia,32,el Camp d'en Grassot i Gràcia Nova,134,6083,1735,2021
2021-01-01,6,Gràcia,32,el Camp d'en Grassot i Gràcia Nova,134,6084,1486,2021
2021-01-01,6,Gràcia,32,el Camp d'en Grassot i Gràcia Nova,134,6085,1267,2021
2021-01-01,6,Gràcia,32,el Camp d'en Grassot i Gràcia Nova,134,6086,984,2021
2021-01-01,6,Gràcia,32,el Camp d'en Grassot i Gràcia Nova,134,6087,1867,2021
2021-01-01,6,Gràcia,32,el Camp d'en Grassot i Gràcia Nova,134,6088,1233,2021
2021-01-01,7,Horta-Guinardó,33,el Baix Guinardó,135,7001,1577,2021
2021-01-01,7,Horta-Guinardó,33,el Baix Guinardó,135,7002,1150,2021
2021-01-01,7,Horta-Guinardó,33,el Baix Guinardó,135,7003,1308,2021
2021-01-01,7,Horta-Guinardó,33,el Baix Guinardó,135,7004,1534,2021
2021-01-01,7,Horta-Guinardó,33,el Baix Guinardó,135,7005,1433,2021
2021-01-01,7,Horta-Guinardó,33,el Baix Guinardó,135,7006,966,2021
2021-01-01,7,Horta-Guinardó,33,el Baix Guinardó,135,7007,1396,2021
2021-01-01,7,Horta-Guinardó,33,el Baix Guinardó,135,7008,1429,2021
2021-01-01,7,Horta-Guinardó,33,el Baix Guinardó,136,7009,1184,2021
2021-01-01,7,Horta-Guinardó,33,el Baix Guinardó,136,7010,1366,2021
2021-01-01,7,Horta-Guinardó,33,el Baix Guinardó,136,7011,1143,2021
2021-01-01,7,Horta-Guinardó,33,el Baix Guinardó,136,7012,1556,2021
2021-01-01,7,Horta-Guinardó,33,el Baix Guinardó,136,7013,1208,2021
2021-01-01,7,Horta-Guinardó,33,el Baix Guinardó,137,7014,877,2021
2021-01-01,7,Horta-Guinardó,33,el Baix Guinardó,137,7015,1427,2021
2021-01-01,7,Horta-Guinardó,33,el Baix Guinardó,137,7016,1365,2021
2021-01-01,7,Horta-Guinardó,33,el Baix Guinardó,137,7017,1731,2021
2021-01-01,7,Horta-Guinardó,33,el Baix Guinardó,137,7018,1692,2021
2021-01-01,7,Horta-Guinardó,33,el Baix Guinardó,137,7019,1500,2021
2021-01-01,7,Horta-Guinardó,34,Can Baró,138,7020,1740,2021
2021-01-01,7,Horta-Guinardó,34,Can Baró,138,7021,1062,2021
2021-01-01,7,Horta-Guinardó,34,Can Baró,138,7022,1159,2021
2021-01-01,7,Horta-Guinardó,34,Can Baró,138,7023,1305,2021
2021-01-01,7,Horta-Guinardó,34,Can Baró,138,7024,1492,2021
2021-01-01,7,Horta-Guinardó,34,Can Baró,138,7025,1455,2021
2021-01-01,7,Horta-Guinardó,34,Can Baró,138,7026,1107,2021
2021-01-01,7,Horta-Guinardó,35,el Guinardó,139,7027,2110,2021
2021-01-01,7,Horta-Guinardó,35,el Guinardó,139,7028,1472,2021
2021-01-01,7,Horta-Guinardó,35,el Guinardó,139,7029,1291,2021
2021-01-01,7,Horta-Guinardó,35,el Guinardó,139,7030,1397,2021
2021-01-01,7,Horta-Guinardó,35,el Guinardó,140,7031,1597,2021
2021-01-01,7,Horta-Guinardó,35,el Guinardó,140,7032,1447,2021
2021-01-01,7,Horta-Guinardó,35,el Guinardó,140,7033,1444,2021
2021-01-01,7,Horta-Guinardó,35,el Guinardó,140,7034,1840,2021
2021-01-01,7,Horta-Guinardó,35,el Guinardó,140,7035,1784,2021
2021-01-01,7,Horta-Guinardó,35,el Guinardó,140,7036,1397,2021
2021-01-01,7,Horta-Guinardó,35,el Guinardó,140,7037,1485,2021
2021-01-01,7,Horta-Guinardó,35,el Guinardó,140,7038,1256,2021
2021-01-01,7,Horta-Guinardó,35,el Guinardó,141,7039,1633,2021
2021-01-01,7,Horta-Guinardó,35,el Guinardó,141,7040,1482,2021
2021-01-01,7,Horta-Guinardó,35,el Guinardó,141,7041,1366,2021
2021-01-01,7,Horta-Guinardó,35,el Guinardó,142,7042,1512,2021
2021-01-01,7,Horta-Guinardó,35,el Guinardó,142,7043,1415,2021
2021-01-01,7,Horta-Guinardó,35,el Guinardó,142,7044,1321,2021
2021-01-01,7,Horta-Guinardó,35,el Guinardó,142,7045,1613,2021
2021-01-01,7,Horta-Guinardó,35,el Guinardó,142,7046,1397,2021
2021-01-01,7,Horta-Guinardó,35,el Guinardó,143,7047,1493,2021
2021-01-01,7,Horta-Guinardó,35,el Guinardó,143,7048,1334,2021
2021-01-01,7,Horta-Guinardó,35,el Guinardó,143,7049,1237,2021
2021-01-01,7,Horta-Guinardó,35,el Guinardó,143,7050,1216,2021
2021-01-01,7,Horta-Guinardó,35,el Guinardó,143,7051,1786,2021
2021-01-01,7,Horta-Guinardó,36,la Font d'en Fargues,144,7052,1256,2021
2021-01-01,7,Horta-Guinardó,36,la Font d'en Fargues,144,7053,1457,2021
2021-01-01,7,Horta-Guinardó,36,la Font d'en Fargues,144,7054,1592,2021
2021-01-01,7,Horta-Guinardó,36,la Font d'en Fargues,145,7055,1188,2021
2021-01-01,7,Horta-Guinardó,36,la Font d'en Fargues,145,7056,1203,2021
2021-01-01,7,Horta-Guinardó,36,la Font d'en Fargues,145,7057,1444,2021
2021-01-01,7,Horta-Guinardó,36,la Font d'en Fargues,145,7058,1365,2021
2021-01-01,7,Horta-Guinardó,37,el Carmel,146,7059,1335,2021
2021-01-01,7,Horta-Guinardó,37,el Carmel,146,7060,1854,2021
2021-01-01,7,Horta-Guinardó,37,el Carmel,147,7061,1210,2021
2021-01-01,7,Horta-Guinardó,37,el Carmel,147,7062,1380,2021
2021-01-01,7,Horta-Guinardó,37,el Carmel,147,7063,1460,2021
2021-01-01,7,Horta-Guinardó,37,el Carmel,147,7064,1723,2021
2021-01-01,7,Horta-Guinardó,37,el Carmel,147,7065,1784,2021
2021-01-01,7,Horta-Guinardó,37,el Carmel,147,7066,1811,2021
2021-01-01,7,Horta-Guinardó,37,el Carmel,147,7067,1581,2021
2021-01-01,7,Horta-Guinardó,37,el Carmel,147,7068,1337,2021
2021-01-01,7,Horta-Guinardó,37,el Carmel,147,7069,1468,2021
2021-01-01,7,Horta-Guinardó,37,el Carmel,147,7070,1471,2021
2021-01-01,7,Horta-Guinardó,37,el Carmel,148,7071,1357,2021
2021-01-01,7,Horta-Guinardó,37,el Carmel,148,7072,1404,2021
2021-01-01,7,Horta-Guinardó,37,el Carmel,148,7073,1145,2021
2021-01-01,7,Horta-Guinardó,37,el Carmel,148,7074,1716,2021
2021-01-01,7,Horta-Guinardó,37,el Carmel,148,7075,1231,2021
2021-01-01,7,Horta-Guinardó,37,el Carmel,148,7076,1403,2021
2021-01-01,7,Horta-Guinardó,37,el Carmel,148,7077,1358,2021
2021-01-01,7,Horta-Guinardó,37,el Carmel,148,7078,1409,2021
2021-01-01,7,Horta-Guinardó,37,el Carmel,148,7079,1469,2021
2021-01-01,7,Horta-Guinardó,37,el Carmel,148,7080,1818,2021
2021-01-01,7,Horta-Guinardó,38,la Teixonera,149,7081,1988,2021
2021-01-01,7,Horta-Guinardó,38,la Teixonera,149,7082,1286,2021
2021-01-01,7,Horta-Guinardó,38,la Teixonera,149,7083,1383,2021
2021-01-01,7,Horta-Guinardó,38,la Teixonera,149,7084,1369,2021
2021-01-01,7,Horta-Guinardó,38,la Teixonera,149,7085,1253,2021
2021-01-01,7,Horta-Guinardó,38,la Teixonera,149,7086,1458,2021
2021-01-01,7,Horta-Guinardó,38,la Teixonera,149,7087,1597,2021
2021-01-01,7,Horta-Guinardó,38,la Teixonera,149,7088,1710,2021
2021-01-01,7,Horta-Guinardó,39,Sant Genís dels Agudells,150,7089,1348,2021
2021-01-01,7,Horta-Guinardó,39,Sant Genís dels Agudells,150,7090,1481,2021
2021-01-01,7,Horta-Guinardó,39,Sant Genís dels Agudells,150,7091,1217,2021
2021-01-01,7,Horta-Guinardó,39,Sant Genís dels Agudells,150,7092,1571,2021
2021-01-01,7,Horta-Guinardó,39,Sant Genís dels Agudells,150,7093,1768,2021
2021-01-01,7,Horta-Guinardó,40,Montbau,151,7094,1256,2021
2021-01-01,7,Horta-Guinardó,40,Montbau,151,7095,1556,2021
2021-01-01,7,Horta-Guinardó,40,Montbau,151,7096,1440,2021
2021-01-01,7,Horta-Guinardó,40,Montbau,151,7097,862,2021
2021-01-01,7,Horta-Guinardó,41,la Vall d'Hebron,152,7098,2187,2021
2021-01-01,7,Horta-Guinardó,41,la Vall d'Hebron,152,7099,1036,2021
2021-01-01,7,Horta-Guinardó,41,la Vall d'Hebron,152,7100,1213,2021
2021-01-01,7,Horta-Guinardó,41,la Vall d'Hebron,152,7101,1496,2021
2021-01-01,7,Horta-Guinardó,42,la Clota,153,7102,698,2021
2021-01-01,7,Horta-Guinardó,43,Horta,154,7103,1583,2021
2021-01-01,7,Horta-Guinardó,43,Horta,154,7104,1555,2021
2021-01-01,7,Horta-Guinardó,43,Horta,154,7105,1035,2021
2021-01-01,7,Horta-Guinardó,43,Horta,154,7106,1176,2021
2021-01-01,7,Horta-Guinardó,43,Horta,154,7107,1181,2021
2021-01-01,7,Horta-Guinardó,43,Horta,154,7108,1235,2021
2021-01-01,7,Horta-Guinardó,43,Horta,154,7109,1647,2021
2021-01-01,7,Horta-Guinardó,43,Horta,154,7110,1030,2021
2021-01-01,7,Horta-Guinardó,43,Horta,154,7111,893,2021
2021-01-01,7,Horta-Guinardó,43,Horta,155,7112,1303,2021
2021-01-01,7,Horta-Guinardó,43,Horta,155,7113,1198,2021
2021-01-01,7,Horta-Guinardó,43,Horta,155,7114,1189,2021
2021-01-01,7,Horta-Guinardó,43,Horta,155,7115,1060,2021
2021-01-01,7,Horta-Guinardó,43,Horta,155,7116,1517,2021
2021-01-01,7,Horta-Guinardó,43,Horta,155,7117,2773,2021
2021-01-01,7,Horta-Guinardó,43,Horta,155,7118,1242,2021
2021-01-01,7,Horta-Guinardó,43,Horta,156,7119,1292,2021
2021-01-01,7,Horta-Guinardó,43,Horta,156,7120,1256,2021
2021-01-01,7,Horta-Guinardó,43,Horta,156,7121,1157,2021
2021-01-01,7,Horta-Guinardó,43,Horta,156,7122,1313,2021
2021-01-01,7,Horta-Guinardó,43,Horta,156,7123,1420,2021
2021-01-01,8,Nou Barris,44,Vilapicina i la Torre Llobeta,157,8001,1259,2021
2021-01-01,8,Nou Barris,44,Vilapicina i la Torre Llobeta,157,8002,1251,2021
2021-01-01,8,Nou Barris,44,Vilapicina i la Torre Llobeta,157,8003,1196,2021
2021-01-01,8,Nou Barris,44,Vilapicina i la Torre Llobeta,157,8004,1421,2021
2021-01-01,8,Nou Barris,44,Vilapicina i la Torre Llobeta,157,8005,1154,2021
2021-01-01,8,Nou Barris,44,Vilapicina i la Torre Llobeta,157,8006,1617,2021
2021-01-01,8,Nou Barris,44,Vilapicina i la Torre Llobeta,157,8007,1190,2021
2021-01-01,8,Nou Barris,44,Vilapicina i la Torre Llobeta,157,8008,1622,2021
2021-01-01,8,Nou Barris,44,Vilapicina i la Torre Llobeta,158,8009,1793,2021
2021-01-01,8,Nou Barris,44,Vilapicina i la Torre Llobeta,159,8010,1087,2021
2021-01-01,8,Nou Barris,44,Vilapicina i la Torre Llobeta,159,8011,1177,2021
2021-01-01,8,Nou Barris,44,Vilapicina i la Torre Llobeta,159,8012,1317,2021
2021-01-01,8,Nou Barris,44,Vilapicina i la Torre Llobeta,159,8013,1167,2021
2021-01-01,8,Nou Barris,44,Vilapicina i la Torre Llobeta,159,8014,1298,2021
2021-01-01,8,Nou Barris,44,Vilapicina i la Torre Llobeta,160,8015,1466,2021
2021-01-01,8,Nou Barris,44,Vilapicina i la Torre Llobeta,160,8016,1133,2021
2021-01-01,8,Nou Barris,44,Vilapicina i la Torre Llobeta,160,8017,1383,2021
2021-01-01,8,Nou Barris,44,Vilapicina i la Torre Llobeta,160,8018,1513,2021
2021-01-01,8,Nou Barris,44,Vilapicina i la Torre Llobeta,160,8019,1831,2021
2021-01-01,8,Nou Barris,45,Porta,161,8020,1390,2021
2021-01-01,8,Nou Barris,45,Porta,161,8021,1465,2021
2021-01-01,8,Nou Barris,45,Porta,161,8022,1252,2021
2021-01-01,8,Nou Barris,45,Porta,161,8023,1394,2021
2021-01-01,8,Nou Barris,45,Porta,161,8024,1362,2021
2021-01-01,8,Nou Barris,45,Porta,161,8025,1189,2021
2021-01-01,8,Nou Barris,45,Porta,161,8026,1384,2021
2021-01-01,8,Nou Barris,45,Porta,162,8027,1408,2021
2021-01-01,8,Nou Barris,45,Porta,162,8028,1096,2021
2021-01-01,8,Nou Barris,45,Porta,162,8029,1501,2021
2021-01-01,8,Nou Barris,45,Porta,162,8030,1502,2021
2021-01-01,8,Nou Barris,45,Porta,163,8031,1298,2021
2021-01-01,8,Nou Barris,45,Porta,163,8032,1292,2021
2021-01-01,8,Nou Barris,45,Porta,163,8033,1487,2021
2021-01-01,8,Nou Barris,45,Porta,163,8034,1246,2021
2021-01-01,8,Nou Barris,45,Porta,163,8035,4435,2021
2021-01-01,8,Nou Barris,45,Porta,163,8036,1534,2021
2021-01-01,8,Nou Barris,45,Porta,163,8037,1561,2021
2021-01-01,8,Nou Barris,46,el Turó de la Peira,164,8038,1568,2021
2021-01-01,8,Nou Barris,46,el Turó de la Peira,164,8039,1564,2021
2021-01-01,8,Nou Barris,46,el Turó de la Peira,164,8040,1908,2021
2021-01-01,8,Nou Barris,46,el Turó de la Peira,164,8041,2646,2021
2021-01-01,8,Nou Barris,46,el Turó de la Peira,164,8042,1240,2021
2021-01-01,8,Nou Barris,46,el Turó de la Peira,164,8043,1137,2021
2021-01-01,8,Nou Barris,46,el Turó de la Peira,165,8044,1299,2021
2021-01-01,8,Nou Barris,46,el Turó de la Peira,165,8045,1781,2021
2021-01-01,8,Nou Barris,46,el Turó de la Peira,165,8046,1418,2021
2021-01-01,8,Nou Barris,46,el Turó de la Peira,165,8047,1625,2021
2021-01-01,8,Nou Barris,47,Can Peguera,166,8048,978,2021
2021-01-01,8,Nou Barris,47,Can Peguera,166,8049,1237,2021
2021-01-01,8,Nou Barris,48,la Guineueta,167,8050,1385,2021
2021-01-01,8,Nou Barris,48,la Guineueta,167,8051,1343,2021
2021-01-01,8,Nou Barris,48,la Guineueta,167,8052,906,2021
2021-01-01,8,Nou Barris,48,la Guineueta,167,8053,1138,2021
2021-01-01,8,Nou Barris,48,la Guineueta,167,8054,1671,2021
2021-01-01,8,Nou Barris,48,la Guineueta,167,8055,1822,2021
2021-01-01,8,Nou Barris,48,la Guineueta,167,8215,1572,2021
2021-01-01,8,Nou Barris,48,la Guineueta,168,8056,1488,2021
2021-01-01,8,Nou Barris,48,la Guineueta,168,8057,1331,2021
2021-01-01,8,Nou Barris,48,la Guineueta,168,8058,1620,2021
2021-01-01,8,Nou Barris,48,la Guineueta,168,8059,991,2021
2021-01-01,8,Nou Barris,49,Canyelles,169,8060,1177,2021
2021-01-01,8,Nou Barris,49,Canyelles,169,8061,1642,2021
2021-01-01,8,Nou Barris,49,Canyelles,169,8062,1147,2021
2021-01-01,8,Nou Barris,49,Canyelles,169,8063,1067,2021
2021-01-01,8,Nou Barris,49,Canyelles,169,8064,1780,2021
2021-01-01,8,Nou Barris,50,les Roquetes,170,8065,1796,2021
2021-01-01,8,Nou Barris,50,les Roquetes,170,8066,1648,2021
2021-01-01,8,Nou Barris,50,les Roquetes,170,8067,1792,2021
2021-01-01,8,Nou Barris,50,les Roquetes,170,8068,1973,2021
2021-01-01,8,Nou Barris,50,les Roquetes,170,8069,1579,2021
2021-01-01,8,Nou Barris,50,les Roquetes,171,8070,1486,2021
2021-01-01,8,Nou Barris,50,les Roquetes,171,8071,1757,2021
2021-01-01,8,Nou Barris,50,les Roquetes,171,8072,1211,2021
2021-01-01,8,Nou Barris,50,les Roquetes,171,8073,1758,2021
2021-01-01,8,Nou Barris,50,les Roquetes,171,8074,1563,2021
2021-01-01,8,Nou Barris,51,Verdun,172,8075,1929,2021
2021-01-01,8,Nou Barris,51,Verdun,172,8076,1620,2021
2021-01-01,8,Nou Barris,51,Verdun,172,8077,1447,2021
2021-01-01,8,Nou Barris,51,Verdun,173,8078,1563,2021
2021-01-01,8,Nou Barris,51,Verdun,173,8079,1447,2021
2021-01-01,8,Nou Barris,51,Verdun,173,8080,1561,2021
2021-01-01,8,Nou Barris,51,Verdun,173,8081,1691,2021
2021-01-01,8,Nou Barris,51,Verdun,173,8082,1607,2021
2021-01-01,8,Nou Barris,52,la Prosperitat,174,8083,1319,2021
2021-01-01,8,Nou Barris,52,la Prosperitat,174,8084,1147,2021
2021-01-01,8,Nou Barris,52,la Prosperitat,174,8085,1468,2021
2021-01-01,8,Nou Barris,52,la Prosperitat,174,8086,1714,2021
2021-01-01,8,Nou Barris,52,la Prosperitat,175,8087,1257,2021
2021-01-01,8,Nou Barris,52,la Prosperitat,175,8088,1281,2021
2021-01-01,8,Nou Barris,52,la Prosperitat,175,8089,1241,2021
2021-01-01,8,Nou Barris,52,la Prosperitat,175,8090,1209,2021
2021-01-01,8,Nou Barris,52,la Prosperitat,175,8091,1203,2021
2021-01-01,8,Nou Barris,52,la Prosperitat,176,8092,997,2021
2021-01-01,8,Nou Barris,52,la Prosperitat,176,8093,1276,2021
2021-01-01,8,Nou Barris,52,la Prosperitat,176,8094,1463,2021
2021-01-01,8,Nou Barris,52,la Prosperitat,176,8095,1068,2021
2021-01-01,8,Nou Barris,52,la Prosperitat,177,8096,1544,2021
2021-01-01,8,Nou Barris,52,la Prosperitat,177,8097,1362,2021
2021-01-01,8,Nou Barris,52,la Prosperitat,177,8098,1267,2021
2021-01-01,8,Nou Barris,52,la Prosperitat,177,8099,1465,2021
2021-01-01,8,Nou Barris,52,la Prosperitat,177,8100,1297,2021
2021-01-01,8,Nou Barris,52,la Prosperitat,177,8101,1748,2021
2021-01-01,8,Nou Barris,52,la Prosperitat,177,8102,1542,2021
2021-01-01,8,Nou Barris,53,la Trinitat Nova,178,8103,1680,2021
2021-01-01,8,Nou Barris,53,la Trinitat Nova,178,8104,1260,2021
2021-01-01,8,Nou Barris,53,la Trinitat Nova,178,8105,1484,2021
2021-01-01,8,Nou Barris,53,la Trinitat Nova,178,8106,1262,2021
2021-01-01,8,Nou Barris,53,la Trinitat Nova,178,8107,1942,2021
2021-01-01,8,Nou Barris,54,Torre Baró,179,8108,1942,2021
2021-01-01,8,Nou Barris,54,Torre Baró,179,8109,981,2021
2021-01-01,8,Nou Barris,55,Ciutat Meridiana,180,8110,2058,2021
2021-01-01,8,Nou Barris,55,Ciutat Meridiana,180,8111,1716,2021
2021-01-01,8,Nou Barris,55,Ciutat Meridiana,180,8112,1750,2021
2021-01-01,8,Nou Barris,55,Ciutat Meridiana,180,8113,1800,2021
2021-01-01,8,Nou Barris,55,Ciutat Meridiana,180,8114,2049,2021
2021-01-01,8,Nou Barris,55,Ciutat Meridiana,180,8115,1779,2021
2021-01-01,8,Nou Barris,56,Vallbona,181,8116,1401,2021
2021-01-01,9,Sant Andreu,57,la Trinitat Vella,182,9001,2771,2021
2021-01-01,9,Sant Andreu,57,la Trinitat Vella,182,9002,2164,2021
2021-01-01,9,Sant Andreu,57,la Trinitat Vella,182,9003,2197,2021
2021-01-01,9,Sant Andreu,57,la Trinitat Vella,182,9004,1721,2021
2021-01-01,9,Sant Andreu,57,la Trinitat Vella,182,9005,1660,2021
2021-01-01,9,Sant Andreu,58,Baró de Viver,183,9006,1277,2021
2021-01-01,9,Sant Andreu,58,Baró de Viver,183,9007,1376,2021
2021-01-01,9,Sant Andreu,59,el Bon Pastor,184,9008,1866,2021
2021-01-01,9,Sant Andreu,59,el Bon Pastor,184,9009,1442,2021
2021-01-01,9,Sant Andreu,59,el Bon Pastor,185,9010,1804,2021
2021-01-01,9,Sant Andreu,59,el Bon Pastor,185,9011,1725,2021
2021-01-01,9,Sant Andreu,59,el Bon Pastor,185,9013,2041,2021
2021-01-01,9,Sant Andreu,59,el Bon Pastor,185,9014,3008,2021
2021-01-01,9,Sant Andreu,59,el Bon Pastor,185,9015,1844,2021
2021-01-01,9,Sant Andreu,60,Sant Andreu,186,9016,1336,2021
2021-01-01,9,Sant Andreu,60,Sant Andreu,186,9017,1527,2021
2021-01-01,9,Sant Andreu,60,Sant Andreu,186,9018,1492,2021
2021-01-01,9,Sant Andreu,60,Sant Andreu,186,9019,2709,2021
2021-01-01,9,Sant Andreu,60,Sant Andreu,186,9020,1153,2021
2021-01-01,9,Sant Andreu,60,Sant Andreu,186,9021,1378,2021
2021-01-01,9,Sant Andreu,60,Sant Andreu,186,9022,1278,2021
2021-01-01,9,Sant Andreu,60,Sant Andreu,186,9023,1240,2021
2021-01-01,9,Sant Andreu,60,Sant Andreu,187,9024,1177,2021
2021-01-01,9,Sant Andreu,60,Sant Andreu,187,9025,1206,2021
2021-01-01,9,Sant Andreu,60,Sant Andreu,187,9026,1524,2021
2021-01-01,9,Sant Andreu,60,Sant Andreu,187,9027,1301,2021
2021-01-01,9,Sant Andreu,60,Sant Andreu,188,9028,1599,2021
2021-01-01,9,Sant Andreu,60,Sant Andreu,188,9029,1116,2021
2021-01-01,9,Sant Andreu,60,Sant Andreu,188,9030,1451,2021
2021-01-01,9,Sant Andreu,60,Sant Andreu,188,9031,1192,2021
2021-01-01,9,Sant Andreu,60,Sant Andreu,189,9032,2211,2021
2021-01-01,9,Sant Andreu,60,Sant Andreu,189,9033,3212,2021
2021-01-01,9,Sant Andreu,60,Sant Andreu,190,9034,1415,2021
2021-01-01,9,Sant Andreu,60,Sant Andreu,190,9035,1602,2021
2021-01-01,9,Sant Andreu,60,Sant Andreu,190,9036,1401,2021
2021-01-01,9,Sant Andreu,60,Sant Andreu,190,9037,1574,2021
2021-01-01,9,Sant Andreu,60,Sant Andreu,190,9038,1762,2021
2021-01-01,9,Sant Andreu,60,Sant Andreu,190,9039,1536,2021
2021-01-01,9,Sant Andreu,60,Sant Andreu,191,9040,1586,2021
2021-01-01,9,Sant Andreu,60,Sant Andreu,191,9041,1372,2021
2021-01-01,9,Sant Andreu,60,Sant Andreu,191,9042,1260,2021
2021-01-01,9,Sant Andreu,60,Sant Andreu,191,9043,1329,2021
2021-01-01,9,Sant Andreu,60,Sant Andreu,191,9044,1492,2021
2021-01-01,9,Sant Andreu,60,Sant Andreu,191,9045,1426,2021
2021-01-01,9,Sant Andreu,60,Sant Andreu,192,9046,1323,2021
2021-01-01,9,Sant Andreu,60,Sant Andreu,192,9047,1620,2021
2021-01-01,9,Sant Andreu,60,Sant Andreu,192,9048,1379,2021
2021-01-01,9,Sant Andreu,60,Sant Andreu,192,9049,1334,2021
2021-01-01,9,Sant Andreu,60,Sant Andreu,192,9050,1533,2021
2021-01-01,9,Sant Andreu,60,Sant Andreu,192,9051,1252,2021
2021-01-01,9,Sant Andreu,60,Sant Andreu,192,9052,1214,2021
2021-01-01,9,Sant Andreu,60,Sant Andreu,192,9053,1606,2021
2021-01-01,9,Sant Andreu,60,Sant Andreu,192,9054,1107,2021
2021-01-01,9,Sant Andreu,61,la Sagrera,193,9055,1740,2021
2021-01-01,9,Sant Andreu,61,la Sagrera,193,9056,1157,2021
2021-01-01,9,Sant Andreu,61,la Sagrera,193,9057,1656,2021
2021-01-01,9,Sant Andreu,61,la Sagrera,193,9058,1522,2021
2021-01-01,9,Sant Andreu,61,la Sagrera,193,9059,1397,2021
2021-01-01,9,Sant Andreu,61,la Sagrera,193,9060,1340,2021
2021-01-01,9,Sant Andreu,61,la Sagrera,193,9156,1266,2021
2021-01-01,9,Sant Andreu,61,la Sagrera,194,9061,1643,2021
2021-01-01,9,Sant Andreu,61,la Sagrera,194,9062,1359,2021
2021-01-01,9,Sant Andreu,61,la Sagrera,195,9063,1165,2021
2021-01-01,9,Sant Andreu,61,la Sagrera,195,9064,1163,2021
2021-01-01,9,Sant Andreu,61,la Sagrera,195,9065,2091,2021
2021-01-01,9,Sant Andreu,61,la Sagrera,195,9066,1443,2021
2021-01-01,9,Sant Andreu,61,la Sagrera,195,9067,1534,2021
2021-01-01,9,Sant Andreu,61,la Sagrera,196,9068,1553,2021
2021-01-01,9,Sant Andreu,61,la Sagrera,196,9069,913,2021
2021-01-01,9,Sant Andreu,61,la Sagrera,196,9070,1732,2021
2021-01-01,9,Sant Andreu,61,la Sagrera,196,9071,1920,2021
2021-01-01,9,Sant Andreu,61,la Sagrera,196,9072,1461,2021
2021-01-01,9,Sant Andreu,61,la Sagrera,196,9073,1513,2021
2021-01-01,9,Sant Andreu,62,el Congrés i els Indians,197,9074,1678,2021
2021-01-01,9,Sant Andreu,62,el Congrés i els Indians,197,9075,1566,2021
2021-01-01,9,Sant Andreu,62,el Congrés i els Indians,197,9076,1469,2021
2021-01-01,9,Sant Andreu,62,el Congrés i els Indians,197,9077,1635,2021
2021-01-01,9,Sant Andreu,62,el Congrés i els Indians,198,9078,1443,2021
2021-01-01,9,Sant Andreu,62,el Congrés i els Indians,198,9079,1644,2021
2021-01-01,9,Sant Andreu,62,el Congrés i els Indians,198,9080,1346,2021
2021-01-01,9,Sant Andreu,62,el Congrés i els Indians,198,9081,1738,2021
2021-01-01,9,Sant Andreu,62,el Congrés i els Indians,198,9082,2030,2021
2021-01-01,9,Sant Andreu,63,Navas,199,9083,1594,2021
2021-01-01,9,Sant Andreu,63,Navas,199,9084,1749,2021
2021-01-01,9,Sant Andreu,63,Navas,199,9085,1813,2021
2021-01-01,9,Sant Andreu,63,Navas,199,9086,1452,2021
2021-01-01,9,Sant Andreu,63,Navas,199,9087,1301,2021
2021-01-01,9,Sant Andreu,63,Navas,199,9088,1909,2021
2021-01-01,9,Sant Andreu,63,Navas,199,9089,1527,2021
2021-01-01,9,Sant Andreu,63,Navas,200,9090,1607,2021
2021-01-01,9,Sant Andreu,63,Navas,200,9091,1900,2021
2021-01-01,9,Sant Andreu,63,Navas,200,9092,1933,2021
2021-01-01,9,Sant Andreu,63,Navas,200,9093,1306,2021
2021-01-01,9,Sant Andreu,63,Navas,200,9094,2053,2021
2021-01-01,9,Sant Andreu,63,Navas,200,9095,2155,2021
2021-01-01,10,Sant Martí,64,el Camp de l'Arpa del Clot,201,10001,1626,2021
2021-01-01,10,Sant Martí,64,el Camp de l'Arpa del Clot,201,10002,1775,2021
2021-01-01,10,Sant Martí,64,el Camp de l'Arpa del Clot,201,10003,1574,2021
2021-01-01,10,Sant Martí,64,el Camp de l'Arpa del Clot,201,10004,1580,2021
2021-01-01,10,Sant Martí,64,el Camp de l'Arpa del Clot,201,10005,1675,2021
2021-01-01,10,Sant Martí,64,el Camp de l'Arpa del Clot,202,10006,1862,2021
2021-01-01,10,Sant Martí,64,el Camp de l'Arpa del Clot,202,10007,1323,2021
2021-01-01,10,Sant Martí,64,el Camp de l'Arpa del Clot,202,10008,1759,2021
2021-01-01,10,Sant Martí,64,el Camp de l'Arpa del Clot,202,10009,1617,2021
2021-01-01,10,Sant Martí,64,el Camp de l'Arpa del Clot,202,10010,1745,2021
2021-01-01,10,Sant Martí,64,el Camp de l'Arpa del Clot,202,10011,1188,2021
2021-01-01,10,Sant Martí,64,el Camp de l'Arpa del Clot,203,10012,1823,2021
2021-01-01,10,Sant Martí,64,el Camp de l'Arpa del Clot,203,10013,1406,2021
2021-01-01,10,Sant Martí,64,el Camp de l'Arpa del Clot,203,10014,1528,2021
2021-01-01,10,Sant Martí,64,el Camp de l'Arpa del Clot,203,10015,1934,2021
2021-01-01,10,Sant Martí,64,el Camp de l'Arpa del Clot,203,10016,1233,2021
2021-01-01,10,Sant Martí,64,el Camp de l'Arpa del Clot,203,10017,1682,2021
2021-01-01,10,Sant Martí,64,el Camp de l'Arpa del Clot,203,10018,1474,2021
2021-01-01,10,Sant Martí,64,el Camp de l'Arpa del Clot,204,10019,1571,2021
2021-01-01,10,Sant Martí,64,el Camp de l'Arpa del Clot,204,10020,1482,2021
2021-01-01,10,Sant Martí,64,el Camp de l'Arpa del Clot,204,10021,1369,2021
2021-01-01,10,Sant Martí,64,el Camp de l'Arpa del Clot,204,10022,1364,2021
2021-01-01,10,Sant Martí,64,el Camp de l'Arpa del Clot,204,10023,1435,2021
2021-01-01,10,Sant Martí,64,el Camp de l'Arpa del Clot,204,10024,1453,2021
2021-01-01,10,Sant Martí,64,el Camp de l'Arpa del Clot,204,10025,1360,2021
2021-01-01,10,Sant Martí,65,el Clot,205,10026,1527,2021
2021-01-01,10,Sant Martí,65,el Clot,205,10027,1482,2021
2021-01-01,10,Sant Martí,65,el Clot,205,10028,1812,2021
2021-01-01,10,Sant Martí,65,el Clot,205,10029,1420,2021
2021-01-01,10,Sant Martí,65,el Clot,205,10030,1751,2021
2021-01-01,10,Sant Martí,65,el Clot,205,10031,1537,2021
2021-01-01,10,Sant Martí,65,el Clot,206,10032,1383,2021
2021-01-01,10,Sant Martí,65,el Clot,206,10033,856,2021
2021-01-01,10,Sant Martí,65,el Clot,206,10034,1721,2021
2021-01-01,10,Sant Martí,65,el Clot,206,10035,1984,2021
2021-01-01,10,Sant Martí,65,el Clot,206,10036,1432,2021
2021-01-01,10,Sant Martí,65,el Clot,206,10037,1043,2021
2021-01-01,10,Sant Martí,65,el Clot,206,10234,1829,2021
2021-01-01,10,Sant Martí,65,el Clot,207,10038,1601,2021
2021-01-01,10,Sant Martí,65,el Clot,207,10039,1877,2021
2021-01-01,10,Sant Martí,65,el Clot,207,10040,1828,2021
2021-01-01,10,Sant Martí,65,el Clot,207,10041,1676,2021
2021-01-01,10,Sant Martí,66,el Parc i la Llacuna del Poblenou,208,10042,3065,2021
2021-01-01,10,Sant Martí,66,el Parc i la Llacuna del Poblenou,208,10043,2422,2021
2021-01-01,10,Sant Martí,66,el Parc i la Llacuna del Poblenou,209,10044,1547,2021
2021-01-01,10,Sant Martí,66,el Parc i la Llacuna del Poblenou,209,10045,1321,2021
2021-01-01,10,Sant Martí,66,el Parc i la Llacuna del Poblenou,209,10046,1222,2021
2021-01-01,10,Sant Martí,66,el Parc i la Llacuna del Poblenou,209,10047,1766,2021
2021-01-01,10,Sant Martí,66,el Parc i la Llacuna del Poblenou,209,10048,1677,2021
2021-01-01,10,Sant Martí,66,el Parc i la Llacuna del Poblenou,209,10049,1321,2021
2021-01-01,10,Sant Martí,66,el Parc i la Llacuna del Poblenou,209,10050,1573,2021
2021-01-01,10,Sant Martí,67,la Vila Olímpica del Poblenou,210,10051,1630,2021
2021-01-01,10,Sant Martí,67,la Vila Olímpica del Poblenou,210,10052,2441,2021
2021-01-01,10,Sant Martí,67,la Vila Olímpica del Poblenou,210,10053,1742,2021
2021-01-01,10,Sant Martí,67,la Vila Olímpica del Poblenou,210,10054,958,2021
2021-01-01,10,Sant Martí,67,la Vila Olímpica del Poblenou,211,10055,2624,2021
2021-01-01,10,Sant Martí,68,el Poblenou,212,10056,1926,2021
2021-01-01,10,Sant Martí,68,el Poblenou,212,10057,1452,2021
2021-01-01,10,Sant Martí,68,el Poblenou,212,10058,1138,2021
2021-01-01,10,Sant Martí,68,el Poblenou,213,10059,1780,2021
2021-01-01,10,Sant Martí,68,el Poblenou,213,10060,1678,2021
2021-01-01,10,Sant Martí,68,el Poblenou,213,10061,1761,2021
2021-01-01,10,Sant Martí,68,el Poblenou,213,10062,1533,2021
2021-01-01,10,Sant Martí,68,el Poblenou,214,10063,1173,2021
2021-01-01,10,Sant Martí,68,el Poblenou,214,10064,1702,2021
2021-01-01,10,Sant Martí,68,el Poblenou,214,10065,1577,2021
2021-01-01,10,Sant Martí,68,el Poblenou,214,10066,2104,2021
2021-01-01,10,Sant Martí,68,el Poblenou,214,10067,1895,2021
2021-01-01,10,Sant Martí,68,el Poblenou,214,10068,1676,2021
2021-01-01,10,Sant Martí,68,el Poblenou,215,10069,2771,2021
2021-01-01,10,Sant Martí,68,el Poblenou,215,10070,1663,2021
2021-01-01,10,Sant Martí,68,el Poblenou,215,10071,1841,2021
2021-01-01,10,Sant Martí,68,el Poblenou,215,10072,2021,2021
2021-01-01,10,Sant Martí,68,el Poblenou,215,10073,1475,2021
2021-01-01,10,Sant Martí,68,el Poblenou,215,10074,1667,2021
2021-01-01,10,Sant Martí,68,el Poblenou,215,10075,1578,2021
2021-01-01,10,Sant Martí,69,Diagonal Mar i el Front Marítim del Poblenou,216,10076,2252,2021
2021-01-01,10,Sant Martí,69,Diagonal Mar i el Front Marítim del Poblenou,216,10235,1329,2021
2021-01-01,10,Sant Martí,69,Diagonal Mar i el Front Marítim del Poblenou,216,10236,1617,2021
2021-01-01,10,Sant Martí,69,Diagonal Mar i el Front Marítim del Poblenou,217,10077,1870,2021
2021-01-01,10,Sant Martí,69,Diagonal Mar i el Front Marítim del Poblenou,217,10078,2442,2021
2021-01-01,10,Sant Martí,69,Diagonal Mar i el Front Marítim del Poblenou,217,10079,1756,2021
2021-01-01,10,Sant Martí,69,Diagonal Mar i el Front Marítim del Poblenou,218,10080,2270,2021
2021-01-01,10,Sant Martí,70,el Besòs i el Maresme,219,10081,2144,2021
2021-01-01,10,Sant Martí,70,el Besòs i el Maresme,219,10082,1969,2021
2021-01-01,10,Sant Martí,70,el Besòs i el Maresme,219,10083,2297,2021
2021-01-01,10,Sant Martí,70,el Besòs i el Maresme,219,10084,1672,2021
2021-01-01,10,Sant Martí,70,el Besòs i el Maresme,220,10085,2120,2021
2021-01-01,10,Sant Martí,70,el Besòs i el Maresme,220,10086,1989,2021
2021-01-01,10,Sant Martí,70,el Besòs i el Maresme,220,10087,1879,2021
2021-01-01,10,Sant Martí,70,el Besòs i el Maresme,220,10088,1674,2021
2021-01-01,10,Sant Martí,70,el Besòs i el Maresme,221,10089,4352,2021
2021-01-01,10,Sant Martí,70,el Besòs i el Maresme,222,10090,1514,2021
2021-01-01,10,Sant Martí,70,el Besòs i el Maresme,222,10091,1997,2021
2021-01-01,10,Sant Martí,70,el Besòs i el Maresme,222,10092,1459,2021
2021-01-01,10,Sant Martí,70,el Besòs i el Maresme,222,10093,1050,2021
2021-01-01,10,Sant Martí,71,Provençals del Poblenou,223,10094,3059,2021
2021-01-01,10,Sant Martí,71,Provençals del Poblenou,223,10095,1291,2021
2021-01-01,10,Sant Martí,71,Provençals del Poblenou,224,10096,1633,2021
2021-01-01,10,Sant Martí,71,Provençals del Poblenou,224,10097,1581,2021
2021-01-01,10,Sant Martí,71,Provençals del Poblenou,224,10098,1778,2021
2021-01-01,10,Sant Martí,71,Provençals del Poblenou,224,10099,1153,2021
2021-01-01,10,Sant Martí,71,Provençals del Poblenou,224,10100,1707,2021
2021-01-01,10,Sant Martí,71,Provençals del Poblenou,225,10101,1689,2021
2021-01-01,10,Sant Martí,71,Provençals del Poblenou,225,10102,2603,2021
2021-01-01,10,Sant Martí,71,Provençals del Poblenou,225,10103,2176,2021
2021-01-01,10,Sant Martí,71,Provençals del Poblenou,225,10104,1591,2021
2021-01-01,10,Sant Martí,71,Provençals del Poblenou,225,10237,924,2021
2021-01-01,10,Sant Martí,72,Sant Martí de Provençals,226,10105,2195,2021
2021-01-01,10,Sant Martí,72,Sant Martí de Provençals,226,10106,1017,2021
2021-01-01,10,Sant Martí,72,Sant Martí de Provençals,226,10107,1530,2021
2021-01-01,10,Sant Martí,72,Sant Martí de Provençals,226,10108,1312,2021
2021-01-01,10,Sant Martí,72,Sant Martí de Provençals,226,10109,1668,2021
2021-01-01,10,Sant Martí,72,Sant Martí de Provençals,226,10110,1714,2021
2021-01-01,10,Sant Martí,72,Sant Martí de Provençals,227,10111,1315,2021
2021-01-01,10,Sant Martí,72,Sant Martí de Provençals,227,10112,1537,2021
2021-01-01,10,Sant Martí,72,Sant Martí de Provençals,227,10113,1184,2021
2021-01-01,10,Sant Martí,72,Sant Martí de Provençals,227,10114,1500,2021
2021-01-01,10,Sant Martí,72,Sant Martí de Provençals,228,10115,1408,2021
2021-01-01,10,Sant Martí,72,Sant Martí de Provençals,228,10116,1874,2021
2021-01-01,10,Sant Martí,72,Sant Martí de Provençals,228,10117,1274,2021
2021-01-01,10,Sant Martí,72,Sant Martí de Provençals,228,10118,994,2021
2021-01-01,10,Sant Martí,72,Sant Martí de Provençals,228,10119,1157,2021
2021-01-01,10,Sant Martí,72,Sant Martí de Provençals,229,10120,1465,2021
2021-01-01,10,Sant Martí,72,Sant Martí de Provençals,229,10121,1595,2021
2021-01-01,10,Sant Martí,72,Sant Martí de Provençals,229,10122,1490,2021
2021-01-01,10,Sant Martí,73,la Verneda i la Pau,230,10123,1349,2021
2021-01-01,10,Sant Martí,73,la Verneda i la Pau,230,10124,1110,2021
2021-01-01,10,Sant Martí,73,la Verneda i la Pau,230,10125,1090,2021
2021-01-01,10,Sant Martí,73,la Verneda i la Pau,230,10126,1005,2021
2021-01-01,10,Sant Martí,73,la Verneda i la Pau,230,10127,1017,2021
2021-01-01,10,Sant Martí,73,la Verneda i la Pau,230,10128,1586,2021
2021-01-01,10,Sant Martí,73,la Verneda i la Pau,230,10129,1157,2021
2021-01-01,10,Sant Martí,73,la Verneda i la Pau,231,10130,1202,2021
2021-01-01,10,Sant Martí,73,la Verneda i la Pau,231,10131,1114,2021
2021-01-01,10,Sant Martí,73,la Verneda i la Pau,231,10132,1260,2021
2021-01-01,10,Sant Martí,73,la Verneda i la Pau,231,10133,1709,2021
2021-01-01,10,Sant Martí,73,la Verneda i la Pau,231,10134,1559,2021
2021-01-01,10,Sant Martí,73,la Verneda i la Pau,231,10135,1238,2021
2021-01-01,10,Sant Martí,73,la Verneda i la Pau,232,10136,1370,2021
2021-01-01,10,Sant Martí,73,la Verneda i la Pau,232,10137,1583,2021
2021-01-01,10,Sant Martí,73,la Verneda i la Pau,232,10138,1599,2021
2021-01-01,10,Sant Martí,73,la Verneda i la Pau,232,10139,1713,2021
2021-01-01,10,Sant Martí,73,la Verneda i la Pau,233,10140,1671,2021
2021-01-01,10,Sant Martí,73,la Verneda i la Pau,233,10141,1117,2021
2021-01-01,10,Sant Martí,73,la Verneda i la Pau,233,10142,1622,2021
2021-01-01,10,Sant Martí,73,la Verneda i la Pau,233,10143,1727,2021
2022-01-01,1,Ciutat Vella,1,el Raval,1,1001,1302,2022
2022-01-01,1,Ciutat Vella,1,el Raval,1,1002,1400,2022
2022-01-01,1,Ciutat Vella,1,el Raval,2,1003,3467,2022
2022-01-01,1,Ciutat Vella,1,el Raval,2,1004,2945,2022
2022-01-01,1,Ciutat Vella,1,el Raval,3,1005,2338,2022
2022-01-01,1,Ciutat Vella,1,el Raval,3,1006,1613,2022
2022-01-01,1,Ciutat Vella,1,el Raval,3,1007,1899,2022
2022-01-01,1,Ciutat Vella,1,el Raval,4,1008,3245,2022
2022-01-01,1,Ciutat Vella,1,el Raval,4,1009,2154,2022
2022-01-01,1,Ciutat Vella,1,el Raval,4,1010,2278,2022
2022-01-01,1,Ciutat Vella,1,el Raval,5,1011,3077,2022
2022-01-01,1,Ciutat Vella,1,el Raval,5,1012,1902,2022
2022-01-01,1,Ciutat Vella,1,el Raval,5,1013,1433,2022
2022-01-01,1,Ciutat Vella,1,el Raval,6,1014,1984,2022
2022-01-01,1,Ciutat Vella,1,el Raval,6,1015,2231,2022
2022-01-01,1,Ciutat Vella,1,el Raval,6,1016,2064,2022
2022-01-01,1,Ciutat Vella,1,el Raval,6,1017,2520,2022
2022-01-01,1,Ciutat Vella,1,el Raval,7,1018,1522,2022
2022-01-01,1,Ciutat Vella,1,el Raval,7,1019,2845,2022
2022-01-01,1,Ciutat Vella,1,el Raval,7,1020,2216,2022
2022-01-01,1,Ciutat Vella,1,el Raval,8,1021,2085,2022
2022-01-01,1,Ciutat Vella,2,el Barri Gòtic,9,1022,1606,2022
2022-01-01,1,Ciutat Vella,2,el Barri Gòtic,9,1023,1962,2022
2022-01-01,1,Ciutat Vella,2,el Barri Gòtic,10,1025,1299,2022
2022-01-01,1,Ciutat Vella,2,el Barri Gòtic,10,1026,8923,2022
2022-01-01,1,Ciutat Vella,2,el Barri Gòtic,10,1027,1485,2022
2022-01-01,1,Ciutat Vella,2,el Barri Gòtic,11,1028,1925,2022
2022-01-01,1,Ciutat Vella,2,el Barri Gòtic,11,1029,1410,2022
2022-01-01,1,Ciutat Vella,2,el Barri Gòtic,12,1030,2500,2022
2022-01-01,1,Ciutat Vella,2,el Barri Gòtic,12,1031,1638,2022
2022-01-01,1,Ciutat Vella,3,la Barceloneta,13,1032,1726,2022
2022-01-01,1,Ciutat Vella,3,la Barceloneta,13,1033,1055,2022
2022-01-01,1,Ciutat Vella,3,la Barceloneta,13,1034,898,2022
2022-01-01,1,Ciutat Vella,3,la Barceloneta,14,1035,1179,2022
2022-01-01,1,Ciutat Vella,3,la Barceloneta,14,1036,1182,2022
2022-01-01,1,Ciutat Vella,3,la Barceloneta,15,1037,1296,2022
2022-01-01,1,Ciutat Vella,3,la Barceloneta,15,1038,1445,2022
2022-01-01,1,Ciutat Vella,3,la Barceloneta,15,1039,1315,2022
2022-01-01,1,Ciutat Vella,3,la Barceloneta,15,1040,1062,2022
2022-01-01,1,Ciutat Vella,3,la Barceloneta,15,1041,1434,2022
2022-01-01,1,Ciutat Vella,3,la Barceloneta,15,1042,1750,2022
2022-01-01,1,Ciutat Vella,4,"Sant Pere, Santa Caterina i la Ribera",16,1043,1664,2022
2022-01-01,1,Ciutat Vella,4,"Sant Pere, Santa Caterina i la Ribera",16,1044,1423,2022
2022-01-01,1,Ciutat Vella,4,"Sant Pere, Santa Caterina i la Ribera",16,1045,1950,2022
2022-01-01,1,Ciutat Vella,4,"Sant Pere, Santa Caterina i la Ribera",16,1046,1834,2022
2022-01-01,1,Ciutat Vella,4,"Sant Pere, Santa Caterina i la Ribera",17,1047,1744,2022
2022-01-01,1,Ciutat Vella,4,"Sant Pere, Santa Caterina i la Ribera",17,1048,2105,2022
2022-01-01,1,Ciutat Vella,4,"Sant Pere, Santa Caterina i la Ribera",17,1049,1476,2022
2022-01-01,1,Ciutat Vella,4,"Sant Pere, Santa Caterina i la Ribera",18,1050,1569,2022
2022-01-01,1,Ciutat Vella,4,"Sant Pere, Santa Caterina i la Ribera",18,1051,1769,2022
2022-01-01,1,Ciutat Vella,4,"Sant Pere, Santa Caterina i la Ribera",18,1052,2511,2022
2022-01-01,1,Ciutat Vella,4,"Sant Pere, Santa Caterina i la Ribera",19,1053,1873,2022
2022-01-01,1,Ciutat Vella,4,"Sant Pere, Santa Caterina i la Ribera",19,1054,1219,2022
2022-01-01,1,Ciutat Vella,4,"Sant Pere, Santa Caterina i la Ribera",19,1055,1281,2022
2022-01-01,2,Eixample,5,el Fort Pienc,20,2001,1339,2022
2022-01-01,2,Eixample,5,el Fort Pienc,20,2002,3665,2022
2022-01-01,2,Eixample,5,el Fort Pienc,20,2003,1167,2022
2022-01-01,2,Eixample,5,el Fort Pienc,20,2004,1492,2022
2022-01-01,2,Eixample,5,el Fort Pienc,20,2005,2045,2022
2022-01-01,2,Eixample,5,el Fort Pienc,20,2006,1666,2022
2022-01-01,2,Eixample,5,el Fort Pienc,20,2007,1254,2022
2022-01-01,2,Eixample,5,el Fort Pienc,20,2008,1940,2022
2022-01-01,2,Eixample,5,el Fort Pienc,20,2009,1790,2022
2022-01-01,2,Eixample,5,el Fort Pienc,21,2010,1211,2022
2022-01-01,2,Eixample,5,el Fort Pienc,21,2011,1097,2022
2022-01-01,2,Eixample,5,el Fort Pienc,21,2012,1568,2022
2022-01-01,2,Eixample,5,el Fort Pienc,21,2013,1137,2022
2022-01-01,2,Eixample,5,el Fort Pienc,22,2014,1362,2022
2022-01-01,2,Eixample,5,el Fort Pienc,22,2015,1574,2022
2022-01-01,2,Eixample,5,el Fort Pienc,22,2016,1852,2022
2022-01-01,2,Eixample,5,el Fort Pienc,22,2017,1980,2022
2022-01-01,2,Eixample,5,el Fort Pienc,22,2018,1833,2022
2022-01-01,2,Eixample,5,el Fort Pienc,22,2019,1990,2022
2022-01-01,2,Eixample,5,el Fort Pienc,22,2020,1483,2022
2022-01-01,2,Eixample,6,la Sagrada Família,23,2021,1470,2022
2022-01-01,2,Eixample,6,la Sagrada Família,23,2022,1309,2022
2022-01-01,2,Eixample,6,la Sagrada Família,23,2023,1069,2022
2022-01-01,2,Eixample,6,la Sagrada Família,23,2024,1108,2022
2022-01-01,2,Eixample,6,la Sagrada Família,24,2025,1117,2022
2022-01-01,2,Eixample,6,la Sagrada Família,24,2026,2068,2022
2022-01-01,2,Eixample,6,la Sagrada Família,24,2027,2114,2022
2022-01-01,2,Eixample,6,la Sagrada Família,24,2028,2032,2022
2022-01-01,2,Eixample,6,la Sagrada Família,24,2029,1213,2022
2022-01-01,2,Eixample,6,la Sagrada Família,24,2030,1370,2022
2022-01-01,2,Eixample,6,la Sagrada Família,24,2031,1036,2022
2022-01-01,2,Eixample,6,la Sagrada Família,24,2032,1157,2022
2022-01-01,2,Eixample,6,la Sagrada Família,25,2033,1157,2022
2022-01-01,2,Eixample,6,la Sagrada Família,25,2034,1193,2022
2022-01-01,2,Eixample,6,la Sagrada Família,25,2035,1279,2022
2022-01-01,2,Eixample,6,la Sagrada Família,25,2036,1198,2022
2022-01-01,2,Eixample,6,la Sagrada Família,25,2037,1201,2022
2022-01-01,2,Eixample,6,la Sagrada Família,25,2038,1525,2022
2022-01-01,2,Eixample,6,la Sagrada Família,25,2039,1756,2022
2022-01-01,2,Eixample,6,la Sagrada Família,25,2040,1671,2022
2022-01-01,2,Eixample,6,la Sagrada Família,26,2041,1631,2022
2022-01-01,2,Eixample,6,la Sagrada Família,26,2042,1603,2022
2022-01-01,2,Eixample,6,la Sagrada Família,26,2043,1461,2022
2022-01-01,2,Eixample,6,la Sagrada Família,26,2044,1300,2022
2022-01-01,2,Eixample,6,la Sagrada Família,26,2045,1166,2022
2022-01-01,2,Eixample,6,la Sagrada Família,26,2046,1919,2022
2022-01-01,2,Eixample,6,la Sagrada Família,26,2047,1967,2022
2022-01-01,2,Eixample,6,la Sagrada Família,26,2048,1285,2022
2022-01-01,2,Eixample,6,la Sagrada Família,27,2049,2035,2022
2022-01-01,2,Eixample,6,la Sagrada Família,27,2050,1610,2022
2022-01-01,2,Eixample,6,la Sagrada Família,27,2051,1857,2022
2022-01-01,2,Eixample,6,la Sagrada Família,27,2052,1788,2022
2022-01-01,2,Eixample,6,la Sagrada Família,27,2053,1856,2022
2022-01-01,2,Eixample,6,la Sagrada Família,27,2054,1881,2022
2022-01-01,2,Eixample,7,la Dreta de l'Eixample,28,2055,1840,2022
2022-01-01,2,Eixample,7,la Dreta de l'Eixample,28,2056,1499,2022
2022-01-01,2,Eixample,7,la Dreta de l'Eixample,28,2057,1267,2022
2022-01-01,2,Eixample,7,la Dreta de l'Eixample,28,2058,1372,2022
2022-01-01,2,Eixample,7,la Dreta de l'Eixample,28,2059,1669,2022
2022-01-01,2,Eixample,7,la Dreta de l'Eixample,28,2060,1673,2022
2022-01-01,2,Eixample,7,la Dreta de l'Eixample,29,2061,1344,2022
2022-01-01,2,Eixample,7,la Dreta de l'Eixample,29,2062,1535,2022
2022-01-01,2,Eixample,7,la Dreta de l'Eixample,29,2063,1171,2022
2022-01-01,2,Eixample,7,la Dreta de l'Eixample,29,2064,1300,2022
2022-01-01,2,Eixample,7,la Dreta de l'Eixample,29,2065,1813,2022
2022-01-01,2,Eixample,7,la Dreta de l'Eixample,30,2066,1766,2022
2022-01-01,2,Eixample,7,la Dreta de l'Eixample,30,2067,1656,2022
2022-01-01,2,Eixample,7,la Dreta de l'Eixample,30,2068,1624,2022
2022-01-01,2,Eixample,7,la Dreta de l'Eixample,30,2069,1357,2022
2022-01-01,2,Eixample,7,la Dreta de l'Eixample,31,2070,1270,2022
2022-01-01,2,Eixample,7,la Dreta de l'Eixample,31,2071,1674,2022
2022-01-01,2,Eixample,7,la Dreta de l'Eixample,31,2072,1204,2022
2022-01-01,2,Eixample,7,la Dreta de l'Eixample,32,2073,1638,2022
2022-01-01,2,Eixample,7,la Dreta de l'Eixample,32,2074,1282,2022
2022-01-01,2,Eixample,7,la Dreta de l'Eixample,32,2075,1261,2022
2022-01-01,2,Eixample,7,la Dreta de l'Eixample,32,2076,1622,2022
2022-01-01,2,Eixample,7,la Dreta de l'Eixample,33,2077,1758,2022
2022-01-01,2,Eixample,7,la Dreta de l'Eixample,34,2078,1474,2022
2022-01-01,2,Eixample,7,la Dreta de l'Eixample,34,2079,1490,2022
2022-01-01,2,Eixample,7,la Dreta de l'Eixample,35,2080,1596,2022
2022-01-01,2,Eixample,7,la Dreta de l'Eixample,35,2081,2170,2022
2022-01-01,2,Eixample,7,la Dreta de l'Eixample,36,2082,916,2022
2022-01-01,2,Eixample,7,la Dreta de l'Eixample,36,2083,1915,2022
2022-01-01,2,Eixample,8,l'Antiga Esquerra de l'Eixample,37,2084,2065,2022
2022-01-01,2,Eixample,8,l'Antiga Esquerra de l'Eixample,37,2085,1413,2022
2022-01-01,2,Eixample,8,l'Antiga Esquerra de l'Eixample,37,2086,1404,2022
2022-01-01,2,Eixample,8,l'Antiga Esquerra de l'Eixample,37,2087,1425,2022
2022-01-01,2,Eixample,8,l'Antiga Esquerra de l'Eixample,38,2088,1679,2022
2022-01-01,2,Eixample,8,l'Antiga Esquerra de l'Eixample,38,2089,1753,2022
2022-01-01,2,Eixample,8,l'Antiga Esquerra de l'Eixample,38,2090,1739,2022
2022-01-01,2,Eixample,8,l'Antiga Esquerra de l'Eixample,39,2091,2269,2022
2022-01-01,2,Eixample,8,l'Antiga Esquerra de l'Eixample,39,2092,1759,2022
2022-01-01,2,Eixample,8,l'Antiga Esquerra de l'Eixample,40,2093,1676,2022
2022-01-01,2,Eixample,8,l'Antiga Esquerra de l'Eixample,40,2094,1503,2022
2022-01-01,2,Eixample,8,l'Antiga Esquerra de l'Eixample,40,2095,1512,2022
2022-01-01,2,Eixample,8,l'Antiga Esquerra de l'Eixample,40,2096,1408,2022
2022-01-01,2,Eixample,8,l'Antiga Esquerra de l'Eixample,40,2097,1119,2022
2022-01-01,2,Eixample,8,l'Antiga Esquerra de l'Eixample,41,2098,1446,2022
2022-01-01,2,Eixample,8,l'Antiga Esquerra de l'Eixample,41,2099,1615,2022
2022-01-01,2,Eixample,8,l'Antiga Esquerra de l'Eixample,41,2100,1342,2022
2022-01-01,2,Eixample,8,l'Antiga Esquerra de l'Eixample,41,2101,2181,2022
2022-01-01,2,Eixample,8,l'Antiga Esquerra de l'Eixample,42,2102,1385,2022
2022-01-01,2,Eixample,8,l'Antiga Esquerra de l'Eixample,42,2103,1650,2022
2022-01-01,2,Eixample,8,l'Antiga Esquerra de l'Eixample,42,2104,1170,2022
2022-01-01,2,Eixample,8,l'Antiga Esquerra de l'Eixample,42,2105,2083,2022
2022-01-01,2,Eixample,8,l'Antiga Esquerra de l'Eixample,43,2106,1442,2022
2022-01-01,2,Eixample,8,l'Antiga Esquerra de l'Eixample,43,2107,1630,2022
2022-01-01,2,Eixample,8,l'Antiga Esquerra de l'Eixample,43,2108,1596,2022
2022-01-01,2,Eixample,8,l'Antiga Esquerra de l'Eixample,43,2109,2101,2022
2022-01-01,2,Eixample,9,la Nova Esquerra de l'Eixample,44,2110,1852,2022
2022-01-01,2,Eixample,9,la Nova Esquerra de l'Eixample,44,2111,1848,2022
2022-01-01,2,Eixample,9,la Nova Esquerra de l'Eixample,44,2112,1272,2022
2022-01-01,2,Eixample,9,la Nova Esquerra de l'Eixample,44,2113,2188,2022
2022-01-01,2,Eixample,9,la Nova Esquerra de l'Eixample,44,2114,1671,2022
2022-01-01,2,Eixample,9,la Nova Esquerra de l'Eixample,45,2115,1337,2022
2022-01-01,2,Eixample,9,la Nova Esquerra de l'Eixample,45,2116,990,2022
2022-01-01,2,Eixample,9,la Nova Esquerra de l'Eixample,45,2117,1217,2022
2022-01-01,2,Eixample,9,la Nova Esquerra de l'Eixample,45,2118,1444,2022
2022-01-01,2,Eixample,9,la Nova Esquerra de l'Eixample,45,2119,1267,2022
2022-01-01,2,Eixample,9,la Nova Esquerra de l'Eixample,45,2120,1163,2022
2022-01-01,2,Eixample,9,la Nova Esquerra de l'Eixample,45,2121,1262,2022
2022-01-01,2,Eixample,9,la Nova Esquerra de l'Eixample,45,2122,1026,2022
2022-01-01,2,Eixample,9,la Nova Esquerra de l'Eixample,45,2123,1093,2022
2022-01-01,2,Eixample,9,la Nova Esquerra de l'Eixample,46,2124,1083,2022
2022-01-01,2,Eixample,9,la Nova Esquerra de l'Eixample,46,2125,1670,2022
2022-01-01,2,Eixample,9,la Nova Esquerra de l'Eixample,46,2126,1464,2022
2022-01-01,2,Eixample,9,la Nova Esquerra de l'Eixample,46,2127,1156,2022
2022-01-01,2,Eixample,9,la Nova Esquerra de l'Eixample,46,2128,1300,2022
2022-01-01,2,Eixample,9,la Nova Esquerra de l'Eixample,46,2129,1523,2022
2022-01-01,2,Eixample,9,la Nova Esquerra de l'Eixample,47,2130,1104,2022
2022-01-01,2,Eixample,9,la Nova Esquerra de l'Eixample,47,2131,1121,2022
2022-01-01,2,Eixample,9,la Nova Esquerra de l'Eixample,47,2132,1012,2022
2022-01-01,2,Eixample,9,la Nova Esquerra de l'Eixample,47,2133,821,2022
2022-01-01,2,Eixample,9,la Nova Esquerra de l'Eixample,47,2134,1454,2022
2022-01-01,2,Eixample,9,la Nova Esquerra de l'Eixample,47,2135,2095,2022
2022-01-01,2,Eixample,9,la Nova Esquerra de l'Eixample,47,2136,881,2022
2022-01-01,2,Eixample,9,la Nova Esquerra de l'Eixample,48,2137,1438,2022
2022-01-01,2,Eixample,9,la Nova Esquerra de l'Eixample,48,2138,1921,2022
2022-01-01,2,Eixample,9,la Nova Esquerra de l'Eixample,48,2139,1711,2022
2022-01-01,2,Eixample,9,la Nova Esquerra de l'Eixample,48,2140,1891,2022
2022-01-01,2,Eixample,9,la Nova Esquerra de l'Eixample,48,2141,1179,2022
2022-01-01,2,Eixample,9,la Nova Esquerra de l'Eixample,49,2142,2000,2022
2022-01-01,2,Eixample,9,la Nova Esquerra de l'Eixample,49,2143,1466,2022
2022-01-01,2,Eixample,9,la Nova Esquerra de l'Eixample,49,2144,1494,2022
2022-01-01,2,Eixample,9,la Nova Esquerra de l'Eixample,49,2145,1228,2022
2022-01-01,2,Eixample,9,la Nova Esquerra de l'Eixample,50,2146,1178,2022
2022-01-01,2,Eixample,9,la Nova Esquerra de l'Eixample,50,2147,2076,2022
2022-01-01,2,Eixample,9,la Nova Esquerra de l'Eixample,50,2148,1554,2022
2022-01-01,2,Eixample,9,la Nova Esquerra de l'Eixample,50,2149,1864,2022
2022-01-01,2,Eixample,10,Sant Antoni,51,2150,1508,2022
2022-01-01,2,Eixample,10,Sant Antoni,51,2151,1489,2022
2022-01-01,2,Eixample,10,Sant Antoni,51,2152,1270,2022
2022-01-01,2,Eixample,10,Sant Antoni,51,2153,1352,2022
2022-01-01,2,Eixample,10,Sant Antoni,51,2154,1006,2022
2022-01-01,2,Eixample,10,Sant Antoni,51,2155,1804,2022
2022-01-01,2,Eixample,10,Sant Antoni,51,2156,1283,2022
2022-01-01,2,Eixample,10,Sant Antoni,51,2157,1194,2022
2022-01-01,2,Eixample,10,Sant Antoni,52,2158,1584,2022
2022-01-01,2,Eixample,10,Sant Antoni,52,2159,1961,2022
2022-01-01,2,Eixample,10,Sant Antoni,52,2160,1968,2022
2022-01-01,2,Eixample,10,Sant Antoni,52,2161,1158,2022
2022-01-01,2,Eixample,10,Sant Antoni,52,2162,1402,2022
2022-01-01,2,Eixample,10,Sant Antoni,53,2163,1806,2022
2022-01-01,2,Eixample,10,Sant Antoni,53,2164,1445,2022
2022-01-01,2,Eixample,10,Sant Antoni,53,2165,1694,2022
2022-01-01,2,Eixample,10,Sant Antoni,54,2166,2145,2022
2022-01-01,2,Eixample,10,Sant Antoni,54,2167,2111,2022
2022-01-01,2,Eixample,10,Sant Antoni,54,2168,2256,2022
2022-01-01,2,Eixample,10,Sant Antoni,55,2169,1548,2022
2022-01-01,2,Eixample,10,Sant Antoni,55,2170,1521,2022
2022-01-01,2,Eixample,10,Sant Antoni,55,2171,1618,2022
2022-01-01,2,Eixample,10,Sant Antoni,55,2172,1508,2022
2022-01-01,2,Eixample,10,Sant Antoni,55,2173,1544,2022
2022-01-01,3,Sants-Montjuïc,11,el Poble-sec,56,3001,1685,2022
2022-01-01,3,Sants-Montjuïc,11,el Poble-sec,56,3002,1943,2022
2022-01-01,3,Sants-Montjuïc,11,el Poble-sec,56,3003,1662,2022
2022-01-01,3,Sants-Montjuïc,11,el Poble-sec,56,3004,1563,2022
2022-01-01,3,Sants-Montjuïc,11,el Poble-sec,56,3005,1161,2022
2022-01-01,3,Sants-Montjuïc,11,el Poble-sec,56,3006,1399,2022
2022-01-01,3,Sants-Montjuïc,11,el Poble-sec,56,3007,1658,2022
2022-01-01,3,Sants-Montjuïc,11,el Poble-sec,56,3008,1207,2022
2022-01-01,3,Sants-Montjuïc,11,el Poble-sec,56,3009,1196,2022
2022-01-01,3,Sants-Montjuïc,11,el Poble-sec,57,3010,1895,2022
2022-01-01,3,Sants-Montjuïc,11,el Poble-sec,57,3011,1755,2022
2022-01-01,3,Sants-Montjuïc,11,el Poble-sec,57,3012,2033,2022
2022-01-01,3,Sants-Montjuïc,11,el Poble-sec,57,3013,1717,2022
2022-01-01,3,Sants-Montjuïc,11,el Poble-sec,57,3014,1779,2022
2022-01-01,3,Sants-Montjuïc,11,el Poble-sec,57,3015,2901,2022
2022-01-01,3,Sants-Montjuïc,11,el Poble-sec,57,3016,1254,2022
2022-01-01,3,Sants-Montjuïc,11,el Poble-sec,57,3017,1629,2022
2022-01-01,3,Sants-Montjuïc,11,el Poble-sec,58,3018,1635,2022
2022-01-01,3,Sants-Montjuïc,11,el Poble-sec,58,3019,1511,2022
2022-01-01,3,Sants-Montjuïc,11,el Poble-sec,58,3020,1213,2022
2022-01-01,3,Sants-Montjuïc,11,el Poble-sec,58,3021,1074,2022
2022-01-01,3,Sants-Montjuïc,11,el Poble-sec,58,3022,1424,2022
2022-01-01,3,Sants-Montjuïc,11,el Poble-sec,59,3023,1875,2022
2022-01-01,3,Sants-Montjuïc,11,el Poble-sec,59,3024,1974,2022
2022-01-01,3,Sants-Montjuïc,12,la Marina del Prat Vermell,60,3025,1517,2022
2022-01-01,3,Sants-Montjuïc,13,la Marina de Port,61,3026,998,2022
2022-01-01,3,Sants-Montjuïc,13,la Marina de Port,61,3027,1704,2022
2022-01-01,3,Sants-Montjuïc,13,la Marina de Port,61,3028,2612,2022
2022-01-01,3,Sants-Montjuïc,13,la Marina de Port,61,3029,1267,2022
2022-01-01,3,Sants-Montjuïc,13,la Marina de Port,61,3030,1566,2022
2022-01-01,3,Sants-Montjuïc,13,la Marina de Port,62,3031,2360,2022
2022-01-01,3,Sants-Montjuïc,13,la Marina de Port,62,3032,1700,2022
2022-01-01,3,Sants-Montjuïc,13,la Marina de Port,62,3033,1477,2022
2022-01-01,3,Sants-Montjuïc,13,la Marina de Port,62,3034,1496,2022
2022-01-01,3,Sants-Montjuïc,13,la Marina de Port,62,3211,1519,2022
2022-01-01,3,Sants-Montjuïc,13,la Marina de Port,63,3035,2225,2022
2022-01-01,3,Sants-Montjuïc,13,la Marina de Port,63,3036,2365,2022
2022-01-01,3,Sants-Montjuïc,13,la Marina de Port,63,3037,985,2022
2022-01-01,3,Sants-Montjuïc,13,la Marina de Port,63,3212,2383,2022
2022-01-01,3,Sants-Montjuïc,13,la Marina de Port,63,3213,2339,2022
2022-01-01,3,Sants-Montjuïc,13,la Marina de Port,64,3038,937,2022
2022-01-01,3,Sants-Montjuïc,13,la Marina de Port,64,3039,2495,2022
2022-01-01,3,Sants-Montjuïc,14,la Font de la Guatlla,65,3040,1690,2022
2022-01-01,3,Sants-Montjuïc,14,la Font de la Guatlla,65,3041,1394,2022
2022-01-01,3,Sants-Montjuïc,14,la Font de la Guatlla,65,3042,1348,2022
2022-01-01,3,Sants-Montjuïc,14,la Font de la Guatlla,65,3043,1566,2022
2022-01-01,3,Sants-Montjuïc,14,la Font de la Guatlla,65,3044,1886,2022
2022-01-01,3,Sants-Montjuïc,14,la Font de la Guatlla,65,3045,1084,2022
2022-01-01,3,Sants-Montjuïc,14,la Font de la Guatlla,65,3046,1391,2022
2022-01-01,3,Sants-Montjuïc,15,Hostafrancs,66,3047,1733,2022
2022-01-01,3,Sants-Montjuïc,15,Hostafrancs,66,3048,1335,2022
2022-01-01,3,Sants-Montjuïc,15,Hostafrancs,66,3049,1656,2022
2022-01-01,3,Sants-Montjuïc,15,Hostafrancs,66,3050,1605,2022
2022-01-01,3,Sants-Montjuïc,15,Hostafrancs,67,3051,1890,2022
2022-01-01,3,Sants-Montjuïc,15,Hostafrancs,67,3052,1342,2022
2022-01-01,3,Sants-Montjuïc,15,Hostafrancs,67,3053,2147,2022
2022-01-01,3,Sants-Montjuïc,15,Hostafrancs,67,3054,1634,2022
2022-01-01,3,Sants-Montjuïc,15,Hostafrancs,67,3055,1565,2022
2022-01-01,3,Sants-Montjuïc,15,Hostafrancs,67,3056,952,2022
2022-01-01,3,Sants-Montjuïc,16,la Bordeta,68,3057,1477,2022
2022-01-01,3,Sants-Montjuïc,16,la Bordeta,68,3058,1747,2022
2022-01-01,3,Sants-Montjuïc,16,la Bordeta,68,3059,1168,2022
2022-01-01,3,Sants-Montjuïc,16,la Bordeta,68,3060,1344,2022
2022-01-01,3,Sants-Montjuïc,16,la Bordeta,68,3061,1091,2022
2022-01-01,3,Sants-Montjuïc,16,la Bordeta,69,3062,1546,2022
2022-01-01,3,Sants-Montjuïc,16,la Bordeta,69,3063,1954,2022
2022-01-01,3,Sants-Montjuïc,16,la Bordeta,69,3064,1202,2022
2022-01-01,3,Sants-Montjuïc,16,la Bordeta,69,3065,1339,2022
2022-01-01,3,Sants-Montjuïc,16,la Bordeta,69,3066,2324,2022
2022-01-01,3,Sants-Montjuïc,16,la Bordeta,69,3067,1729,2022
2022-01-01,3,Sants-Montjuïc,16,la Bordeta,69,3068,1144,2022
2022-01-01,3,Sants-Montjuïc,16,la Bordeta,69,3069,1162,2022
2022-01-01,3,Sants-Montjuïc,17,Sants - Badal,70,3070,1319,2022
2022-01-01,3,Sants-Montjuïc,17,Sants - Badal,70,3071,1343,2022
2022-01-01,3,Sants-Montjuïc,17,Sants - Badal,70,3072,1335,2022
2022-01-01,3,Sants-Montjuïc,17,Sants - Badal,70,3073,1580,2022
2022-01-01,3,Sants-Montjuïc,17,Sants - Badal,70,3074,1750,2022
2022-01-01,3,Sants-Montjuïc,17,Sants - Badal,70,3075,1738,2022
2022-01-01,3,Sants-Montjuïc,17,Sants - Badal,70,3076,1042,2022
2022-01-01,3,Sants-Montjuïc,17,Sants - Badal,70,3077,1329,2022
2022-01-01,3,Sants-Montjuïc,17,Sants - Badal,70,3078,1700,2022
2022-01-01,3,Sants-Montjuïc,17,Sants - Badal,70,3079,1800,2022
2022-01-01,3,Sants-Montjuïc,17,Sants - Badal,70,3080,1515,2022
2022-01-01,3,Sants-Montjuïc,17,Sants - Badal,71,3081,1873,2022
2022-01-01,3,Sants-Montjuïc,17,Sants - Badal,71,3082,1857,2022
2022-01-01,3,Sants-Montjuïc,17,Sants - Badal,71,3083,1357,2022
2022-01-01,3,Sants-Montjuïc,17,Sants - Badal,71,3084,1365,2022
2022-01-01,3,Sants-Montjuïc,17,Sants - Badal,71,3085,1305,2022
2022-01-01,3,Sants-Montjuïc,18,Sants,72,3086,1215,2022
2022-01-01,3,Sants-Montjuïc,18,Sants,72,3087,1480,2022
2022-01-01,3,Sants-Montjuïc,18,Sants,72,3088,1382,2022
2022-01-01,3,Sants-Montjuïc,18,Sants,72,3089,1212,2022
2022-01-01,3,Sants-Montjuïc,18,Sants,72,3090,958,2022
2022-01-01,3,Sants-Montjuïc,18,Sants,72,3091,1471,2022
2022-01-01,3,Sants-Montjuïc,18,Sants,72,3092,1217,2022
2022-01-01,3,Sants-Montjuïc,18,Sants,72,3093,1471,2022
2022-01-01,3,Sants-Montjuïc,18,Sants,72,3094,1186,2022
2022-01-01,3,Sants-Montjuïc,18,Sants,73,3095,1609,2022
2022-01-01,3,Sants-Montjuïc,18,Sants,73,3096,1518,2022
2022-01-01,3,Sants-Montjuïc,18,Sants,73,3097,1635,2022
2022-01-01,3,Sants-Montjuïc,18,Sants,73,3098,1435,2022
2022-01-01,3,Sants-Montjuïc,18,Sants,73,3099,973,2022
2022-01-01,3,Sants-Montjuïc,18,Sants,73,3100,1281,2022
2022-01-01,3,Sants-Montjuïc,18,Sants,74,3101,4382,2022
2022-01-01,3,Sants-Montjuïc,18,Sants,74,3102,1340,2022
2022-01-01,3,Sants-Montjuïc,18,Sants,74,3103,1125,2022
2022-01-01,3,Sants-Montjuïc,18,Sants,74,3104,1401,2022
2022-01-01,3,Sants-Montjuïc,18,Sants,75,3105,1180,2022
2022-01-01,3,Sants-Montjuïc,18,Sants,75,3106,1291,2022
2022-01-01,3,Sants-Montjuïc,18,Sants,76,3107,1595,2022
2022-01-01,3,Sants-Montjuïc,18,Sants,76,3108,1597,2022
2022-01-01,3,Sants-Montjuïc,18,Sants,76,3109,1503,2022
2022-01-01,3,Sants-Montjuïc,18,Sants,76,3110,1429,2022
2022-01-01,3,Sants-Montjuïc,18,Sants,76,3111,1272,2022
2022-01-01,3,Sants-Montjuïc,18,Sants,76,3112,1839,2022
2022-01-01,3,Sants-Montjuïc,18,Sants,76,3113,1562,2022
2022-01-01,3,Sants-Montjuïc,18,Sants,76,3114,1470,2022
2022-01-01,4,Les Corts,19,les Corts,77,4001,1264,2022
2022-01-01,4,Les Corts,19,les Corts,77,4002,1905,2022
2022-01-01,4,Les Corts,19,les Corts,77,4003,1049,2022
2022-01-01,4,Les Corts,19,les Corts,77,4004,974,2022
2022-01-01,4,Les Corts,19,les Corts,77,4005,1205,2022
2022-01-01,4,Les Corts,19,les Corts,77,4006,1125,2022
2022-01-01,4,Les Corts,19,les Corts,77,4007,1028,2022
2022-01-01,4,Les Corts,19,les Corts,77,4008,993,2022
2022-01-01,4,Les Corts,19,les Corts,77,4009,1468,2022
2022-01-01,4,Les Corts,19,les Corts,78,4010,889,2022
2022-01-01,4,Les Corts,19,les Corts,78,4011,1701,2022
2022-01-01,4,Les Corts,19,les Corts,78,4012,1345,2022
2022-01-01,4,Les Corts,19,les Corts,78,4013,1209,2022
2022-01-01,4,Les Corts,19,les Corts,78,4014,781,2022
2022-01-01,4,Les Corts,19,les Corts,78,4015,1872,2022
2022-01-01,4,Les Corts,19,les Corts,78,4016,1056,2022
2022-01-01,4,Les Corts,19,les Corts,79,4017,1190,2022
2022-01-01,4,Les Corts,19,les Corts,79,4018,1469,2022
2022-01-01,4,Les Corts,19,les Corts,79,4019,1366,2022
2022-01-01,4,Les Corts,19,les Corts,79,4020,1476,2022
2022-01-01,4,Les Corts,19,les Corts,79,4021,1311,2022
2022-01-01,4,Les Corts,19,les Corts,80,4022,1652,2022
2022-01-01,4,Les Corts,19,les Corts,81,4023,1064,2022
2022-01-01,4,Les Corts,19,les Corts,81,4024,1020,2022
2022-01-01,4,Les Corts,19,les Corts,82,4025,1149,2022
2022-01-01,4,Les Corts,19,les Corts,82,4026,1215,2022
2022-01-01,4,Les Corts,19,les Corts,82,4027,1331,2022
2022-01-01,4,Les Corts,19,les Corts,83,4028,1298,2022
2022-01-01,4,Les Corts,19,les Corts,83,4029,1120,2022
2022-01-01,4,Les Corts,19,les Corts,83,4030,1777,2022
2022-01-01,4,Les Corts,19,les Corts,84,4031,1888,2022
2022-01-01,4,Les Corts,19,les Corts,84,4032,1541,2022
2022-01-01,4,Les Corts,19,les Corts,84,4033,1117,2022
2022-01-01,4,Les Corts,19,les Corts,84,4034,1476,2022
2022-01-01,4,Les Corts,19,les Corts,84,4035,1336,2022
2022-01-01,4,Les Corts,20,la Maternitat i Sant Ramon,85,4036,1706,2022
2022-01-01,4,Les Corts,20,la Maternitat i Sant Ramon,85,4037,2162,2022
2022-01-01,4,Les Corts,20,la Maternitat i Sant Ramon,85,4038,1214,2022
2022-01-01,4,Les Corts,20,la Maternitat i Sant Ramon,85,4039,1134,2022
2022-01-01,4,Les Corts,20,la Maternitat i Sant Ramon,85,4040,1589,2022
2022-01-01,4,Les Corts,20,la Maternitat i Sant Ramon,85,4041,1279,2022
2022-01-01,4,Les Corts,20,la Maternitat i Sant Ramon,85,4042,1772,2022
2022-01-01,4,Les Corts,20,la Maternitat i Sant Ramon,86,4043,1605,2022
2022-01-01,4,Les Corts,20,la Maternitat i Sant Ramon,86,4044,1598,2022
2022-01-01,4,Les Corts,20,la Maternitat i Sant Ramon,86,4045,1386,2022
2022-01-01,4,Les Corts,20,la Maternitat i Sant Ramon,86,4046,2392,2022
2022-01-01,4,Les Corts,20,la Maternitat i Sant Ramon,86,4047,1863,2022
2022-01-01,4,Les Corts,20,la Maternitat i Sant Ramon,87,4048,1469,2022
2022-01-01,4,Les Corts,20,la Maternitat i Sant Ramon,87,4049,1146,2022
2022-01-01,4,Les Corts,20,la Maternitat i Sant Ramon,87,4084,1369,2022
2022-01-01,4,Les Corts,21,Pedralbes,88,4050,2024,2022
2022-01-01,4,Les Corts,21,Pedralbes,88,4051,1622,2022
2022-01-01,4,Les Corts,21,Pedralbes,88,4052,2172,2022
2022-01-01,4,Les Corts,21,Pedralbes,89,4053,1695,2022
2022-01-01,4,Les Corts,21,Pedralbes,89,4054,1010,2022
2022-01-01,4,Les Corts,21,Pedralbes,90,4055,1477,2022
2022-01-01,4,Les Corts,21,Pedralbes,90,4056,1730,2022
2022-01-01,5,Sarrià-Sant Gervasi,22,"Vallvidrera, el Tibidabo i les Planes",91,5001,1818,2022
2022-01-01,5,Sarrià-Sant Gervasi,22,"Vallvidrera, el Tibidabo i les Planes",92,5002,1618,2022
2022-01-01,5,Sarrià-Sant Gervasi,22,"Vallvidrera, el Tibidabo i les Planes",92,5003,1369,2022
2022-01-01,5,Sarrià-Sant Gervasi,23,Sarrià,93,5004,1101,2022
2022-01-01,5,Sarrià-Sant Gervasi,23,Sarrià,93,5005,1223,2022
2022-01-01,5,Sarrià-Sant Gervasi,23,Sarrià,94,5006,1827,2022
2022-01-01,5,Sarrià-Sant Gervasi,23,Sarrià,95,5007,1887,2022
2022-01-01,5,Sarrià-Sant Gervasi,23,Sarrià,95,5008,1675,2022
2022-01-01,5,Sarrià-Sant Gervasi,23,Sarrià,95,5009,1669,2022
2022-01-01,5,Sarrià-Sant Gervasi,23,Sarrià,95,5010,1505,2022
2022-01-01,5,Sarrià-Sant Gervasi,23,Sarrià,95,5011,1394,2022
2022-01-01,5,Sarrià-Sant Gervasi,23,Sarrià,95,5012,1337,2022
2022-01-01,5,Sarrià-Sant Gervasi,23,Sarrià,95,5013,1642,2022
2022-01-01,5,Sarrià-Sant Gervasi,23,Sarrià,96,5014,1568,2022
2022-01-01,5,Sarrià-Sant Gervasi,23,Sarrià,96,5015,1523,2022
2022-01-01,5,Sarrià-Sant Gervasi,23,Sarrià,96,5016,1864,2022
2022-01-01,5,Sarrià-Sant Gervasi,23,Sarrià,96,5017,1510,2022
2022-01-01,5,Sarrià-Sant Gervasi,23,Sarrià,96,5018,1253,2022
2022-01-01,5,Sarrià-Sant Gervasi,23,Sarrià,96,5019,1654,2022
2022-01-01,5,Sarrià-Sant Gervasi,24,les Tres Torres,97,5020,1074,2022
2022-01-01,5,Sarrià-Sant Gervasi,24,les Tres Torres,97,5021,1221,2022
2022-01-01,5,Sarrià-Sant Gervasi,24,les Tres Torres,98,5022,1683,2022
2022-01-01,5,Sarrià-Sant Gervasi,24,les Tres Torres,98,5023,1445,2022
2022-01-01,5,Sarrià-Sant Gervasi,24,les Tres Torres,98,5024,1914,2022
2022-01-01,5,Sarrià-Sant Gervasi,24,les Tres Torres,99,5025,1280,2022
2022-01-01,5,Sarrià-Sant Gervasi,24,les Tres Torres,99,5026,1429,2022
2022-01-01,5,Sarrià-Sant Gervasi,24,les Tres Torres,99,5027,1368,2022
2022-01-01,5,Sarrià-Sant Gervasi,24,les Tres Torres,99,5028,1675,2022
2022-01-01,5,Sarrià-Sant Gervasi,24,les Tres Torres,99,5029,1636,2022
2022-01-01,5,Sarrià-Sant Gervasi,24,les Tres Torres,99,5030,1383,2022
2022-01-01,5,Sarrià-Sant Gervasi,25,Sant Gervasi - la Bonanova,100,5031,1600,2022
2022-01-01,5,Sarrià-Sant Gervasi,25,Sant Gervasi - la Bonanova,100,5032,1821,2022
2022-01-01,5,Sarrià-Sant Gervasi,25,Sant Gervasi - la Bonanova,101,5033,1449,2022
2022-01-01,5,Sarrià-Sant Gervasi,25,Sant Gervasi - la Bonanova,101,5034,1243,2022
2022-01-01,5,Sarrià-Sant Gervasi,25,Sant Gervasi - la Bonanova,102,5035,1037,2022
2022-01-01,5,Sarrià-Sant Gervasi,25,Sant Gervasi - la Bonanova,102,5036,1736,2022
2022-01-01,5,Sarrià-Sant Gervasi,25,Sant Gervasi - la Bonanova,102,5037,1407,2022
2022-01-01,5,Sarrià-Sant Gervasi,25,Sant Gervasi - la Bonanova,102,5038,1335,2022
2022-01-01,5,Sarrià-Sant Gervasi,25,Sant Gervasi - la Bonanova,102,5039,1537,2022
2022-01-01,5,Sarrià-Sant Gervasi,25,Sant Gervasi - la Bonanova,102,5040,1449,2022
2022-01-01,5,Sarrià-Sant Gervasi,25,Sant Gervasi - la Bonanova,102,5041,1958,2022
2022-01-01,5,Sarrià-Sant Gervasi,25,Sant Gervasi - la Bonanova,103,5042,1262,2022
2022-01-01,5,Sarrià-Sant Gervasi,25,Sant Gervasi - la Bonanova,103,5043,1432,2022
2022-01-01,5,Sarrià-Sant Gervasi,25,Sant Gervasi - la Bonanova,103,5044,1299,2022
2022-01-01,5,Sarrià-Sant Gervasi,25,Sant Gervasi - la Bonanova,103,5045,1577,2022
2022-01-01,5,Sarrià-Sant Gervasi,25,Sant Gervasi - la Bonanova,103,5046,1109,2022
2022-01-01,5,Sarrià-Sant Gervasi,25,Sant Gervasi - la Bonanova,103,5047,1216,2022
2022-01-01,5,Sarrià-Sant Gervasi,25,Sant Gervasi - la Bonanova,103,5048,1225,2022
2022-01-01,5,Sarrià-Sant Gervasi,26,Sant Gervasi - Galvany,104,5049,1645,2022
2022-01-01,5,Sarrià-Sant Gervasi,26,Sant Gervasi - Galvany,104,5050,1625,2022
2022-01-01,5,Sarrià-Sant Gervasi,26,Sant Gervasi - Galvany,104,5051,1618,2022
2022-01-01,5,Sarrià-Sant Gervasi,26,Sant Gervasi - Galvany,104,5052,1441,2022
2022-01-01,5,Sarrià-Sant Gervasi,26,Sant Gervasi - Galvany,105,5053,1486,2022
2022-01-01,5,Sarrià-Sant Gervasi,26,Sant Gervasi - Galvany,105,5054,1048,2022
2022-01-01,5,Sarrià-Sant Gervasi,26,Sant Gervasi - Galvany,105,5055,1404,2022
2022-01-01,5,Sarrià-Sant Gervasi,26,Sant Gervasi - Galvany,106,5056,1223,2022
2022-01-01,5,Sarrià-Sant Gervasi,26,Sant Gervasi - Galvany,106,5057,1631,2022
2022-01-01,5,Sarrià-Sant Gervasi,26,Sant Gervasi - Galvany,106,5058,1584,2022
2022-01-01,5,Sarrià-Sant Gervasi,26,Sant Gervasi - Galvany,106,5059,1577,2022
2022-01-01,5,Sarrià-Sant Gervasi,26,Sant Gervasi - Galvany,106,5060,1165,2022
2022-01-01,5,Sarrià-Sant Gervasi,26,Sant Gervasi - Galvany,107,5061,1464,2022
2022-01-01,5,Sarrià-Sant Gervasi,26,Sant Gervasi - Galvany,107,5062,1624,2022
2022-01-01,5,Sarrià-Sant Gervasi,26,Sant Gervasi - Galvany,107,5063,1528,2022
2022-01-01,5,Sarrià-Sant Gervasi,26,Sant Gervasi - Galvany,107,5064,1529,2022
2022-01-01,5,Sarrià-Sant Gervasi,26,Sant Gervasi - Galvany,107,5065,1659,2022
2022-01-01,5,Sarrià-Sant Gervasi,26,Sant Gervasi - Galvany,108,5066,1311,2022
2022-01-01,5,Sarrià-Sant Gervasi,26,Sant Gervasi - Galvany,108,5067,1300,2022
2022-01-01,5,Sarrià-Sant Gervasi,26,Sant Gervasi - Galvany,108,5068,1541,2022
2022-01-01,5,Sarrià-Sant Gervasi,26,Sant Gervasi - Galvany,108,5069,1713,2022
2022-01-01,5,Sarrià-Sant Gervasi,26,Sant Gervasi - Galvany,109,5070,1450,2022
2022-01-01,5,Sarrià-Sant Gervasi,26,Sant Gervasi - Galvany,109,5071,1639,2022
2022-01-01,5,Sarrià-Sant Gervasi,26,Sant Gervasi - Galvany,109,5072,1674,2022
2022-01-01,5,Sarrià-Sant Gervasi,26,Sant Gervasi - Galvany,109,5073,1585,2022
2022-01-01,5,Sarrià-Sant Gervasi,26,Sant Gervasi - Galvany,109,5074,1642,2022
2022-01-01,5,Sarrià-Sant Gervasi,26,Sant Gervasi - Galvany,110,5075,1854,2022
2022-01-01,5,Sarrià-Sant Gervasi,26,Sant Gervasi - Galvany,110,5076,1396,2022
2022-01-01,5,Sarrià-Sant Gervasi,26,Sant Gervasi - Galvany,110,5077,1484,2022
2022-01-01,5,Sarrià-Sant Gervasi,26,Sant Gervasi - Galvany,110,5078,2121,2022
2022-01-01,5,Sarrià-Sant Gervasi,26,Sant Gervasi - Galvany,110,5079,1220,2022
2022-01-01,5,Sarrià-Sant Gervasi,27,el Putxet i el Farró,111,5080,1336,2022
2022-01-01,5,Sarrià-Sant Gervasi,27,el Putxet i el Farró,111,5081,1582,2022
2022-01-01,5,Sarrià-Sant Gervasi,27,el Putxet i el Farró,111,5082,1625,2022
2022-01-01,5,Sarrià-Sant Gervasi,27,el Putxet i el Farró,111,5083,1310,2022
2022-01-01,5,Sarrià-Sant Gervasi,27,el Putxet i el Farró,111,5084,1364,2022
2022-01-01,5,Sarrià-Sant Gervasi,27,el Putxet i el Farró,111,5085,1309,2022
2022-01-01,5,Sarrià-Sant Gervasi,27,el Putxet i el Farró,111,5086,1324,2022
2022-01-01,5,Sarrià-Sant Gervasi,27,el Putxet i el Farró,111,5087,1592,2022
2022-01-01,5,Sarrià-Sant Gervasi,27,el Putxet i el Farró,112,5088,1766,2022
2022-01-01,5,Sarrià-Sant Gervasi,27,el Putxet i el Farró,112,5089,1812,2022
2022-01-01,5,Sarrià-Sant Gervasi,27,el Putxet i el Farró,112,5090,1855,2022
2022-01-01,5,Sarrià-Sant Gervasi,27,el Putxet i el Farró,112,5091,1575,2022
2022-01-01,5,Sarrià-Sant Gervasi,27,el Putxet i el Farró,112,5092,1570,2022
2022-01-01,5,Sarrià-Sant Gervasi,27,el Putxet i el Farró,113,5093,1097,2022
2022-01-01,5,Sarrià-Sant Gervasi,27,el Putxet i el Farró,113,5094,2727,2022
2022-01-01,5,Sarrià-Sant Gervasi,27,el Putxet i el Farró,113,5095,1680,2022
2022-01-01,5,Sarrià-Sant Gervasi,27,el Putxet i el Farró,113,5096,1114,2022
2022-01-01,5,Sarrià-Sant Gervasi,27,el Putxet i el Farró,113,5097,1620,2022
2022-01-01,5,Sarrià-Sant Gervasi,27,el Putxet i el Farró,113,5098,1525,2022
2022-01-01,6,Gràcia,28,Vallcarca i els Penitents,114,6001,1180,2022
2022-01-01,6,Gràcia,28,Vallcarca i els Penitents,114,6002,1497,2022
2022-01-01,6,Gràcia,28,Vallcarca i els Penitents,114,6003,2288,2022
2022-01-01,6,Gràcia,28,Vallcarca i els Penitents,114,6004,1370,2022
2022-01-01,6,Gràcia,28,Vallcarca i els Penitents,115,6006,1018,2022
2022-01-01,6,Gràcia,28,Vallcarca i els Penitents,115,6007,1993,2022
2022-01-01,6,Gràcia,28,Vallcarca i els Penitents,115,6008,1960,2022
2022-01-01,6,Gràcia,28,Vallcarca i els Penitents,116,6009,1264,2022
2022-01-01,6,Gràcia,28,Vallcarca i els Penitents,116,6010,1024,2022
2022-01-01,6,Gràcia,28,Vallcarca i els Penitents,117,6011,1313,2022
2022-01-01,6,Gràcia,28,Vallcarca i els Penitents,117,6012,1175,2022
2022-01-01,6,Gràcia,29,el Coll,118,6013,1782,2022
2022-01-01,6,Gràcia,29,el Coll,118,6014,1415,2022
2022-01-01,6,Gràcia,29,el Coll,118,6015,1438,2022
2022-01-01,6,Gràcia,29,el Coll,118,6016,1567,2022
2022-01-01,6,Gràcia,29,el Coll,118,6017,1409,2022
2022-01-01,6,Gràcia,30,la Salut,119,6018,1302,2022
2022-01-01,6,Gràcia,30,la Salut,119,6019,1496,2022
2022-01-01,6,Gràcia,30,la Salut,119,6020,1181,2022
2022-01-01,6,Gràcia,30,la Salut,119,6021,1357,2022
2022-01-01,6,Gràcia,30,la Salut,120,6022,1364,2022
2022-01-01,6,Gràcia,30,la Salut,120,6023,1282,2022
2022-01-01,6,Gràcia,30,la Salut,120,6024,1682,2022
2022-01-01,6,Gràcia,30,la Salut,120,6025,1418,2022
2022-01-01,6,Gràcia,30,la Salut,120,6026,1046,2022
2022-01-01,6,Gràcia,30,la Salut,120,6027,1209,2022
2022-01-01,6,Gràcia,31,la Vila de Gràcia,121,6028,1317,2022
2022-01-01,6,Gràcia,31,la Vila de Gràcia,121,6029,1308,2022
2022-01-01,6,Gràcia,31,la Vila de Gràcia,121,6030,1318,2022
2022-01-01,6,Gràcia,31,la Vila de Gràcia,121,6031,1103,2022
2022-01-01,6,Gràcia,31,la Vila de Gràcia,121,6032,1156,2022
2022-01-01,6,Gràcia,31,la Vila de Gràcia,122,6033,1270,2022
2022-01-01,6,Gràcia,31,la Vila de Gràcia,122,6034,1178,2022
2022-01-01,6,Gràcia,31,la Vila de Gràcia,122,6035,1081,2022
2022-01-01,6,Gràcia,31,la Vila de Gràcia,122,6036,1418,2022
2022-01-01,6,Gràcia,31,la Vila de Gràcia,123,6037,1104,2022
2022-01-01,6,Gràcia,31,la Vila de Gràcia,123,6038,1490,2022
2022-01-01,6,Gràcia,31,la Vila de Gràcia,123,6039,1566,2022
2022-01-01,6,Gràcia,31,la Vila de Gràcia,124,6040,1664,2022
2022-01-01,6,Gràcia,31,la Vila de Gràcia,124,6041,1743,2022
2022-01-01,6,Gràcia,31,la Vila de Gràcia,124,6042,1681,2022
2022-01-01,6,Gràcia,31,la Vila de Gràcia,125,6043,1285,2022
2022-01-01,6,Gràcia,31,la Vila de Gràcia,125,6044,1590,2022
2022-01-01,6,Gràcia,31,la Vila de Gràcia,126,6045,1274,2022
2022-01-01,6,Gràcia,31,la Vila de Gràcia,126,6046,1133,2022
2022-01-01,6,Gràcia,31,la Vila de Gràcia,126,6047,1208,2022
2022-01-01,6,Gràcia,31,la Vila de Gràcia,126,6048,1390,2022
2022-01-01,6,Gràcia,31,la Vila de Gràcia,127,6049,1102,2022
2022-01-01,6,Gràcia,31,la Vila de Gràcia,127,6050,1295,2022
2022-01-01,6,Gràcia,31,la Vila de Gràcia,127,6051,1201,2022
2022-01-01,6,Gràcia,31,la Vila de Gràcia,128,6052,1482,2022
2022-01-01,6,Gràcia,31,la Vila de Gràcia,128,6053,1497,2022
2022-01-01,6,Gràcia,31,la Vila de Gràcia,128,6054,1591,2022
2022-01-01,6,Gràcia,31,la Vila de Gràcia,129,6055,1388,2022
2022-01-01,6,Gràcia,31,la Vila de Gràcia,129,6056,1576,2022
2022-01-01,6,Gràcia,31,la Vila de Gràcia,129,6057,1536,2022
2022-01-01,6,Gràcia,31,la Vila de Gràcia,129,6058,1677,2022
2022-01-01,6,Gràcia,31,la Vila de Gràcia,129,6059,1491,2022
2022-01-01,6,Gràcia,31,la Vila de Gràcia,130,6060,1719,2022
2022-01-01,6,Gràcia,31,la Vila de Gràcia,130,6061,1280,2022
2022-01-01,6,Gràcia,31,la Vila de Gràcia,130,6062,1258,2022
2022-01-01,6,Gràcia,31,la Vila de Gràcia,130,6063,1482,2022
2022-01-01,6,Gràcia,32,el Camp d'en Grassot i Gràcia Nova,131,6064,1906,2022
2022-01-01,6,Gràcia,32,el Camp d'en Grassot i Gràcia Nova,131,6065,1127,2022
2022-01-01,6,Gràcia,32,el Camp d'en Grassot i Gràcia Nova,131,6066,979,2022
2022-01-01,6,Gràcia,32,el Camp d'en Grassot i Gràcia Nova,131,6067,1748,2022
2022-01-01,6,Gràcia,32,el Camp d'en Grassot i Gràcia Nova,131,6068,1572,2022
2022-01-01,6,Gràcia,32,el Camp d'en Grassot i Gràcia Nova,131,6069,1043,2022
2022-01-01,6,Gràcia,32,el Camp d'en Grassot i Gràcia Nova,131,6070,1867,2022
2022-01-01,6,Gràcia,32,el Camp d'en Grassot i Gràcia Nova,132,6071,1064,2022
2022-01-01,6,Gràcia,32,el Camp d'en Grassot i Gràcia Nova,132,6072,1622,2022
2022-01-01,6,Gràcia,32,el Camp d'en Grassot i Gràcia Nova,132,6073,1327,2022
2022-01-01,6,Gràcia,32,el Camp d'en Grassot i Gràcia Nova,132,6074,1105,2022
2022-01-01,6,Gràcia,32,el Camp d'en Grassot i Gràcia Nova,132,6075,1053,2022
2022-01-01,6,Gràcia,32,el Camp d'en Grassot i Gràcia Nova,132,6076,1316,2022
2022-01-01,6,Gràcia,32,el Camp d'en Grassot i Gràcia Nova,133,6077,1170,2022
2022-01-01,6,Gràcia,32,el Camp d'en Grassot i Gràcia Nova,133,6078,1276,2022
2022-01-01,6,Gràcia,32,el Camp d'en Grassot i Gràcia Nova,133,6079,1111,2022
2022-01-01,6,Gràcia,32,el Camp d'en Grassot i Gràcia Nova,133,6080,1148,2022
2022-01-01,6,Gràcia,32,el Camp d'en Grassot i Gràcia Nova,133,6081,1299,2022
2022-01-01,6,Gràcia,32,el Camp d'en Grassot i Gràcia Nova,134,6082,2859,2022
2022-01-01,6,Gràcia,32,el Camp d'en Grassot i Gràcia Nova,134,6083,1652,2022
2022-01-01,6,Gràcia,32,el Camp d'en Grassot i Gràcia Nova,134,6084,1460,2022
2022-01-01,6,Gràcia,32,el Camp d'en Grassot i Gràcia Nova,134,6085,1275,2022
2022-01-01,6,Gràcia,32,el Camp d'en Grassot i Gràcia Nova,134,6086,967,2022
2022-01-01,6,Gràcia,32,el Camp d'en Grassot i Gràcia Nova,134,6087,1836,2022
2022-01-01,6,Gràcia,32,el Camp d'en Grassot i Gràcia Nova,134,6088,1251,2022
2022-01-01,7,Horta-Guinardó,33,el Baix Guinardó,135,7001,1551,2022
2022-01-01,7,Horta-Guinardó,33,el Baix Guinardó,135,7002,1123,2022
2022-01-01,7,Horta-Guinardó,33,el Baix Guinardó,135,7003,1307,2022
2022-01-01,7,Horta-Guinardó,33,el Baix Guinardó,135,7004,1535,2022
2022-01-01,7,Horta-Guinardó,33,el Baix Guinardó,135,7005,1461,2022
2022-01-01,7,Horta-Guinardó,33,el Baix Guinardó,135,7006,955,2022
2022-01-01,7,Horta-Guinardó,33,el Baix Guinardó,135,7007,1368,2022
2022-01-01,7,Horta-Guinardó,33,el Baix Guinardó,135,7008,1394,2022
2022-01-01,7,Horta-Guinardó,33,el Baix Guinardó,136,7009,1232,2022
2022-01-01,7,Horta-Guinardó,33,el Baix Guinardó,136,7010,1309,2022
2022-01-01,7,Horta-Guinardó,33,el Baix Guinardó,136,7011,1138,2022
2022-01-01,7,Horta-Guinardó,33,el Baix Guinardó,136,7012,1535,2022
2022-01-01,7,Horta-Guinardó,33,el Baix Guinardó,136,7013,1198,2022
2022-01-01,7,Horta-Guinardó,33,el Baix Guinardó,137,7014,868,2022
2022-01-01,7,Horta-Guinardó,33,el Baix Guinardó,137,7015,1382,2022
2022-01-01,7,Horta-Guinardó,33,el Baix Guinardó,137,7016,1367,2022
2022-01-01,7,Horta-Guinardó,33,el Baix Guinardó,137,7017,1706,2022
2022-01-01,7,Horta-Guinardó,33,el Baix Guinardó,137,7018,1664,2022
2022-01-01,7,Horta-Guinardó,33,el Baix Guinardó,137,7019,1498,2022
2022-01-01,7,Horta-Guinardó,34,Can Baró,138,7020,1695,2022
2022-01-01,7,Horta-Guinardó,34,Can Baró,138,7021,1066,2022
2022-01-01,7,Horta-Guinardó,34,Can Baró,138,7022,1166,2022
2022-01-01,7,Horta-Guinardó,34,Can Baró,138,7023,1303,2022
2022-01-01,7,Horta-Guinardó,34,Can Baró,138,7024,1478,2022
2022-01-01,7,Horta-Guinardó,34,Can Baró,138,7025,1444,2022
2022-01-01,7,Horta-Guinardó,34,Can Baró,138,7026,1119,2022
2022-01-01,7,Horta-Guinardó,35,el Guinardó,139,7027,2116,2022
2022-01-01,7,Horta-Guinardó,35,el Guinardó,139,7028,1475,2022
2022-01-01,7,Horta-Guinardó,35,el Guinardó,139,7029,1313,2022
2022-01-01,7,Horta-Guinardó,35,el Guinardó,139,7030,1365,2022
2022-01-01,7,Horta-Guinardó,35,el Guinardó,140,7031,1558,2022
2022-01-01,7,Horta-Guinardó,35,el Guinardó,140,7032,1436,2022
2022-01-01,7,Horta-Guinardó,35,el Guinardó,140,7033,1423,2022
2022-01-01,7,Horta-Guinardó,35,el Guinardó,140,7034,1799,2022
2022-01-01,7,Horta-Guinardó,35,el Guinardó,140,7035,1734,2022
2022-01-01,7,Horta-Guinardó,35,el Guinardó,140,7036,1405,2022
2022-01-01,7,Horta-Guinardó,35,el Guinardó,140,7037,1479,2022
2022-01-01,7,Horta-Guinardó,35,el Guinardó,140,7038,1270,2022
2022-01-01,7,Horta-Guinardó,35,el Guinardó,141,7039,1605,2022
2022-01-01,7,Horta-Guinardó,35,el Guinardó,141,7040,1487,2022
2022-01-01,7,Horta-Guinardó,35,el Guinardó,141,7041,1375,2022
2022-01-01,7,Horta-Guinardó,35,el Guinardó,142,7042,1513,2022
2022-01-01,7,Horta-Guinardó,35,el Guinardó,142,7043,1409,2022
2022-01-01,7,Horta-Guinardó,35,el Guinardó,142,7044,1282,2022
2022-01-01,7,Horta-Guinardó,35,el Guinardó,142,7045,1568,2022
2022-01-01,7,Horta-Guinardó,35,el Guinardó,142,7046,1394,2022
2022-01-01,7,Horta-Guinardó,35,el Guinardó,143,7047,1435,2022
2022-01-01,7,Horta-Guinardó,35,el Guinardó,143,7048,1341,2022
2022-01-01,7,Horta-Guinardó,35,el Guinardó,143,7049,1200,2022
2022-01-01,7,Horta-Guinardó,35,el Guinardó,143,7050,1190,2022
2022-01-01,7,Horta-Guinardó,35,el Guinardó,143,7051,1822,2022
2022-01-01,7,Horta-Guinardó,36,la Font d'en Fargues,144,7052,1254,2022
2022-01-01,7,Horta-Guinardó,36,la Font d'en Fargues,144,7053,1480,2022
2022-01-01,7,Horta-Guinardó,36,la Font d'en Fargues,144,7054,1632,2022
2022-01-01,7,Horta-Guinardó,36,la Font d'en Fargues,145,7055,1206,2022
2022-01-01,7,Horta-Guinardó,36,la Font d'en Fargues,145,7056,1181,2022
2022-01-01,7,Horta-Guinardó,36,la Font d'en Fargues,145,7057,1426,2022
2022-01-01,7,Horta-Guinardó,36,la Font d'en Fargues,145,7058,1348,2022
2022-01-01,7,Horta-Guinardó,37,el Carmel,146,7059,1300,2022
2022-01-01,7,Horta-Guinardó,37,el Carmel,146,7060,1872,2022
2022-01-01,7,Horta-Guinardó,37,el Carmel,147,7061,1204,2022
2022-01-01,7,Horta-Guinardó,37,el Carmel,147,7062,1367,2022
2022-01-01,7,Horta-Guinardó,37,el Carmel,147,7063,1459,2022
2022-01-01,7,Horta-Guinardó,37,el Carmel,147,7064,1698,2022
2022-01-01,7,Horta-Guinardó,37,el Carmel,147,7065,1708,2022
2022-01-01,7,Horta-Guinardó,37,el Carmel,147,7066,1743,2022
2022-01-01,7,Horta-Guinardó,37,el Carmel,147,7067,1560,2022
2022-01-01,7,Horta-Guinardó,37,el Carmel,147,7068,1314,2022
2022-01-01,7,Horta-Guinardó,37,el Carmel,147,7069,1440,2022
2022-01-01,7,Horta-Guinardó,37,el Carmel,147,7070,1437,2022
2022-01-01,7,Horta-Guinardó,37,el Carmel,148,7071,1339,2022
2022-01-01,7,Horta-Guinardó,37,el Carmel,148,7072,1372,2022
2022-01-01,7,Horta-Guinardó,37,el Carmel,148,7073,1137,2022
2022-01-01,7,Horta-Guinardó,37,el Carmel,148,7074,1659,2022
2022-01-01,7,Horta-Guinardó,37,el Carmel,148,7075,1194,2022
2022-01-01,7,Horta-Guinardó,37,el Carmel,148,7076,1404,2022
2022-01-01,7,Horta-Guinardó,37,el Carmel,148,7077,1314,2022
2022-01-01,7,Horta-Guinardó,37,el Carmel,148,7078,1381,2022
2022-01-01,7,Horta-Guinardó,37,el Carmel,148,7079,1437,2022
2022-01-01,7,Horta-Guinardó,37,el Carmel,148,7080,1780,2022
2022-01-01,7,Horta-Guinardó,38,la Teixonera,149,7081,1915,2022
2022-01-01,7,Horta-Guinardó,38,la Teixonera,149,7082,1233,2022
2022-01-01,7,Horta-Guinardó,38,la Teixonera,149,7083,1343,2022
2022-01-01,7,Horta-Guinardó,38,la Teixonera,149,7084,1361,2022
2022-01-01,7,Horta-Guinardó,38,la Teixonera,149,7085,1275,2022
2022-01-01,7,Horta-Guinardó,38,la Teixonera,149,7086,1487,2022
2022-01-01,7,Horta-Guinardó,38,la Teixonera,149,7087,1600,2022
2022-01-01,7,Horta-Guinardó,38,la Teixonera,149,7088,1704,2022
2022-01-01,7,Horta-Guinardó,39,Sant Genís dels Agudells,150,7089,1373,2022
2022-01-01,7,Horta-Guinardó,39,Sant Genís dels Agudells,150,7090,1465,2022
2022-01-01,7,Horta-Guinardó,39,Sant Genís dels Agudells,150,7091,1241,2022
2022-01-01,7,Horta-Guinardó,39,Sant Genís dels Agudells,150,7092,1479,2022
2022-01-01,7,Horta-Guinardó,39,Sant Genís dels Agudells,150,7093,1704,2022
2022-01-01,7,Horta-Guinardó,40,Montbau,151,7094,1224,2022
2022-01-01,7,Horta-Guinardó,40,Montbau,151,7095,1500,2022
2022-01-01,7,Horta-Guinardó,40,Montbau,151,7096,1421,2022
2022-01-01,7,Horta-Guinardó,40,Montbau,151,7097,869,2022
2022-01-01,7,Horta-Guinardó,41,la Vall d'Hebron,152,7098,2141,2022
2022-01-01,7,Horta-Guinardó,41,la Vall d'Hebron,152,7099,1033,2022
2022-01-01,7,Horta-Guinardó,41,la Vall d'Hebron,152,7100,1190,2022
2022-01-01,7,Horta-Guinardó,41,la Vall d'Hebron,152,7101,1505,2022
2022-01-01,7,Horta-Guinardó,42,la Clota,153,7102,669,2022
2022-01-01,7,Horta-Guinardó,43,Horta,154,7103,1509,2022
2022-01-01,7,Horta-Guinardó,43,Horta,154,7104,1565,2022
2022-01-01,7,Horta-Guinardó,43,Horta,154,7105,1031,2022
2022-01-01,7,Horta-Guinardó,43,Horta,154,7106,1167,2022
2022-01-01,7,Horta-Guinardó,43,Horta,154,7107,1170,2022
2022-01-01,7,Horta-Guinardó,43,Horta,154,7108,1240,2022
2022-01-01,7,Horta-Guinardó,43,Horta,154,7109,1672,2022
2022-01-01,7,Horta-Guinardó,43,Horta,154,7110,1027,2022
2022-01-01,7,Horta-Guinardó,43,Horta,154,7111,883,2022
2022-01-01,7,Horta-Guinardó,43,Horta,155,7112,1292,2022
2022-01-01,7,Horta-Guinardó,43,Horta,155,7113,1167,2022
2022-01-01,7,Horta-Guinardó,43,Horta,155,7114,1183,2022
2022-01-01,7,Horta-Guinardó,43,Horta,155,7115,1069,2022
2022-01-01,7,Horta-Guinardó,43,Horta,155,7116,1485,2022
2022-01-01,7,Horta-Guinardó,43,Horta,155,7117,2786,2022
2022-01-01,7,Horta-Guinardó,43,Horta,155,7118,1231,2022
2022-01-01,7,Horta-Guinardó,43,Horta,156,7119,1300,2022
2022-01-01,7,Horta-Guinardó,43,Horta,156,7120,1233,2022
2022-01-01,7,Horta-Guinardó,43,Horta,156,7121,1151,2022
2022-01-01,7,Horta-Guinardó,43,Horta,156,7122,1293,2022
2022-01-01,7,Horta-Guinardó,43,Horta,156,7123,1421,2022
2022-01-01,8,Nou Barris,44,Vilapicina i la Torre Llobeta,157,8001,1271,2022
2022-01-01,8,Nou Barris,44,Vilapicina i la Torre Llobeta,157,8002,1251,2022
2022-01-01,8,Nou Barris,44,Vilapicina i la Torre Llobeta,157,8003,1192,2022
2022-01-01,8,Nou Barris,44,Vilapicina i la Torre Llobeta,157,8004,1455,2022
2022-01-01,8,Nou Barris,44,Vilapicina i la Torre Llobeta,157,8005,1137,2022
2022-01-01,8,Nou Barris,44,Vilapicina i la Torre Llobeta,157,8006,1648,2022
2022-01-01,8,Nou Barris,44,Vilapicina i la Torre Llobeta,157,8007,1145,2022
2022-01-01,8,Nou Barris,44,Vilapicina i la Torre Llobeta,157,8008,1632,2022
2022-01-01,8,Nou Barris,44,Vilapicina i la Torre Llobeta,158,8009,1785,2022
2022-01-01,8,Nou Barris,44,Vilapicina i la Torre Llobeta,159,8010,1085,2022
2022-01-01,8,Nou Barris,44,Vilapicina i la Torre Llobeta,159,8011,1166,2022
2022-01-01,8,Nou Barris,44,Vilapicina i la Torre Llobeta,159,8012,1299,2022
2022-01-01,8,Nou Barris,44,Vilapicina i la Torre Llobeta,159,8013,1169,2022
2022-01-01,8,Nou Barris,44,Vilapicina i la Torre Llobeta,159,8014,1253,2022
2022-01-01,8,Nou Barris,44,Vilapicina i la Torre Llobeta,160,8015,1372,2022
2022-01-01,8,Nou Barris,44,Vilapicina i la Torre Llobeta,160,8016,1136,2022
2022-01-01,8,Nou Barris,44,Vilapicina i la Torre Llobeta,160,8017,1354,2022
2022-01-01,8,Nou Barris,44,Vilapicina i la Torre Llobeta,160,8018,1490,2022
2022-01-01,8,Nou Barris,44,Vilapicina i la Torre Llobeta,160,8019,1827,2022
2022-01-01,8,Nou Barris,45,Porta,161,8020,1347,2022
2022-01-01,8,Nou Barris,45,Porta,161,8021,1443,2022
2022-01-01,8,Nou Barris,45,Porta,161,8022,1200,2022
2022-01-01,8,Nou Barris,45,Porta,161,8023,1384,2022
2022-01-01,8,Nou Barris,45,Porta,161,8024,1343,2022
2022-01-01,8,Nou Barris,45,Porta,161,8025,1219,2022
2022-01-01,8,Nou Barris,45,Porta,161,8026,1341,2022
2022-01-01,8,Nou Barris,45,Porta,162,8027,1405,2022
2022-01-01,8,Nou Barris,45,Porta,162,8028,1066,2022
2022-01-01,8,Nou Barris,45,Porta,162,8029,1484,2022
2022-01-01,8,Nou Barris,45,Porta,162,8030,1442,2022
2022-01-01,8,Nou Barris,45,Porta,163,8031,1260,2022
2022-01-01,8,Nou Barris,45,Porta,163,8032,1264,2022
2022-01-01,8,Nou Barris,45,Porta,163,8033,1481,2022
2022-01-01,8,Nou Barris,45,Porta,163,8034,1234,2022
2022-01-01,8,Nou Barris,45,Porta,163,8035,4462,2022
2022-01-01,8,Nou Barris,45,Porta,163,8036,1507,2022
2022-01-01,8,Nou Barris,45,Porta,163,8037,1515,2022
2022-01-01,8,Nou Barris,46,el Turó de la Peira,164,8038,1615,2022
2022-01-01,8,Nou Barris,46,el Turó de la Peira,164,8039,1532,2022
2022-01-01,8,Nou Barris,46,el Turó de la Peira,164,8040,1886,2022
2022-01-01,8,Nou Barris,46,el Turó de la Peira,164,8041,2496,2022
2022-01-01,8,Nou Barris,46,el Turó de la Peira,164,8042,1226,2022
2022-01-01,8,Nou Barris,46,el Turó de la Peira,164,8043,1126,2022
2022-01-01,8,Nou Barris,46,el Turó de la Peira,165,8044,1330,2022
2022-01-01,8,Nou Barris,46,el Turó de la Peira,165,8045,1736,2022
2022-01-01,8,Nou Barris,46,el Turó de la Peira,165,8046,1448,2022
2022-01-01,8,Nou Barris,46,el Turó de la Peira,165,8047,1630,2022
2022-01-01,8,Nou Barris,47,Can Peguera,166,8048,971,2022
2022-01-01,8,Nou Barris,47,Can Peguera,166,8049,1216,2022
2022-01-01,8,Nou Barris,48,la Guineueta,167,8050,1380,2022
2022-01-01,8,Nou Barris,48,la Guineueta,167,8051,1339,2022
2022-01-01,8,Nou Barris,48,la Guineueta,167,8052,887,2022
2022-01-01,8,Nou Barris,48,la Guineueta,167,8053,1118,2022
2022-01-01,8,Nou Barris,48,la Guineueta,167,8054,1592,2022
2022-01-01,8,Nou Barris,48,la Guineueta,167,8055,1797,2022
2022-01-01,8,Nou Barris,48,la Guineueta,167,8215,1553,2022
2022-01-01,8,Nou Barris,48,la Guineueta,168,8056,1481,2022
2022-01-01,8,Nou Barris,48,la Guineueta,168,8057,1305,2022
2022-01-01,8,Nou Barris,48,la Guineueta,168,8058,1612,2022
2022-01-01,8,Nou Barris,48,la Guineueta,168,8059,992,2022
2022-01-01,8,Nou Barris,49,Canyelles,169,8060,1175,2022
2022-01-01,8,Nou Barris,49,Canyelles,169,8061,1635,2022
2022-01-01,8,Nou Barris,49,Canyelles,169,8062,1122,2022
2022-01-01,8,Nou Barris,49,Canyelles,169,8063,1055,2022
2022-01-01,8,Nou Barris,49,Canyelles,169,8064,1800,2022
2022-01-01,8,Nou Barris,50,les Roquetes,170,8065,1763,2022
2022-01-01,8,Nou Barris,50,les Roquetes,170,8066,1564,2022
2022-01-01,8,Nou Barris,50,les Roquetes,170,8067,1808,2022
2022-01-01,8,Nou Barris,50,les Roquetes,170,8068,1865,2022
2022-01-01,8,Nou Barris,50,les Roquetes,170,8069,1540,2022
2022-01-01,8,Nou Barris,50,les Roquetes,171,8070,1477,2022
2022-01-01,8,Nou Barris,50,les Roquetes,171,8071,1715,2022
2022-01-01,8,Nou Barris,50,les Roquetes,171,8072,1186,2022
2022-01-01,8,Nou Barris,50,les Roquetes,171,8073,1725,2022
2022-01-01,8,Nou Barris,50,les Roquetes,171,8074,1513,2022
2022-01-01,8,Nou Barris,51,Verdun,172,8075,1876,2022
2022-01-01,8,Nou Barris,51,Verdun,172,8076,1585,2022
2022-01-01,8,Nou Barris,51,Verdun,172,8077,1407,2022
2022-01-01,8,Nou Barris,51,Verdun,173,8078,1536,2022
2022-01-01,8,Nou Barris,51,Verdun,173,8079,1420,2022
2022-01-01,8,Nou Barris,51,Verdun,173,8080,1518,2022
2022-01-01,8,Nou Barris,51,Verdun,173,8081,1626,2022
2022-01-01,8,Nou Barris,51,Verdun,173,8082,1590,2022
2022-01-01,8,Nou Barris,52,la Prosperitat,174,8083,1282,2022
2022-01-01,8,Nou Barris,52,la Prosperitat,174,8084,1087,2022
2022-01-01,8,Nou Barris,52,la Prosperitat,174,8085,1504,2022
2022-01-01,8,Nou Barris,52,la Prosperitat,174,8086,1642,2022
2022-01-01,8,Nou Barris,52,la Prosperitat,175,8087,1204,2022
2022-01-01,8,Nou Barris,52,la Prosperitat,175,8088,1249,2022
2022-01-01,8,Nou Barris,52,la Prosperitat,175,8089,1217,2022
2022-01-01,8,Nou Barris,52,la Prosperitat,175,8090,1204,2022
2022-01-01,8,Nou Barris,52,la Prosperitat,175,8091,1168,2022
2022-01-01,8,Nou Barris,52,la Prosperitat,176,8092,993,2022
2022-01-01,8,Nou Barris,52,la Prosperitat,176,8093,1250,2022
2022-01-01,8,Nou Barris,52,la Prosperitat,176,8094,1414,2022
2022-01-01,8,Nou Barris,52,la Prosperitat,176,8095,1087,2022
2022-01-01,8,Nou Barris,52,la Prosperitat,177,8096,1523,2022
2022-01-01,8,Nou Barris,52,la Prosperitat,177,8097,1317,2022
2022-01-01,8,Nou Barris,52,la Prosperitat,177,8098,1267,2022
2022-01-01,8,Nou Barris,52,la Prosperitat,177,8099,1422,2022
2022-01-01,8,Nou Barris,52,la Prosperitat,177,8100,1269,2022
2022-01-01,8,Nou Barris,52,la Prosperitat,177,8101,1680,2022
2022-01-01,8,Nou Barris,52,la Prosperitat,177,8102,1567,2022
2022-01-01,8,Nou Barris,53,la Trinitat Nova,178,8103,1653,2022
2022-01-01,8,Nou Barris,53,la Trinitat Nova,178,8104,1234,2022
2022-01-01,8,Nou Barris,53,la Trinitat Nova,178,8105,1426,2022
2022-01-01,8,Nou Barris,53,la Trinitat Nova,178,8106,1236,2022
2022-01-01,8,Nou Barris,53,la Trinitat Nova,178,8107,1872,2022
2022-01-01,8,Nou Barris,54,Torre Baró,179,8108,1929,2022
2022-01-01,8,Nou Barris,54,Torre Baró,179,8109,979,2022
2022-01-01,8,Nou Barris,55,Ciutat Meridiana,180,8110,1990,2022
2022-01-01,8,Nou Barris,55,Ciutat Meridiana,180,8111,1659,2022
2022-01-01,8,Nou Barris,55,Ciutat Meridiana,180,8112,1699,2022
2022-01-01,8,Nou Barris,55,Ciutat Meridiana,180,8113,1790,2022
2022-01-01,8,Nou Barris,55,Ciutat Meridiana,180,8114,1963,2022
2022-01-01,8,Nou Barris,55,Ciutat Meridiana,180,8115,1707,2022
2022-01-01,8,Nou Barris,56,Vallbona,181,8116,1420,2022
2022-01-01,9,Sant Andreu,57,la Trinitat Vella,182,9001,2739,2022
2022-01-01,9,Sant Andreu,57,la Trinitat Vella,182,9002,2158,2022
2022-01-01,9,Sant Andreu,57,la Trinitat Vella,182,9003,2176,2022
2022-01-01,9,Sant Andreu,57,la Trinitat Vella,182,9004,1663,2022
2022-01-01,9,Sant Andreu,57,la Trinitat Vella,182,9005,1622,2022
2022-01-01,9,Sant Andreu,58,Baró de Viver,183,9006,1275,2022
2022-01-01,9,Sant Andreu,58,Baró de Viver,183,9007,1328,2022
2022-01-01,9,Sant Andreu,59,el Bon Pastor,184,9008,1869,2022
2022-01-01,9,Sant Andreu,59,el Bon Pastor,184,9009,1384,2022
2022-01-01,9,Sant Andreu,59,el Bon Pastor,185,9010,1794,2022
2022-01-01,9,Sant Andreu,59,el Bon Pastor,185,9011,1637,2022
2022-01-01,9,Sant Andreu,59,el Bon Pastor,185,9013,2031,2022
2022-01-01,9,Sant Andreu,59,el Bon Pastor,185,9014,2988,2022
2022-01-01,9,Sant Andreu,59,el Bon Pastor,185,9015,1850,2022
2022-01-01,9,Sant Andreu,60,Sant Andreu,186,9016,1282,2022
2022-01-01,9,Sant Andreu,60,Sant Andreu,186,9017,1512,2022
2022-01-01,9,Sant Andreu,60,Sant Andreu,186,9018,1462,2022
2022-01-01,9,Sant Andreu,60,Sant Andreu,186,9019,2665,2022
2022-01-01,9,Sant Andreu,60,Sant Andreu,186,9020,1115,2022
2022-01-01,9,Sant Andreu,60,Sant Andreu,186,9021,1407,2022
2022-01-01,9,Sant Andreu,60,Sant Andreu,186,9022,1268,2022
2022-01-01,9,Sant Andreu,60,Sant Andreu,186,9023,1212,2022
2022-01-01,9,Sant Andreu,60,Sant Andreu,187,9024,1195,2022
2022-01-01,9,Sant Andreu,60,Sant Andreu,187,9025,1233,2022
2022-01-01,9,Sant Andreu,60,Sant Andreu,187,9026,1477,2022
2022-01-01,9,Sant Andreu,60,Sant Andreu,187,9027,1284,2022
2022-01-01,9,Sant Andreu,60,Sant Andreu,188,9028,1561,2022
2022-01-01,9,Sant Andreu,60,Sant Andreu,188,9029,1085,2022
2022-01-01,9,Sant Andreu,60,Sant Andreu,188,9030,1451,2022
2022-01-01,9,Sant Andreu,60,Sant Andreu,188,9031,1174,2022
2022-01-01,9,Sant Andreu,60,Sant Andreu,189,9032,2154,2022
2022-01-01,9,Sant Andreu,60,Sant Andreu,189,9033,3201,2022
2022-01-01,9,Sant Andreu,60,Sant Andreu,190,9034,1406,2022
2022-01-01,9,Sant Andreu,60,Sant Andreu,190,9035,1557,2022
2022-01-01,9,Sant Andreu,60,Sant Andreu,190,9036,1373,2022
2022-01-01,9,Sant Andreu,60,Sant Andreu,190,9037,1621,2022
2022-01-01,9,Sant Andreu,60,Sant Andreu,190,9038,1736,2022
2022-01-01,9,Sant Andreu,60,Sant Andreu,190,9039,1512,2022
2022-01-01,9,Sant Andreu,60,Sant Andreu,191,9040,1603,2022
2022-01-01,9,Sant Andreu,60,Sant Andreu,191,9041,1376,2022
2022-01-01,9,Sant Andreu,60,Sant Andreu,191,9042,1247,2022
2022-01-01,9,Sant Andreu,60,Sant Andreu,191,9043,1336,2022
2022-01-01,9,Sant Andreu,60,Sant Andreu,191,9044,1519,2022
2022-01-01,9,Sant Andreu,60,Sant Andreu,191,9045,1400,2022
2022-01-01,9,Sant Andreu,60,Sant Andreu,192,9046,1330,2022
2022-01-01,9,Sant Andreu,60,Sant Andreu,192,9047,1553,2022
2022-01-01,9,Sant Andreu,60,Sant Andreu,192,9048,1342,2022
2022-01-01,9,Sant Andreu,60,Sant Andreu,192,9049,1289,2022
2022-01-01,9,Sant Andreu,60,Sant Andreu,192,9050,1493,2022
2022-01-01,9,Sant Andreu,60,Sant Andreu,192,9051,1279,2022
2022-01-01,9,Sant Andreu,60,Sant Andreu,192,9052,1198,2022
2022-01-01,9,Sant Andreu,60,Sant Andreu,192,9053,1625,2022
2022-01-01,9,Sant Andreu,60,Sant Andreu,192,9054,1072,2022
2022-01-01,9,Sant Andreu,61,la Sagrera,193,9055,1738,2022
2022-01-01,9,Sant Andreu,61,la Sagrera,193,9056,1095,2022
2022-01-01,9,Sant Andreu,61,la Sagrera,193,9057,1685,2022
2022-01-01,9,Sant Andreu,61,la Sagrera,193,9058,1525,2022
2022-01-01,9,Sant Andreu,61,la Sagrera,193,9059,1426,2022
2022-01-01,9,Sant Andreu,61,la Sagrera,193,9060,1339,2022
2022-01-01,9,Sant Andreu,61,la Sagrera,193,9156,1257,2022
2022-01-01,9,Sant Andreu,61,la Sagrera,194,9061,1593,2022
2022-01-01,9,Sant Andreu,61,la Sagrera,194,9062,1486,2022
2022-01-01,9,Sant Andreu,61,la Sagrera,195,9063,1143,2022
2022-01-01,9,Sant Andreu,61,la Sagrera,195,9064,1147,2022
2022-01-01,9,Sant Andreu,61,la Sagrera,195,9065,2086,2022
2022-01-01,9,Sant Andreu,61,la Sagrera,195,9066,1411,2022
2022-01-01,9,Sant Andreu,61,la Sagrera,195,9067,1506,2022
2022-01-01,9,Sant Andreu,61,la Sagrera,196,9068,1528,2022
2022-01-01,9,Sant Andreu,61,la Sagrera,196,9069,933,2022
2022-01-01,9,Sant Andreu,61,la Sagrera,196,9070,1745,2022
2022-01-01,9,Sant Andreu,61,la Sagrera,196,9071,1899,2022
2022-01-01,9,Sant Andreu,61,la Sagrera,196,9072,1426,2022
2022-01-01,9,Sant Andreu,61,la Sagrera,196,9073,1473,2022
2022-01-01,9,Sant Andreu,62,el Congrés i els Indians,197,9074,1664,2022
2022-01-01,9,Sant Andreu,62,el Congrés i els Indians,197,9075,1533,2022
2022-01-01,9,Sant Andreu,62,el Congrés i els Indians,197,9076,1444,2022
2022-01-01,9,Sant Andreu,62,el Congrés i els Indians,197,9077,1607,2022
2022-01-01,9,Sant Andreu,62,el Congrés i els Indians,198,9078,1437,2022
2022-01-01,9,Sant Andreu,62,el Congrés i els Indians,198,9079,1609,2022
2022-01-01,9,Sant Andreu,62,el Congrés i els Indians,198,9080,1328,2022
2022-01-01,9,Sant Andreu,62,el Congrés i els Indians,198,9081,1725,2022
2022-01-01,9,Sant Andreu,62,el Congrés i els Indians,198,9082,1972,2022
2022-01-01,9,Sant Andreu,63,Navas,199,9083,1638,2022
2022-01-01,9,Sant Andreu,63,Navas,199,9084,1676,2022
2022-01-01,9,Sant Andreu,63,Navas,199,9085,1797,2022
2022-01-01,9,Sant Andreu,63,Navas,199,9086,1488,2022
2022-01-01,9,Sant Andreu,63,Navas,199,9087,1311,2022
2022-01-01,9,Sant Andreu,63,Navas,199,9088,1915,2022
2022-01-01,9,Sant Andreu,63,Navas,199,9089,1477,2022
2022-01-01,9,Sant Andreu,63,Navas,200,9090,1523,2022
2022-01-01,9,Sant Andreu,63,Navas,200,9091,1861,2022
2022-01-01,9,Sant Andreu,63,Navas,200,9092,1879,2022
2022-01-01,9,Sant Andreu,63,Navas,200,9093,1279,2022
2022-01-01,9,Sant Andreu,63,Navas,200,9094,1958,2022
2022-01-01,9,Sant Andreu,63,Navas,200,9095,2145,2022
2022-01-01,10,Sant Martí,64,el Camp de l'Arpa del Clot,201,10001,1595,2022
2022-01-01,10,Sant Martí,64,el Camp de l'Arpa del Clot,201,10002,1773,2022
2022-01-01,10,Sant Martí,64,el Camp de l'Arpa del Clot,201,10003,1571,2022
2022-01-01,10,Sant Martí,64,el Camp de l'Arpa del Clot,201,10004,1541,2022
2022-01-01,10,Sant Martí,64,el Camp de l'Arpa del Clot,201,10005,1649,2022
2022-01-01,10,Sant Martí,64,el Camp de l'Arpa del Clot,202,10006,1824,2022
2022-01-01,10,Sant Martí,64,el Camp de l'Arpa del Clot,202,10007,1294,2022
2022-01-01,10,Sant Martí,64,el Camp de l'Arpa del Clot,202,10008,1714,2022
2022-01-01,10,Sant Martí,64,el Camp de l'Arpa del Clot,202,10009,1607,2022
2022-01-01,10,Sant Martí,64,el Camp de l'Arpa del Clot,202,10010,1712,2022
2022-01-01,10,Sant Martí,64,el Camp de l'Arpa del Clot,202,10011,1183,2022
2022-01-01,10,Sant Martí,64,el Camp de l'Arpa del Clot,203,10012,1780,2022
2022-01-01,10,Sant Martí,64,el Camp de l'Arpa del Clot,203,10013,1361,2022
2022-01-01,10,Sant Martí,64,el Camp de l'Arpa del Clot,203,10014,1469,2022
2022-01-01,10,Sant Martí,64,el Camp de l'Arpa del Clot,203,10015,1930,2022
2022-01-01,10,Sant Martí,64,el Camp de l'Arpa del Clot,203,10016,1217,2022
2022-01-01,10,Sant Martí,64,el Camp de l'Arpa del Clot,203,10017,1661,2022
2022-01-01,10,Sant Martí,64,el Camp de l'Arpa del Clot,203,10018,1457,2022
2022-01-01,10,Sant Martí,64,el Camp de l'Arpa del Clot,204,10019,1518,2022
2022-01-01,10,Sant Martí,64,el Camp de l'Arpa del Clot,204,10020,1457,2022
2022-01-01,10,Sant Martí,64,el Camp de l'Arpa del Clot,204,10021,1301,2022
2022-01-01,10,Sant Martí,64,el Camp de l'Arpa del Clot,204,10022,1353,2022
2022-01-01,10,Sant Martí,64,el Camp de l'Arpa del Clot,204,10023,1442,2022
2022-01-01,10,Sant Martí,64,el Camp de l'Arpa del Clot,204,10024,1487,2022
2022-01-01,10,Sant Martí,64,el Camp de l'Arpa del Clot,204,10025,1311,2022
2022-01-01,10,Sant Martí,65,el Clot,205,10026,1550,2022
2022-01-01,10,Sant Martí,65,el Clot,205,10027,1517,2022
2022-01-01,10,Sant Martí,65,el Clot,205,10028,1737,2022
2022-01-01,10,Sant Martí,65,el Clot,205,10029,1410,2022
2022-01-01,10,Sant Martí,65,el Clot,205,10030,1738,2022
2022-01-01,10,Sant Martí,65,el Clot,205,10031,1509,2022
2022-01-01,10,Sant Martí,65,el Clot,206,10032,1353,2022
2022-01-01,10,Sant Martí,65,el Clot,206,10033,859,2022
2022-01-01,10,Sant Martí,65,el Clot,206,10034,1687,2022
2022-01-01,10,Sant Martí,65,el Clot,206,10035,1946,2022
2022-01-01,10,Sant Martí,65,el Clot,206,10036,1420,2022
2022-01-01,10,Sant Martí,65,el Clot,206,10037,1046,2022
2022-01-01,10,Sant Martí,65,el Clot,206,10234,1782,2022
2022-01-01,10,Sant Martí,65,el Clot,207,10038,1600,2022
2022-01-01,10,Sant Martí,65,el Clot,207,10039,1833,2022
2022-01-01,10,Sant Martí,65,el Clot,207,10040,1781,2022
2022-01-01,10,Sant Martí,65,el Clot,207,10041,1612,2022
2022-01-01,10,Sant Martí,66,el Parc i la Llacuna del Poblenou,208,10042,3204,2022
2022-01-01,10,Sant Martí,66,el Parc i la Llacuna del Poblenou,208,10043,2427,2022
2022-01-01,10,Sant Martí,66,el Parc i la Llacuna del Poblenou,209,10044,1559,2022
2022-01-01,10,Sant Martí,66,el Parc i la Llacuna del Poblenou,209,10045,1300,2022
2022-01-01,10,Sant Martí,66,el Parc i la Llacuna del Poblenou,209,10046,1244,2022
2022-01-01,10,Sant Martí,66,el Parc i la Llacuna del Poblenou,209,10047,1721,2022
2022-01-01,10,Sant Martí,66,el Parc i la Llacuna del Poblenou,209,10048,1653,2022
2022-01-01,10,Sant Martí,66,el Parc i la Llacuna del Poblenou,209,10049,1297,2022
2022-01-01,10,Sant Martí,66,el Parc i la Llacuna del Poblenou,209,10050,1556,2022
2022-01-01,10,Sant Martí,67,la Vila Olímpica del Poblenou,210,10051,1625,2022
2022-01-01,10,Sant Martí,67,la Vila Olímpica del Poblenou,210,10052,2429,2022
2022-01-01,10,Sant Martí,67,la Vila Olímpica del Poblenou,210,10053,1719,2022
2022-01-01,10,Sant Martí,67,la Vila Olímpica del Poblenou,210,10054,965,2022
2022-01-01,10,Sant Martí,67,la Vila Olímpica del Poblenou,211,10055,2638,2022
2022-01-01,10,Sant Martí,68,el Poblenou,212,10056,1824,2022
2022-01-01,10,Sant Martí,68,el Poblenou,212,10057,1419,2022
2022-01-01,10,Sant Martí,68,el Poblenou,212,10058,1143,2022
2022-01-01,10,Sant Martí,68,el Poblenou,213,10059,1793,2022
2022-01-01,10,Sant Martí,68,el Poblenou,213,10060,1676,2022
2022-01-01,10,Sant Martí,68,el Poblenou,213,10061,1738,2022
2022-01-01,10,Sant Martí,68,el Poblenou,213,10062,1503,2022
2022-01-01,10,Sant Martí,68,el Poblenou,214,10063,1188,2022
2022-01-01,10,Sant Martí,68,el Poblenou,214,10064,1658,2022
2022-01-01,10,Sant Martí,68,el Poblenou,214,10065,1548,2022
2022-01-01,10,Sant Martí,68,el Poblenou,214,10066,2091,2022
2022-01-01,10,Sant Martí,68,el Poblenou,214,10067,1944,2022
2022-01-01,10,Sant Martí,68,el Poblenou,214,10068,1639,2022
2022-01-01,10,Sant Martí,68,el Poblenou,215,10069,2796,2022
2022-01-01,10,Sant Martí,68,el Poblenou,215,10070,1650,2022
2022-01-01,10,Sant Martí,68,el Poblenou,215,10071,1802,2022
2022-01-01,10,Sant Martí,68,el Poblenou,215,10072,2056,2022
2022-01-01,10,Sant Martí,68,el Poblenou,215,10073,1440,2022
2022-01-01,10,Sant Martí,68,el Poblenou,215,10074,1663,2022
2022-01-01,10,Sant Martí,68,el Poblenou,215,10075,1532,2022
2022-01-01,10,Sant Martí,69,Diagonal Mar i el Front Marítim del Poblenou,216,10076,2259,2022
2022-01-01,10,Sant Martí,69,Diagonal Mar i el Front Marítim del Poblenou,216,10235,1282,2022
2022-01-01,10,Sant Martí,69,Diagonal Mar i el Front Marítim del Poblenou,216,10236,1597,2022
2022-01-01,10,Sant Martí,69,Diagonal Mar i el Front Marítim del Poblenou,217,10077,1821,2022
2022-01-01,10,Sant Martí,69,Diagonal Mar i el Front Marítim del Poblenou,217,10078,2415,2022
2022-01-01,10,Sant Martí,69,Diagonal Mar i el Front Marítim del Poblenou,217,10079,1742,2022
2022-01-01,10,Sant Martí,69,Diagonal Mar i el Front Marítim del Poblenou,218,10080,2275,2022
2022-01-01,10,Sant Martí,70,el Besòs i el Maresme,219,10081,2166,2022
2022-01-01,10,Sant Martí,70,el Besòs i el Maresme,219,10082,1944,2022
2022-01-01,10,Sant Martí,70,el Besòs i el Maresme,219,10083,2212,2022
2022-01-01,10,Sant Martí,70,el Besòs i el Maresme,219,10084,1663,2022
2022-01-01,10,Sant Martí,70,el Besòs i el Maresme,220,10085,2094,2022
2022-01-01,10,Sant Martí,70,el Besòs i el Maresme,220,10086,1949,2022
2022-01-01,10,Sant Martí,70,el Besòs i el Maresme,220,10087,1818,2022
2022-01-01,10,Sant Martí,70,el Besòs i el Maresme,220,10088,1659,2022
2022-01-01,10,Sant Martí,70,el Besòs i el Maresme,221,10089,4834,2022
2022-01-01,10,Sant Martí,70,el Besòs i el Maresme,222,10090,1477,2022
2022-01-01,10,Sant Martí,70,el Besòs i el Maresme,222,10091,1970,2022
2022-01-01,10,Sant Martí,70,el Besòs i el Maresme,222,10092,1470,2022
2022-01-01,10,Sant Martí,70,el Besòs i el Maresme,222,10093,1093,2022
2022-01-01,10,Sant Martí,71,Provençals del Poblenou,223,10094,3060,2022
2022-01-01,10,Sant Martí,71,Provençals del Poblenou,223,10095,1326,2022
2022-01-01,10,Sant Martí,71,Provençals del Poblenou,224,10096,1669,2022
2022-01-01,10,Sant Martí,71,Provençals del Poblenou,224,10097,1554,2022
2022-01-01,10,Sant Martí,71,Provençals del Poblenou,224,10098,1752,2022
2022-01-01,10,Sant Martí,71,Provençals del Poblenou,224,10099,1118,2022
2022-01-01,10,Sant Martí,71,Provençals del Poblenou,224,10100,1670,2022
2022-01-01,10,Sant Martí,71,Provençals del Poblenou,225,10101,1709,2022
2022-01-01,10,Sant Martí,71,Provençals del Poblenou,225,10102,2612,2022
2022-01-01,10,Sant Martí,71,Provençals del Poblenou,225,10103,2146,2022
2022-01-01,10,Sant Martí,71,Provençals del Poblenou,225,10104,1564,2022
2022-01-01,10,Sant Martí,71,Provençals del Poblenou,225,10237,912,2022
2022-01-01,10,Sant Martí,72,Sant Martí de Provençals,226,10105,2164,2022
2022-01-01,10,Sant Martí,72,Sant Martí de Provençals,226,10106,1006,2022
2022-01-01,10,Sant Martí,72,Sant Martí de Provençals,226,10107,1479,2022
2022-01-01,10,Sant Martí,72,Sant Martí de Provençals,226,10108,1281,2022
2022-01-01,10,Sant Martí,72,Sant Martí de Provençals,226,10109,1649,2022
2022-01-01,10,Sant Martí,72,Sant Martí de Provençals,226,10110,1660,2022
2022-01-01,10,Sant Martí,72,Sant Martí de Provençals,227,10111,1306,2022
2022-01-01,10,Sant Martí,72,Sant Martí de Provençals,227,10112,1501,2022
2022-01-01,10,Sant Martí,72,Sant Martí de Provençals,227,10113,1186,2022
2022-01-01,10,Sant Martí,72,Sant Martí de Provençals,227,10114,1513,2022
2022-01-01,10,Sant Martí,72,Sant Martí de Provençals,228,10115,1436,2022
2022-01-01,10,Sant Martí,72,Sant Martí de Provençals,228,10116,1779,2022
2022-01-01,10,Sant Martí,72,Sant Martí de Provençals,228,10117,1244,2022
2022-01-01,10,Sant Martí,72,Sant Martí de Provençals,228,10118,987,2022
2022-01-01,10,Sant Martí,72,Sant Martí de Provençals,228,10119,1136,2022
2022-01-01,10,Sant Martí,72,Sant Martí de Provençals,229,10120,1433,2022
2022-01-01,10,Sant Martí,72,Sant Martí de Provençals,229,10121,1610,2022
2022-01-01,10,Sant Martí,72,Sant Martí de Provençals,229,10122,1482,2022
2022-01-01,10,Sant Martí,73,la Verneda i la Pau,230,10123,1344,2022
2022-01-01,10,Sant Martí,73,la Verneda i la Pau,230,10124,1092,2022
2022-01-01,10,Sant Martí,73,la Verneda i la Pau,230,10125,1099,2022
2022-01-01,10,Sant Martí,73,la Verneda i la Pau,230,10126,1005,2022
2022-01-01,10,Sant Martí,73,la Verneda i la Pau,230,10127,1036,2022
2022-01-01,10,Sant Martí,73,la Verneda i la Pau,230,10128,1550,2022
2022-01-01,10,Sant Martí,73,la Verneda i la Pau,230,10129,1134,2022
2022-01-01,10,Sant Martí,73,la Verneda i la Pau,231,10130,1214,2022
2022-01-01,10,Sant Martí,73,la Verneda i la Pau,231,10131,1095,2022
2022-01-01,10,Sant Martí,73,la Verneda i la Pau,231,10132,1264,2022
2022-01-01,10,Sant Martí,73,la Verneda i la Pau,231,10133,1704,2022
2022-01-01,10,Sant Martí,73,la Verneda i la Pau,231,10134,1570,2022
2022-01-01,10,Sant Martí,73,la Verneda i la Pau,231,10135,1233,2022
2022-01-01,10,Sant Martí,73,la Verneda i la Pau,232,10136,1384,2022
2022-01-01,10,Sant Martí,73,la Verneda i la Pau,232,10137,1567,2022
2022-01-01,10,Sant Martí,73,la Verneda i la Pau,232,10138,1595,2022
2022-01-01,10,Sant Martí,73,la Verneda i la Pau,232,10139,1682,2022
2022-01-01,10,Sant Martí,73,la Verneda i la Pau,233,10140,1633,2022
2022-01-01,10,Sant Martí,73,la Verneda i la Pau,233,10141,1126,2022
2022-01-01,10,Sant Martí,73,la Verneda i la Pau,233,10142,1622,2022
2022-01-01,10,Sant Martí,73,la Verneda i la Pau,233,10143,1805,2022
2023-01-01,1,Ciutat Vella,1,el Raval,1,1001,1246,2023
2023-01-01,1,Ciutat Vella,1,el Raval,1,1002,1238,2023
2023-01-01,1,Ciutat Vella,1,el Raval,2,1003,3406,2023
2023-01-01,1,Ciutat Vella,1,el Raval,2,1004,2881,2023
2023-01-01,1,Ciutat Vella,1,el Raval,3,1005,2294,2023
2023-01-01,1,Ciutat Vella,1,el Raval,3,1006,1579,2023
2023-01-01,1,Ciutat Vella,1,el Raval,3,1007,1911,2023
2023-01-01,1,Ciutat Vella,1,el Raval,4,1008,3092,2023
2023-01-01,1,Ciutat Vella,1,el Raval,4,1009,2134,2023
2023-01-01,1,Ciutat Vella,1,el Raval,4,1010,2297,2023
2023-01-01,1,Ciutat Vella,1,el Raval,5,1011,3053,2023
2023-01-01,1,Ciutat Vella,1,el Raval,5,1012,1875,2023
2023-01-01,1,Ciutat Vella,1,el Raval,5,1013,1453,2023
2023-01-01,1,Ciutat Vella,1,el Raval,6,1014,1834,2023
2023-01-01,1,Ciutat Vella,1,el Raval,6,1015,2279,2023
2023-01-01,1,Ciutat Vella,1,el Raval,6,1016,2033,2023
2023-01-01,1,Ciutat Vella,1,el Raval,6,1017,2498,2023
2023-01-01,1,Ciutat Vella,1,el Raval,7,1018,1524,2023
2023-01-01,1,Ciutat Vella,1,el Raval,7,1019,2669,2023
2023-01-01,1,Ciutat Vella,1,el Raval,7,1020,2233,2023
2023-01-01,1,Ciutat Vella,1,el Raval,8,1021,2142,2023
2023-01-01,1,Ciutat Vella,2,el Barri Gòtic,9,1022,1772,2023
2023-01-01,1,Ciutat Vella,2,el Barri Gòtic,9,1023,1966,2023
2023-01-01,1,Ciutat Vella,2,el Barri Gòtic,10,1025,1314,2023
2023-01-01,1,Ciutat Vella,2,el Barri Gòtic,10,1026,10671,2023
2023-01-01,1,Ciutat Vella,2,el Barri Gòtic,10,1027,1441,2023
2023-01-01,1,Ciutat Vella,2,el Barri Gòtic,11,1028,1903,2023
2023-01-01,1,Ciutat Vella,2,el Barri Gòtic,11,1029,1385,2023
2023-01-01,1,Ciutat Vella,2,el Barri Gòtic,12,1030,2449,2023
2023-01-01,1,Ciutat Vella,2,el Barri Gòtic,12,1031,1559,2023
2023-01-01,1,Ciutat Vella,3,la Barceloneta,13,1032,1722,2023
2023-01-01,1,Ciutat Vella,3,la Barceloneta,13,1033,1050,2023
2023-01-01,1,Ciutat Vella,3,la Barceloneta,13,1034,935,2023
2023-01-01,1,Ciutat Vella,3,la Barceloneta,14,1035,1155,2023
2023-01-01,1,Ciutat Vella,3,la Barceloneta,14,1036,1156,2023
2023-01-01,1,Ciutat Vella,3,la Barceloneta,15,1037,1276,2023
2023-01-01,1,Ciutat Vella,3,la Barceloneta,15,1038,1408,2023
2023-01-01,1,Ciutat Vella,3,la Barceloneta,15,1039,1315,2023
2023-01-01,1,Ciutat Vella,3,la Barceloneta,15,1040,1081,2023
2023-01-01,1,Ciutat Vella,3,la Barceloneta,15,1041,1435,2023
2023-01-01,1,Ciutat Vella,3,la Barceloneta,15,1042,1741,2023
2023-01-01,1,Ciutat Vella,4,"Sant Pere, Santa Caterina i la Ribera",16,1043,1611,2023
2023-01-01,1,Ciutat Vella,4,"Sant Pere, Santa Caterina i la Ribera",16,1044,1452,2023
2023-01-01,1,Ciutat Vella,4,"Sant Pere, Santa Caterina i la Ribera",16,1045,1914,2023
2023-01-01,1,Ciutat Vella,4,"Sant Pere, Santa Caterina i la Ribera",16,1046,1797,2023
2023-01-01,1,Ciutat Vella,4,"Sant Pere, Santa Caterina i la Ribera",17,1047,1719,2023
2023-01-01,1,Ciutat Vella,4,"Sant Pere, Santa Caterina i la Ribera",17,1048,2066,2023
2023-01-01,1,Ciutat Vella,4,"Sant Pere, Santa Caterina i la Ribera",17,1049,1480,2023
2023-01-01,1,Ciutat Vella,4,"Sant Pere, Santa Caterina i la Ribera",18,1050,1581,2023
2023-01-01,1,Ciutat Vella,4,"Sant Pere, Santa Caterina i la Ribera",18,1051,1675,2023
2023-01-01,1,Ciutat Vella,4,"Sant Pere, Santa Caterina i la Ribera",18,1052,2367,2023
2023-01-01,1,Ciutat Vella,4,"Sant Pere, Santa Caterina i la Ribera",19,1053,1834,2023
2023-01-01,1,Ciutat Vella,4,"Sant Pere, Santa Caterina i la Ribera",19,1054,1264,2023
2023-01-01,1,Ciutat Vella,4,"Sant Pere, Santa Caterina i la Ribera",19,1055,1281,2023
2023-01-01,2,Eixample,5,el Fort Pienc,20,2001,1341,2023
2023-01-01,2,Eixample,5,el Fort Pienc,20,2002,4738,2023
2023-01-01,2,Eixample,5,el Fort Pienc,20,2003,1145,2023
2023-01-01,2,Eixample,5,el Fort Pienc,20,2004,1526,2023
2023-01-01,2,Eixample,5,el Fort Pienc,20,2005,1990,2023
2023-01-01,2,Eixample,5,el Fort Pienc,20,2006,1621,2023
2023-01-01,2,Eixample,5,el Fort Pienc,20,2007,1211,2023
2023-01-01,2,Eixample,5,el Fort Pienc,20,2008,1903,2023
2023-01-01,2,Eixample,5,el Fort Pienc,20,2009,1780,2023
2023-01-01,2,Eixample,5,el Fort Pienc,21,2010,1214,2023
2023-01-01,2,Eixample,5,el Fort Pienc,21,2011,1115,2023
2023-01-01,2,Eixample,5,el Fort Pienc,21,2012,1586,2023
2023-01-01,2,Eixample,5,el Fort Pienc,21,2013,1151,2023
2023-01-01,2,Eixample,5,el Fort Pienc,22,2014,1364,2023
2023-01-01,2,Eixample,5,el Fort Pienc,22,2015,1564,2023
2023-01-01,2,Eixample,5,el Fort Pienc,22,2016,1843,2023
2023-01-01,2,Eixample,5,el Fort Pienc,22,2017,1941,2023
2023-01-01,2,Eixample,5,el Fort Pienc,22,2018,1819,2023
2023-01-01,2,Eixample,5,el Fort Pienc,22,2019,1983,2023
2023-01-01,2,Eixample,5,el Fort Pienc,22,2020,1568,2023
2023-01-01,2,Eixample,6,la Sagrada Família,23,2021,1526,2023
2023-01-01,2,Eixample,6,la Sagrada Família,23,2022,1294,2023
2023-01-01,2,Eixample,6,la Sagrada Família,23,2023,1046,2023
2023-01-01,2,Eixample,6,la Sagrada Família,23,2024,1147,2023
2023-01-01,2,Eixample,6,la Sagrada Família,24,2025,1128,2023
2023-01-01,2,Eixample,6,la Sagrada Família,24,2026,2054,2023
2023-01-01,2,Eixample,6,la Sagrada Família,24,2027,2072,2023
2023-01-01,2,Eixample,6,la Sagrada Família,24,2028,2036,2023
2023-01-01,2,Eixample,6,la Sagrada Família,24,2029,1217,2023
2023-01-01,2,Eixample,6,la Sagrada Família,24,2030,1367,2023
2023-01-01,2,Eixample,6,la Sagrada Família,24,2031,1029,2023
2023-01-01,2,Eixample,6,la Sagrada Família,24,2032,1196,2023
2023-01-01,2,Eixample,6,la Sagrada Família,25,2033,1156,2023
2023-01-01,2,Eixample,6,la Sagrada Família,25,2034,1198,2023
2023-01-01,2,Eixample,6,la Sagrada Família,25,2035,1270,2023
2023-01-01,2,Eixample,6,la Sagrada Família,25,2036,1202,2023
2023-01-01,2,Eixample,6,la Sagrada Família,25,2037,1138,2023
2023-01-01,2,Eixample,6,la Sagrada Família,25,2038,1522,2023
2023-01-01,2,Eixample,6,la Sagrada Família,25,2039,1769,2023
2023-01-01,2,Eixample,6,la Sagrada Família,25,2040,1763,2023
2023-01-01,2,Eixample,6,la Sagrada Família,26,2041,1663,2023
2023-01-01,2,Eixample,6,la Sagrada Família,26,2042,1662,2023
2023-01-01,2,Eixample,6,la Sagrada Família,26,2043,1489,2023
2023-01-01,2,Eixample,6,la Sagrada Família,26,2044,1287,2023
2023-01-01,2,Eixample,6,la Sagrada Família,26,2045,1152,2023
2023-01-01,2,Eixample,6,la Sagrada Família,26,2046,1966,2023
2023-01-01,2,Eixample,6,la Sagrada Família,26,2047,1955,2023
2023-01-01,2,Eixample,6,la Sagrada Família,26,2048,1284,2023
2023-01-01,2,Eixample,6,la Sagrada Família,27,2049,2023,2023
2023-01-01,2,Eixample,6,la Sagrada Família,27,2050,1637,2023
2023-01-01,2,Eixample,6,la Sagrada Família,27,2051,1874,2023
2023-01-01,2,Eixample,6,la Sagrada Família,27,2052,1789,2023
2023-01-01,2,Eixample,6,la Sagrada Família,27,2053,1898,2023
2023-01-01,2,Eixample,6,la Sagrada Família,27,2054,1903,2023
2023-01-01,2,Eixample,7,la Dreta de l'Eixample,28,2055,1828,2023
2023-01-01,2,Eixample,7,la Dreta de l'Eixample,28,2056,1528,2023
2023-01-01,2,Eixample,7,la Dreta de l'Eixample,28,2057,1260,2023
2023-01-01,2,Eixample,7,la Dreta de l'Eixample,28,2058,1411,2023
2023-01-01,2,Eixample,7,la Dreta de l'Eixample,28,2059,1720,2023
2023-01-01,2,Eixample,7,la Dreta de l'Eixample,28,2060,1624,2023
2023-01-01,2,Eixample,7,la Dreta de l'Eixample,29,2061,1354,2023
2023-01-01,2,Eixample,7,la Dreta de l'Eixample,29,2062,1543,2023
2023-01-01,2,Eixample,7,la Dreta de l'Eixample,29,2063,1160,2023
2023-01-01,2,Eixample,7,la Dreta de l'Eixample,29,2064,1303,2023
2023-01-01,2,Eixample,7,la Dreta de l'Eixample,29,2065,1839,2023
2023-01-01,2,Eixample,7,la Dreta de l'Eixample,30,2066,1738,2023
2023-01-01,2,Eixample,7,la Dreta de l'Eixample,30,2067,1664,2023
2023-01-01,2,Eixample,7,la Dreta de l'Eixample,30,2068,1647,2023
2023-01-01,2,Eixample,7,la Dreta de l'Eixample,30,2069,1356,2023
2023-01-01,2,Eixample,7,la Dreta de l'Eixample,31,2070,1252,2023
2023-01-01,2,Eixample,7,la Dreta de l'Eixample,31,2071,1633,2023
2023-01-01,2,Eixample,7,la Dreta de l'Eixample,31,2072,1229,2023
2023-01-01,2,Eixample,7,la Dreta de l'Eixample,32,2073,1665,2023
2023-01-01,2,Eixample,7,la Dreta de l'Eixample,32,2074,1270,2023
2023-01-01,2,Eixample,7,la Dreta de l'Eixample,32,2075,1223,2023
2023-01-01,2,Eixample,7,la Dreta de l'Eixample,32,2076,1645,2023
2023-01-01,2,Eixample,7,la Dreta de l'Eixample,33,2077,1776,2023
2023-01-01,2,Eixample,7,la Dreta de l'Eixample,34,2078,1419,2023
2023-01-01,2,Eixample,7,la Dreta de l'Eixample,34,2079,1432,2023
2023-01-01,2,Eixample,7,la Dreta de l'Eixample,35,2080,1606,2023
2023-01-01,2,Eixample,7,la Dreta de l'Eixample,35,2081,2137,2023
2023-01-01,2,Eixample,7,la Dreta de l'Eixample,36,2082,923,2023
2023-01-01,2,Eixample,7,la Dreta de l'Eixample,36,2083,1920,2023
2023-01-01,2,Eixample,8,l'Antiga Esquerra de l'Eixample,37,2084,2051,2023
2023-01-01,2,Eixample,8,l'Antiga Esquerra de l'Eixample,37,2085,1444,2023
2023-01-01,2,Eixample,8,l'Antiga Esquerra de l'Eixample,37,2086,1393,2023
2023-01-01,2,Eixample,8,l'Antiga Esquerra de l'Eixample,37,2087,1396,2023
2023-01-01,2,Eixample,8,l'Antiga Esquerra de l'Eixample,38,2088,1693,2023
2023-01-01,2,Eixample,8,l'Antiga Esquerra de l'Eixample,38,2089,1808,2023
2023-01-01,2,Eixample,8,l'Antiga Esquerra de l'Eixample,38,2090,1694,2023
2023-01-01,2,Eixample,8,l'Antiga Esquerra de l'Eixample,39,2091,2630,2023
2023-01-01,2,Eixample,8,l'Antiga Esquerra de l'Eixample,39,2092,1723,2023
2023-01-01,2,Eixample,8,l'Antiga Esquerra de l'Eixample,40,2093,1691,2023
2023-01-01,2,Eixample,8,l'Antiga Esquerra de l'Eixample,40,2094,1500,2023
2023-01-01,2,Eixample,8,l'Antiga Esquerra de l'Eixample,40,2095,1546,2023
2023-01-01,2,Eixample,8,l'Antiga Esquerra de l'Eixample,40,2096,1444,2023
2023-01-01,2,Eixample,8,l'Antiga Esquerra de l'Eixample,40,2097,1111,2023
2023-01-01,2,Eixample,8,l'Antiga Esquerra de l'Eixample,41,2098,1438,2023
2023-01-01,2,Eixample,8,l'Antiga Esquerra de l'Eixample,41,2099,1595,2023
2023-01-01,2,Eixample,8,l'Antiga Esquerra de l'Eixample,41,2100,1307,2023
2023-01-01,2,Eixample,8,l'Antiga Esquerra de l'Eixample,41,2101,2214,2023
2023-01-01,2,Eixample,8,l'Antiga Esquerra de l'Eixample,42,2102,1359,2023
2023-01-01,2,Eixample,8,l'Antiga Esquerra de l'Eixample,42,2103,1667,2023
2023-01-01,2,Eixample,8,l'Antiga Esquerra de l'Eixample,42,2104,1175,2023
2023-01-01,2,Eixample,8,l'Antiga Esquerra de l'Eixample,42,2105,2081,2023
2023-01-01,2,Eixample,8,l'Antiga Esquerra de l'Eixample,43,2106,1434,2023
2023-01-01,2,Eixample,8,l'Antiga Esquerra de l'Eixample,43,2107,1646,2023
2023-01-01,2,Eixample,8,l'Antiga Esquerra de l'Eixample,43,2108,1587,2023
2023-01-01,2,Eixample,8,l'Antiga Esquerra de l'Eixample,43,2109,2124,2023
2023-01-01,2,Eixample,9,la Nova Esquerra de l'Eixample,44,2110,1841,2023
2023-01-01,2,Eixample,9,la Nova Esquerra de l'Eixample,44,2111,1878,2023
2023-01-01,2,Eixample,9,la Nova Esquerra de l'Eixample,44,2112,1306,2023
2023-01-01,2,Eixample,9,la Nova Esquerra de l'Eixample,44,2113,2210,2023
2023-01-01,2,Eixample,9,la Nova Esquerra de l'Eixample,44,2114,1707,2023
2023-01-01,2,Eixample,9,la Nova Esquerra de l'Eixample,45,2115,1371,2023
2023-01-01,2,Eixample,9,la Nova Esquerra de l'Eixample,45,2116,973,2023
2023-01-01,2,Eixample,9,la Nova Esquerra de l'Eixample,45,2117,1233,2023
2023-01-01,2,Eixample,9,la Nova Esquerra de l'Eixample,45,2118,1427,2023
2023-01-01,2,Eixample,9,la Nova Esquerra de l'Eixample,45,2119,1276,2023
2023-01-01,2,Eixample,9,la Nova Esquerra de l'Eixample,45,2120,1157,2023
2023-01-01,2,Eixample,9,la Nova Esquerra de l'Eixample,45,2121,1254,2023
2023-01-01,2,Eixample,9,la Nova Esquerra de l'Eixample,45,2122,1039,2023
2023-01-01,2,Eixample,9,la Nova Esquerra de l'Eixample,45,2123,1102,2023
2023-01-01,2,Eixample,9,la Nova Esquerra de l'Eixample,46,2124,1129,2023
2023-01-01,2,Eixample,9,la Nova Esquerra de l'Eixample,46,2125,1652,2023
2023-01-01,2,Eixample,9,la Nova Esquerra de l'Eixample,46,2126,1408,2023
2023-01-01,2,Eixample,9,la Nova Esquerra de l'Eixample,46,2127,1200,2023
2023-01-01,2,Eixample,9,la Nova Esquerra de l'Eixample,46,2128,1312,2023
2023-01-01,2,Eixample,9,la Nova Esquerra de l'Eixample,46,2129,1545,2023
2023-01-01,2,Eixample,9,la Nova Esquerra de l'Eixample,47,2130,1101,2023
2023-01-01,2,Eixample,9,la Nova Esquerra de l'Eixample,47,2131,1124,2023
2023-01-01,2,Eixample,9,la Nova Esquerra de l'Eixample,47,2132,1003,2023
2023-01-01,2,Eixample,9,la Nova Esquerra de l'Eixample,47,2133,841,2023
2023-01-01,2,Eixample,9,la Nova Esquerra de l'Eixample,47,2134,1469,2023
2023-01-01,2,Eixample,9,la Nova Esquerra de l'Eixample,47,2135,2086,2023
2023-01-01,2,Eixample,9,la Nova Esquerra de l'Eixample,47,2136,890,2023
2023-01-01,2,Eixample,9,la Nova Esquerra de l'Eixample,48,2137,1468,2023
2023-01-01,2,Eixample,9,la Nova Esquerra de l'Eixample,48,2138,1925,2023
2023-01-01,2,Eixample,9,la Nova Esquerra de l'Eixample,48,2139,1660,2023
2023-01-01,2,Eixample,9,la Nova Esquerra de l'Eixample,48,2140,1908,2023
2023-01-01,2,Eixample,9,la Nova Esquerra de l'Eixample,48,2141,1198,2023
2023-01-01,2,Eixample,9,la Nova Esquerra de l'Eixample,49,2142,1980,2023
2023-01-01,2,Eixample,9,la Nova Esquerra de l'Eixample,49,2143,1505,2023
2023-01-01,2,Eixample,9,la Nova Esquerra de l'Eixample,49,2144,1478,2023
2023-01-01,2,Eixample,9,la Nova Esquerra de l'Eixample,49,2145,1214,2023
2023-01-01,2,Eixample,9,la Nova Esquerra de l'Eixample,50,2146,1197,2023
2023-01-01,2,Eixample,9,la Nova Esquerra de l'Eixample,50,2147,2133,2023
2023-01-01,2,Eixample,9,la Nova Esquerra de l'Eixample,50,2148,1538,2023
2023-01-01,2,Eixample,9,la Nova Esquerra de l'Eixample,50,2149,1846,2023
2023-01-01,2,Eixample,10,Sant Antoni,51,2150,1567,2023
2023-01-01,2,Eixample,10,Sant Antoni,51,2151,1487,2023
2023-01-01,2,Eixample,10,Sant Antoni,51,2152,1258,2023
2023-01-01,2,Eixample,10,Sant Antoni,51,2153,1365,2023
2023-01-01,2,Eixample,10,Sant Antoni,51,2154,1037,2023
2023-01-01,2,Eixample,10,Sant Antoni,51,2155,1841,2023
2023-01-01,2,Eixample,10,Sant Antoni,51,2156,1280,2023
2023-01-01,2,Eixample,10,Sant Antoni,51,2157,1244,2023
2023-01-01,2,Eixample,10,Sant Antoni,52,2158,1647,2023
2023-01-01,2,Eixample,10,Sant Antoni,52,2159,1945,2023
2023-01-01,2,Eixample,10,Sant Antoni,52,2160,1954,2023
2023-01-01,2,Eixample,10,Sant Antoni,52,2161,1159,2023
2023-01-01,2,Eixample,10,Sant Antoni,52,2162,1402,2023
2023-01-01,2,Eixample,10,Sant Antoni,53,2163,1758,2023
2023-01-01,2,Eixample,10,Sant Antoni,53,2164,1525,2023
2023-01-01,2,Eixample,10,Sant Antoni,53,2165,1675,2023
2023-01-01,2,Eixample,10,Sant Antoni,54,2166,2110,2023
2023-01-01,2,Eixample,10,Sant Antoni,54,2167,2146,2023
2023-01-01,2,Eixample,10,Sant Antoni,54,2168,2223,2023
2023-01-01,2,Eixample,10,Sant Antoni,55,2169,1492,2023
2023-01-01,2,Eixample,10,Sant Antoni,55,2170,1553,2023
2023-01-01,2,Eixample,10,Sant Antoni,55,2171,1606,2023
2023-01-01,2,Eixample,10,Sant Antoni,55,2172,1493,2023
2023-01-01,2,Eixample,10,Sant Antoni,55,2173,1502,2023
2023-01-01,3,Sants-Montjuïc,11,el Poble-sec,56,3001,1705,2023
2023-01-01,3,Sants-Montjuïc,11,el Poble-sec,56,3002,1902,2023
2023-01-01,3,Sants-Montjuïc,11,el Poble-sec,56,3003,1659,2023
2023-01-01,3,Sants-Montjuïc,11,el Poble-sec,56,3004,1513,2023
2023-01-01,3,Sants-Montjuïc,11,el Poble-sec,56,3005,1199,2023
2023-01-01,3,Sants-Montjuïc,11,el Poble-sec,56,3006,1375,2023
2023-01-01,3,Sants-Montjuïc,11,el Poble-sec,56,3007,1642,2023
2023-01-01,3,Sants-Montjuïc,11,el Poble-sec,56,3008,1168,2023
2023-01-01,3,Sants-Montjuïc,11,el Poble-sec,56,3009,1167,2023
2023-01-01,3,Sants-Montjuïc,11,el Poble-sec,57,3010,1886,2023
2023-01-01,3,Sants-Montjuïc,11,el Poble-sec,57,3011,1762,2023
2023-01-01,3,Sants-Montjuïc,11,el Poble-sec,57,3012,2026,2023
2023-01-01,3,Sants-Montjuïc,11,el Poble-sec,57,3013,1734,2023
2023-01-01,3,Sants-Montjuïc,11,el Poble-sec,57,3014,1758,2023
2023-01-01,3,Sants-Montjuïc,11,el Poble-sec,57,3015,2901,2023
2023-01-01,3,Sants-Montjuïc,11,el Poble-sec,57,3016,1221,2023
2023-01-01,3,Sants-Montjuïc,11,el Poble-sec,57,3017,1587,2023
2023-01-01,3,Sants-Montjuïc,11,el Poble-sec,58,3018,1669,2023
2023-01-01,3,Sants-Montjuïc,11,el Poble-sec,58,3019,1476,2023
2023-01-01,3,Sants-Montjuïc,11,el Poble-sec,58,3020,1206,2023
2023-01-01,3,Sants-Montjuïc,11,el Poble-sec,58,3021,1057,2023
2023-01-01,3,Sants-Montjuïc,11,el Poble-sec,58,3022,1380,2023
2023-01-01,3,Sants-Montjuïc,11,el Poble-sec,59,3023,1807,2023
2023-01-01,3,Sants-Montjuïc,11,el Poble-sec,59,3024,1978,2023
2023-01-01,3,Sants-Montjuïc,12,la Marina del Prat Vermell,60,3025,1678,2023
2023-01-01,3,Sants-Montjuïc,13,la Marina de Port,61,3026,997,2023
2023-01-01,3,Sants-Montjuïc,13,la Marina de Port,61,3027,1745,2023
2023-01-01,3,Sants-Montjuïc,13,la Marina de Port,61,3028,2594,2023
2023-01-01,3,Sants-Montjuïc,13,la Marina de Port,61,3029,1260,2023
2023-01-01,3,Sants-Montjuïc,13,la Marina de Port,61,3030,1560,2023
2023-01-01,3,Sants-Montjuïc,13,la Marina de Port,62,3031,2322,2023
2023-01-01,3,Sants-Montjuïc,13,la Marina de Port,62,3032,1719,2023
2023-01-01,3,Sants-Montjuïc,13,la Marina de Port,62,3033,1458,2023
2023-01-01,3,Sants-Montjuïc,13,la Marina de Port,62,3034,1495,2023
2023-01-01,3,Sants-Montjuïc,13,la Marina de Port,62,3211,1517,2023
2023-01-01,3,Sants-Montjuïc,13,la Marina de Port,63,3035,2284,2023
2023-01-01,3,Sants-Montjuïc,13,la Marina de Port,63,3036,2377,2023
2023-01-01,3,Sants-Montjuïc,13,la Marina de Port,63,3037,980,2023
2023-01-01,3,Sants-Montjuïc,13,la Marina de Port,63,3212,2414,2023
2023-01-01,3,Sants-Montjuïc,13,la Marina de Port,63,3213,2310,2023
2023-01-01,3,Sants-Montjuïc,13,la Marina de Port,64,3038,949,2023
2023-01-01,3,Sants-Montjuïc,13,la Marina de Port,64,3039,2456,2023
2023-01-01,3,Sants-Montjuïc,14,la Font de la Guatlla,65,3040,1809,2023
2023-01-01,3,Sants-Montjuïc,14,la Font de la Guatlla,65,3041,1424,2023
2023-01-01,3,Sants-Montjuïc,14,la Font de la Guatlla,65,3042,1348,2023
2023-01-01,3,Sants-Montjuïc,14,la Font de la Guatlla,65,3043,1525,2023
2023-01-01,3,Sants-Montjuïc,14,la Font de la Guatlla,65,3044,1855,2023
2023-01-01,3,Sants-Montjuïc,14,la Font de la Guatlla,65,3045,1096,2023
2023-01-01,3,Sants-Montjuïc,14,la Font de la Guatlla,65,3046,1442,2023
2023-01-01,3,Sants-Montjuïc,15,Hostafrancs,66,3047,1770,2023
2023-01-01,3,Sants-Montjuïc,15,Hostafrancs,66,3048,1334,2023
2023-01-01,3,Sants-Montjuïc,15,Hostafrancs,66,3049,1673,2023
2023-01-01,3,Sants-Montjuïc,15,Hostafrancs,66,3050,1630,2023
2023-01-01,3,Sants-Montjuïc,15,Hostafrancs,67,3051,1836,2023
2023-01-01,3,Sants-Montjuïc,15,Hostafrancs,67,3052,1393,2023
2023-01-01,3,Sants-Montjuïc,15,Hostafrancs,67,3053,2190,2023
2023-01-01,3,Sants-Montjuïc,15,Hostafrancs,67,3054,1636,2023
2023-01-01,3,Sants-Montjuïc,15,Hostafrancs,67,3055,1574,2023
2023-01-01,3,Sants-Montjuïc,15,Hostafrancs,67,3056,933,2023
2023-01-01,3,Sants-Montjuïc,16,la Bordeta,68,3057,1482,2023
2023-01-01,3,Sants-Montjuïc,16,la Bordeta,68,3058,1794,2023
2023-01-01,3,Sants-Montjuïc,16,la Bordeta,68,3059,1148,2023
2023-01-01,3,Sants-Montjuïc,16,la Bordeta,68,3060,1356,2023
2023-01-01,3,Sants-Montjuïc,16,la Bordeta,68,3061,1118,2023
2023-01-01,3,Sants-Montjuïc,16,la Bordeta,69,3062,1599,2023
2023-01-01,3,Sants-Montjuïc,16,la Bordeta,69,3063,2000,2023
2023-01-01,3,Sants-Montjuïc,16,la Bordeta,69,3064,1481,2023
2023-01-01,3,Sants-Montjuïc,16,la Bordeta,69,3065,1318,2023
2023-01-01,3,Sants-Montjuïc,16,la Bordeta,69,3066,2320,2023
2023-01-01,3,Sants-Montjuïc,16,la Bordeta,69,3067,1729,2023
2023-01-01,3,Sants-Montjuïc,16,la Bordeta,69,3068,1169,2023
2023-01-01,3,Sants-Montjuïc,16,la Bordeta,69,3069,1214,2023
2023-01-01,3,Sants-Montjuïc,17,Sants - Badal,70,3070,1273,2023
2023-01-01,3,Sants-Montjuïc,17,Sants - Badal,70,3071,1347,2023
2023-01-01,3,Sants-Montjuïc,17,Sants - Badal,70,3072,1352,2023
2023-01-01,3,Sants-Montjuïc,17,Sants - Badal,70,3073,1564,2023
2023-01-01,3,Sants-Montjuïc,17,Sants - Badal,70,3074,1787,2023
2023-01-01,3,Sants-Montjuïc,17,Sants - Badal,70,3075,1763,2023
2023-01-01,3,Sants-Montjuïc,17,Sants - Badal,70,3076,1055,2023
2023-01-01,3,Sants-Montjuïc,17,Sants - Badal,70,3077,1367,2023
2023-01-01,3,Sants-Montjuïc,17,Sants - Badal,70,3078,1745,2023
2023-01-01,3,Sants-Montjuïc,17,Sants - Badal,70,3079,1791,2023
2023-01-01,3,Sants-Montjuïc,17,Sants - Badal,70,3080,1514,2023
2023-01-01,3,Sants-Montjuïc,17,Sants - Badal,71,3081,1906,2023
2023-01-01,3,Sants-Montjuïc,17,Sants - Badal,71,3082,1860,2023
2023-01-01,3,Sants-Montjuïc,17,Sants - Badal,71,3083,1365,2023
2023-01-01,3,Sants-Montjuïc,17,Sants - Badal,71,3084,1386,2023
2023-01-01,3,Sants-Montjuïc,17,Sants - Badal,71,3085,1291,2023
2023-01-01,3,Sants-Montjuïc,18,Sants,72,3086,1237,2023
2023-01-01,3,Sants-Montjuïc,18,Sants,72,3087,1461,2023
2023-01-01,3,Sants-Montjuïc,18,Sants,72,3088,1361,2023
2023-01-01,3,Sants-Montjuïc,18,Sants,72,3089,1226,2023
2023-01-01,3,Sants-Montjuïc,18,Sants,72,3090,974,2023
2023-01-01,3,Sants-Montjuïc,18,Sants,72,3091,1474,2023
2023-01-01,3,Sants-Montjuïc,18,Sants,72,3092,1214,2023
2023-01-01,3,Sants-Montjuïc,18,Sants,72,3093,1472,2023
2023-01-01,3,Sants-Montjuïc,18,Sants,72,3094,1203,2023
2023-01-01,3,Sants-Montjuïc,18,Sants,73,3095,1564,2023
2023-01-01,3,Sants-Montjuïc,18,Sants,73,3096,1583,2023
2023-01-01,3,Sants-Montjuïc,18,Sants,73,3097,1584,2023
2023-01-01,3,Sants-Montjuïc,18,Sants,73,3098,1430,2023
2023-01-01,3,Sants-Montjuïc,18,Sants,73,3099,981,2023
2023-01-01,3,Sants-Montjuïc,18,Sants,73,3100,1260,2023
2023-01-01,3,Sants-Montjuïc,18,Sants,74,3101,5661,2023
2023-01-01,3,Sants-Montjuïc,18,Sants,74,3102,1339,2023
2023-01-01,3,Sants-Montjuïc,18,Sants,74,3103,1124,2023
2023-01-01,3,Sants-Montjuïc,18,Sants,74,3104,1451,2023
2023-01-01,3,Sants-Montjuïc,18,Sants,75,3105,1195,2023
2023-01-01,3,Sants-Montjuïc,18,Sants,75,3106,1277,2023
2023-01-01,3,Sants-Montjuïc,18,Sants,76,3107,1686,2023
2023-01-01,3,Sants-Montjuïc,18,Sants,76,3108,1579,2023
2023-01-01,3,Sants-Montjuïc,18,Sants,76,3109,1516,2023
2023-01-01,3,Sants-Montjuïc,18,Sants,76,3110,1458,2023
2023-01-01,3,Sants-Montjuïc,18,Sants,76,3111,1295,2023
2023-01-01,3,Sants-Montjuïc,18,Sants,76,3112,1873,2023
2023-01-01,3,Sants-Montjuïc,18,Sants,76,3113,1549,2023
2023-01-01,3,Sants-Montjuïc,18,Sants,76,3114,1481,2023
2023-01-01,4,Les Corts,19,les Corts,77,4001,1258,2023
2023-01-01,4,Les Corts,19,les Corts,77,4002,1899,2023
2023-01-01,4,Les Corts,19,les Corts,77,4003,1045,2023
2023-01-01,4,Les Corts,19,les Corts,77,4004,1025,2023
2023-01-01,4,Les Corts,19,les Corts,77,4005,1209,2023
2023-01-01,4,Les Corts,19,les Corts,77,4006,1129,2023
2023-01-01,4,Les Corts,19,les Corts,77,4007,1014,2023
2023-01-01,4,Les Corts,19,les Corts,77,4008,993,2023
2023-01-01,4,Les Corts,19,les Corts,77,4009,1460,2023
2023-01-01,4,Les Corts,19,les Corts,78,4010,897,2023
2023-01-01,4,Les Corts,19,les Corts,78,4011,1721,2023
2023-01-01,4,Les Corts,19,les Corts,78,4012,1313,2023
2023-01-01,4,Les Corts,19,les Corts,78,4013,1206,2023
2023-01-01,4,Les Corts,19,les Corts,78,4014,782,2023
2023-01-01,4,Les Corts,19,les Corts,78,4015,1860,2023
2023-01-01,4,Les Corts,19,les Corts,78,4016,1076,2023
2023-01-01,4,Les Corts,19,les Corts,79,4017,1160,2023
2023-01-01,4,Les Corts,19,les Corts,79,4018,1502,2023
2023-01-01,4,Les Corts,19,les Corts,79,4019,1385,2023
2023-01-01,4,Les Corts,19,les Corts,79,4020,1477,2023
2023-01-01,4,Les Corts,19,les Corts,79,4021,1318,2023
2023-01-01,4,Les Corts,19,les Corts,80,4022,1648,2023
2023-01-01,4,Les Corts,19,les Corts,81,4023,1098,2023
2023-01-01,4,Les Corts,19,les Corts,81,4024,1026,2023
2023-01-01,4,Les Corts,19,les Corts,82,4025,1154,2023
2023-01-01,4,Les Corts,19,les Corts,82,4026,1224,2023
2023-01-01,4,Les Corts,19,les Corts,82,4027,1306,2023
2023-01-01,4,Les Corts,19,les Corts,83,4028,1295,2023
2023-01-01,4,Les Corts,19,les Corts,83,4029,1121,2023
2023-01-01,4,Les Corts,19,les Corts,83,4030,1751,2023
2023-01-01,4,Les Corts,19,les Corts,84,4031,2104,2023
2023-01-01,4,Les Corts,19,les Corts,84,4032,1573,2023
2023-01-01,4,Les Corts,19,les Corts,84,4033,1141,2023
2023-01-01,4,Les Corts,19,les Corts,84,4034,1426,2023
2023-01-01,4,Les Corts,19,les Corts,84,4035,1369,2023
2023-01-01,4,Les Corts,20,la Maternitat i Sant Ramon,85,4036,1730,2023
2023-01-01,4,Les Corts,20,la Maternitat i Sant Ramon,85,4037,2161,2023
2023-01-01,4,Les Corts,20,la Maternitat i Sant Ramon,85,4038,1256,2023
2023-01-01,4,Les Corts,20,la Maternitat i Sant Ramon,85,4039,1171,2023
2023-01-01,4,Les Corts,20,la Maternitat i Sant Ramon,85,4040,1627,2023
2023-01-01,4,Les Corts,20,la Maternitat i Sant Ramon,85,4041,1317,2023
2023-01-01,4,Les Corts,20,la Maternitat i Sant Ramon,85,4042,1819,2023
2023-01-01,4,Les Corts,20,la Maternitat i Sant Ramon,86,4043,1606,2023
2023-01-01,4,Les Corts,20,la Maternitat i Sant Ramon,86,4044,1623,2023
2023-01-01,4,Les Corts,20,la Maternitat i Sant Ramon,86,4045,1401,2023
2023-01-01,4,Les Corts,20,la Maternitat i Sant Ramon,86,4046,2365,2023
2023-01-01,4,Les Corts,20,la Maternitat i Sant Ramon,86,4047,1916,2023
2023-01-01,4,Les Corts,20,la Maternitat i Sant Ramon,87,4048,1509,2023
2023-01-01,4,Les Corts,20,la Maternitat i Sant Ramon,87,4049,1189,2023
2023-01-01,4,Les Corts,20,la Maternitat i Sant Ramon,87,4084,1369,2023
2023-01-01,4,Les Corts,21,Pedralbes,88,4050,2061,2023
2023-01-01,4,Les Corts,21,Pedralbes,88,4051,1678,2023
2023-01-01,4,Les Corts,21,Pedralbes,88,4052,2176,2023
2023-01-01,4,Les Corts,21,Pedralbes,89,4053,1730,2023
2023-01-01,4,Les Corts,21,Pedralbes,89,4054,1050,2023
2023-01-01,4,Les Corts,21,Pedralbes,90,4055,1566,2023
2023-01-01,4,Les Corts,21,Pedralbes,90,4056,1869,2023
2023-01-01,5,Sarrià-Sant Gervasi,22,"Vallvidrera, el Tibidabo i les Planes",91,5001,1837,2023
2023-01-01,5,Sarrià-Sant Gervasi,22,"Vallvidrera, el Tibidabo i les Planes",92,5002,1617,2023
2023-01-01,5,Sarrià-Sant Gervasi,22,"Vallvidrera, el Tibidabo i les Planes",92,5003,1377,2023
2023-01-01,5,Sarrià-Sant Gervasi,23,Sarrià,93,5004,1098,2023
2023-01-01,5,Sarrià-Sant Gervasi,23,Sarrià,93,5005,1255,2023
2023-01-01,5,Sarrià-Sant Gervasi,23,Sarrià,94,5006,1814,2023
2023-01-01,5,Sarrià-Sant Gervasi,23,Sarrià,95,5007,1949,2023
2023-01-01,5,Sarrià-Sant Gervasi,23,Sarrià,95,5008,1663,2023
2023-01-01,5,Sarrià-Sant Gervasi,23,Sarrià,95,5009,1674,2023
2023-01-01,5,Sarrià-Sant Gervasi,23,Sarrià,95,5010,1531,2023
2023-01-01,5,Sarrià-Sant Gervasi,23,Sarrià,95,5011,1397,2023
2023-01-01,5,Sarrià-Sant Gervasi,23,Sarrià,95,5012,1391,2023
2023-01-01,5,Sarrià-Sant Gervasi,23,Sarrià,95,5013,1652,2023
2023-01-01,5,Sarrià-Sant Gervasi,23,Sarrià,96,5014,1590,2023
2023-01-01,5,Sarrià-Sant Gervasi,23,Sarrià,96,5015,1515,2023
2023-01-01,5,Sarrià-Sant Gervasi,23,Sarrià,96,5016,1902,2023
2023-01-01,5,Sarrià-Sant Gervasi,23,Sarrià,96,5017,1502,2023
2023-01-01,5,Sarrià-Sant Gervasi,23,Sarrià,96,5018,1276,2023
2023-01-01,5,Sarrià-Sant Gervasi,23,Sarrià,96,5019,1649,2023
2023-01-01,5,Sarrià-Sant Gervasi,24,les Tres Torres,97,5020,1098,2023
2023-01-01,5,Sarrià-Sant Gervasi,24,les Tres Torres,97,5021,1259,2023
2023-01-01,5,Sarrià-Sant Gervasi,24,les Tres Torres,98,5022,1712,2023
2023-01-01,5,Sarrià-Sant Gervasi,24,les Tres Torres,98,5023,1498,2023
2023-01-01,5,Sarrià-Sant Gervasi,24,les Tres Torres,98,5024,1903,2023
2023-01-01,5,Sarrià-Sant Gervasi,24,les Tres Torres,99,5025,1297,2023
2023-01-01,5,Sarrià-Sant Gervasi,24,les Tres Torres,99,5026,1430,2023
2023-01-01,5,Sarrià-Sant Gervasi,24,les Tres Torres,99,5027,1373,2023
2023-01-01,5,Sarrià-Sant Gervasi,24,les Tres Torres,99,5028,1664,2023
2023-01-01,5,Sarrià-Sant Gervasi,24,les Tres Torres,99,5029,1660,2023
2023-01-01,5,Sarrià-Sant Gervasi,24,les Tres Torres,99,5030,1382,2023
2023-01-01,5,Sarrià-Sant Gervasi,25,Sant Gervasi - la Bonanova,100,5031,1557,2023
2023-01-01,5,Sarrià-Sant Gervasi,25,Sant Gervasi - la Bonanova,100,5032,1837,2023
2023-01-01,5,Sarrià-Sant Gervasi,25,Sant Gervasi - la Bonanova,101,5033,1449,2023
2023-01-01,5,Sarrià-Sant Gervasi,25,Sant Gervasi - la Bonanova,101,5034,1172,2023
2023-01-01,5,Sarrià-Sant Gervasi,25,Sant Gervasi - la Bonanova,102,5035,1048,2023
2023-01-01,5,Sarrià-Sant Gervasi,25,Sant Gervasi - la Bonanova,102,5036,1775,2023
2023-01-01,5,Sarrià-Sant Gervasi,25,Sant Gervasi - la Bonanova,102,5037,1483,2023
2023-01-01,5,Sarrià-Sant Gervasi,25,Sant Gervasi - la Bonanova,102,5038,1391,2023
2023-01-01,5,Sarrià-Sant Gervasi,25,Sant Gervasi - la Bonanova,102,5039,1540,2023
2023-01-01,5,Sarrià-Sant Gervasi,25,Sant Gervasi - la Bonanova,102,5040,1473,2023
2023-01-01,5,Sarrià-Sant Gervasi,25,Sant Gervasi - la Bonanova,102,5041,2138,2023
2023-01-01,5,Sarrià-Sant Gervasi,25,Sant Gervasi - la Bonanova,103,5042,1304,2023
2023-01-01,5,Sarrià-Sant Gervasi,25,Sant Gervasi - la Bonanova,103,5043,1492,2023
2023-01-01,5,Sarrià-Sant Gervasi,25,Sant Gervasi - la Bonanova,103,5044,1302,2023
2023-01-01,5,Sarrià-Sant Gervasi,25,Sant Gervasi - la Bonanova,103,5045,1599,2023
2023-01-01,5,Sarrià-Sant Gervasi,25,Sant Gervasi - la Bonanova,103,5046,1146,2023
2023-01-01,5,Sarrià-Sant Gervasi,25,Sant Gervasi - la Bonanova,103,5047,1187,2023
2023-01-01,5,Sarrià-Sant Gervasi,25,Sant Gervasi - la Bonanova,103,5048,1242,2023
2023-01-01,5,Sarrià-Sant Gervasi,26,Sant Gervasi - Galvany,104,5049,1675,2023
2023-01-01,5,Sarrià-Sant Gervasi,26,Sant Gervasi - Galvany,104,5050,1638,2023
2023-01-01,5,Sarrià-Sant Gervasi,26,Sant Gervasi - Galvany,104,5051,1652,2023
2023-01-01,5,Sarrià-Sant Gervasi,26,Sant Gervasi - Galvany,104,5052,1442,2023
2023-01-01,5,Sarrià-Sant Gervasi,26,Sant Gervasi - Galvany,105,5053,1497,2023
2023-01-01,5,Sarrià-Sant Gervasi,26,Sant Gervasi - Galvany,105,5054,1032,2023
2023-01-01,5,Sarrià-Sant Gervasi,26,Sant Gervasi - Galvany,105,5055,1404,2023
2023-01-01,5,Sarrià-Sant Gervasi,26,Sant Gervasi - Galvany,106,5056,1217,2023
2023-01-01,5,Sarrià-Sant Gervasi,26,Sant Gervasi - Galvany,106,5057,1654,2023
2023-01-01,5,Sarrià-Sant Gervasi,26,Sant Gervasi - Galvany,106,5058,1571,2023
2023-01-01,5,Sarrià-Sant Gervasi,26,Sant Gervasi - Galvany,106,5059,1516,2023
2023-01-01,5,Sarrià-Sant Gervasi,26,Sant Gervasi - Galvany,106,5060,1156,2023
2023-01-01,5,Sarrià-Sant Gervasi,26,Sant Gervasi - Galvany,107,5061,1441,2023
2023-01-01,5,Sarrià-Sant Gervasi,26,Sant Gervasi - Galvany,107,5062,1625,2023
2023-01-01,5,Sarrià-Sant Gervasi,26,Sant Gervasi - Galvany,107,5063,1573,2023
2023-01-01,5,Sarrià-Sant Gervasi,26,Sant Gervasi - Galvany,107,5064,1632,2023
2023-01-01,5,Sarrià-Sant Gervasi,26,Sant Gervasi - Galvany,107,5065,1713,2023
2023-01-01,5,Sarrià-Sant Gervasi,26,Sant Gervasi - Galvany,108,5066,1322,2023
2023-01-01,5,Sarrià-Sant Gervasi,26,Sant Gervasi - Galvany,108,5067,1348,2023
2023-01-01,5,Sarrià-Sant Gervasi,26,Sant Gervasi - Galvany,108,5068,1574,2023
2023-01-01,5,Sarrià-Sant Gervasi,26,Sant Gervasi - Galvany,108,5069,1737,2023
2023-01-01,5,Sarrià-Sant Gervasi,26,Sant Gervasi - Galvany,109,5070,1466,2023
2023-01-01,5,Sarrià-Sant Gervasi,26,Sant Gervasi - Galvany,109,5071,1724,2023
2023-01-01,5,Sarrià-Sant Gervasi,26,Sant Gervasi - Galvany,109,5072,1707,2023
2023-01-01,5,Sarrià-Sant Gervasi,26,Sant Gervasi - Galvany,109,5073,1590,2023
2023-01-01,5,Sarrià-Sant Gervasi,26,Sant Gervasi - Galvany,109,5074,1652,2023
2023-01-01,5,Sarrià-Sant Gervasi,26,Sant Gervasi - Galvany,110,5075,1841,2023
2023-01-01,5,Sarrià-Sant Gervasi,26,Sant Gervasi - Galvany,110,5076,1420,2023
2023-01-01,5,Sarrià-Sant Gervasi,26,Sant Gervasi - Galvany,110,5077,1519,2023
2023-01-01,5,Sarrià-Sant Gervasi,26,Sant Gervasi - Galvany,110,5078,2093,2023
2023-01-01,5,Sarrià-Sant Gervasi,26,Sant Gervasi - Galvany,110,5079,1243,2023
2023-01-01,5,Sarrià-Sant Gervasi,27,el Putxet i el Farró,111,5080,1368,2023
2023-01-01,5,Sarrià-Sant Gervasi,27,el Putxet i el Farró,111,5081,1592,2023
2023-01-01,5,Sarrià-Sant Gervasi,27,el Putxet i el Farró,111,5082,1627,2023
2023-01-01,5,Sarrià-Sant Gervasi,27,el Putxet i el Farró,111,5083,1283,2023
2023-01-01,5,Sarrià-Sant Gervasi,27,el Putxet i el Farró,111,5084,1362,2023
2023-01-01,5,Sarrià-Sant Gervasi,27,el Putxet i el Farró,111,5085,1327,2023
2023-01-01,5,Sarrià-Sant Gervasi,27,el Putxet i el Farró,111,5086,1333,2023
2023-01-01,5,Sarrià-Sant Gervasi,27,el Putxet i el Farró,111,5087,1625,2023
2023-01-01,5,Sarrià-Sant Gervasi,27,el Putxet i el Farró,112,5088,1798,2023
2023-01-01,5,Sarrià-Sant Gervasi,27,el Putxet i el Farró,112,5089,1840,2023
2023-01-01,5,Sarrià-Sant Gervasi,27,el Putxet i el Farró,112,5090,1848,2023
2023-01-01,5,Sarrià-Sant Gervasi,27,el Putxet i el Farró,112,5091,1540,2023
2023-01-01,5,Sarrià-Sant Gervasi,27,el Putxet i el Farró,112,5092,1642,2023
2023-01-01,5,Sarrià-Sant Gervasi,27,el Putxet i el Farró,113,5093,1134,2023
2023-01-01,5,Sarrià-Sant Gervasi,27,el Putxet i el Farró,113,5094,2764,2023
2023-01-01,5,Sarrià-Sant Gervasi,27,el Putxet i el Farró,113,5095,1695,2023
2023-01-01,5,Sarrià-Sant Gervasi,27,el Putxet i el Farró,113,5096,1108,2023
2023-01-01,5,Sarrià-Sant Gervasi,27,el Putxet i el Farró,113,5097,1636,2023
2023-01-01,5,Sarrià-Sant Gervasi,27,el Putxet i el Farró,113,5098,1508,2023
2023-01-01,6,Gràcia,28,Vallcarca i els Penitents,114,6001,1231,2023
2023-01-01,6,Gràcia,28,Vallcarca i els Penitents,114,6002,1479,2023
2023-01-01,6,Gràcia,28,Vallcarca i els Penitents,114,6003,2383,2023
2023-01-01,6,Gràcia,28,Vallcarca i els Penitents,114,6004,1394,2023
2023-01-01,6,Gràcia,28,Vallcarca i els Penitents,115,6006,1024,2023
2023-01-01,6,Gràcia,28,Vallcarca i els Penitents,115,6007,2005,2023
2023-01-01,6,Gràcia,28,Vallcarca i els Penitents,115,6008,2001,2023
2023-01-01,6,Gràcia,28,Vallcarca i els Penitents,116,6009,1308,2023
2023-01-01,6,Gràcia,28,Vallcarca i els Penitents,116,6010,1007,2023
2023-01-01,6,Gràcia,28,Vallcarca i els Penitents,117,6011,1302,2023
2023-01-01,6,Gràcia,28,Vallcarca i els Penitents,117,6012,1196,2023
2023-01-01,6,Gràcia,29,el Coll,118,6013,1809,2023
2023-01-01,6,Gràcia,29,el Coll,118,6014,1429,2023
2023-01-01,6,Gràcia,29,el Coll,118,6015,1457,2023
2023-01-01,6,Gràcia,29,el Coll,118,6016,1612,2023
2023-01-01,6,Gràcia,29,el Coll,118,6017,1433,2023
2023-01-01,6,Gràcia,30,la Salut,119,6018,1342,2023
2023-01-01,6,Gràcia,30,la Salut,119,6019,1552,2023
2023-01-01,6,Gràcia,30,la Salut,119,6020,1198,2023
2023-01-01,6,Gràcia,30,la Salut,119,6021,1367,2023
2023-01-01,6,Gràcia,30,la Salut,120,6022,1372,2023
2023-01-01,6,Gràcia,30,la Salut,120,6023,1270,2023
2023-01-01,6,Gràcia,30,la Salut,120,6024,1700,2023
2023-01-01,6,Gràcia,30,la Salut,120,6025,1419,2023
2023-01-01,6,Gràcia,30,la Salut,120,6026,1089,2023
2023-01-01,6,Gràcia,30,la Salut,120,6027,1182,2023
2023-01-01,6,Gràcia,31,la Vila de Gràcia,121,6028,1344,2023
2023-01-01,6,Gràcia,31,la Vila de Gràcia,121,6029,1340,2023
2023-01-01,6,Gràcia,31,la Vila de Gràcia,121,6030,1364,2023
2023-01-01,6,Gràcia,31,la Vila de Gràcia,121,6031,1072,2023
2023-01-01,6,Gràcia,31,la Vila de Gràcia,121,6032,1145,2023
2023-01-01,6,Gràcia,31,la Vila de Gràcia,122,6033,1280,2023
2023-01-01,6,Gràcia,31,la Vila de Gràcia,122,6034,1145,2023
2023-01-01,6,Gràcia,31,la Vila de Gràcia,122,6035,1089,2023
2023-01-01,6,Gràcia,31,la Vila de Gràcia,122,6036,1412,2023
2023-01-01,6,Gràcia,31,la Vila de Gràcia,123,6037,1081,2023
2023-01-01,6,Gràcia,31,la Vila de Gràcia,123,6038,1517,2023
2023-01-01,6,Gràcia,31,la Vila de Gràcia,123,6039,1605,2023
2023-01-01,6,Gràcia,31,la Vila de Gràcia,124,6040,1672,2023
2023-01-01,6,Gràcia,31,la Vila de Gràcia,124,6041,1742,2023
2023-01-01,6,Gràcia,31,la Vila de Gràcia,124,6042,1707,2023
2023-01-01,6,Gràcia,31,la Vila de Gràcia,125,6043,1268,2023
2023-01-01,6,Gràcia,31,la Vila de Gràcia,125,6044,1638,2023
2023-01-01,6,Gràcia,31,la Vila de Gràcia,126,6045,1258,2023
2023-01-01,6,Gràcia,31,la Vila de Gràcia,126,6046,1084,2023
2023-01-01,6,Gràcia,31,la Vila de Gràcia,126,6047,1246,2023
2023-01-01,6,Gràcia,31,la Vila de Gràcia,126,6048,1404,2023
2023-01-01,6,Gràcia,31,la Vila de Gràcia,127,6049,1093,2023
2023-01-01,6,Gràcia,31,la Vila de Gràcia,127,6050,1315,2023
2023-01-01,6,Gràcia,31,la Vila de Gràcia,127,6051,1184,2023
2023-01-01,6,Gràcia,31,la Vila de Gràcia,128,6052,1450,2023
2023-01-01,6,Gràcia,31,la Vila de Gràcia,128,6053,1557,2023
2023-01-01,6,Gràcia,31,la Vila de Gràcia,128,6054,1583,2023
2023-01-01,6,Gràcia,31,la Vila de Gràcia,129,6055,1370,2023
2023-01-01,6,Gràcia,31,la Vila de Gràcia,129,6056,1607,2023
2023-01-01,6,Gràcia,31,la Vila de Gràcia,129,6057,1515,2023
2023-01-01,6,Gràcia,31,la Vila de Gràcia,129,6058,1706,2023
2023-01-01,6,Gràcia,31,la Vila de Gràcia,129,6059,1485,2023
2023-01-01,6,Gràcia,31,la Vila de Gràcia,130,6060,1725,2023
2023-01-01,6,Gràcia,31,la Vila de Gràcia,130,6061,1346,2023
2023-01-01,6,Gràcia,31,la Vila de Gràcia,130,6062,1248,2023
2023-01-01,6,Gràcia,31,la Vila de Gràcia,130,6063,1451,2023
2023-01-01,6,Gràcia,32,el Camp d'en Grassot i Gràcia Nova,131,6064,1934,2023
2023-01-01,6,Gràcia,32,el Camp d'en Grassot i Gràcia Nova,131,6065,1114,2023
2023-01-01,6,Gràcia,32,el Camp d'en Grassot i Gràcia Nova,131,6066,974,2023
2023-01-01,6,Gràcia,32,el Camp d'en Grassot i Gràcia Nova,131,6067,1800,2023
2023-01-01,6,Gràcia,32,el Camp d'en Grassot i Gràcia Nova,131,6068,1553,2023
2023-01-01,6,Gràcia,32,el Camp d'en Grassot i Gràcia Nova,131,6069,1047,2023
2023-01-01,6,Gràcia,32,el Camp d'en Grassot i Gràcia Nova,131,6070,1878,2023
2023-01-01,6,Gràcia,32,el Camp d'en Grassot i Gràcia Nova,132,6071,1076,2023
2023-01-01,6,Gràcia,32,el Camp d'en Grassot i Gràcia Nova,132,6072,1613,2023
2023-01-01,6,Gràcia,32,el Camp d'en Grassot i Gràcia Nova,132,6073,1280,2023
2023-01-01,6,Gràcia,32,el Camp d'en Grassot i Gràcia Nova,132,6074,1104,2023
2023-01-01,6,Gràcia,32,el Camp d'en Grassot i Gràcia Nova,132,6075,1055,2023
2023-01-01,6,Gràcia,32,el Camp d'en Grassot i Gràcia Nova,132,6076,1269,2023
2023-01-01,6,Gràcia,32,el Camp d'en Grassot i Gràcia Nova,133,6077,1160,2023
2023-01-01,6,Gràcia,32,el Camp d'en Grassot i Gràcia Nova,133,6078,1303,2023
2023-01-01,6,Gràcia,32,el Camp d'en Grassot i Gràcia Nova,133,6079,1133,2023
2023-01-01,6,Gràcia,32,el Camp d'en Grassot i Gràcia Nova,133,6080,1171,2023
2023-01-01,6,Gràcia,32,el Camp d'en Grassot i Gràcia Nova,133,6081,1310,2023
2023-01-01,6,Gràcia,32,el Camp d'en Grassot i Gràcia Nova,134,6082,3136,2023
2023-01-01,6,Gràcia,32,el Camp d'en Grassot i Gràcia Nova,134,6083,1643,2023
2023-01-01,6,Gràcia,32,el Camp d'en Grassot i Gràcia Nova,134,6084,1443,2023
2023-01-01,6,Gràcia,32,el Camp d'en Grassot i Gràcia Nova,134,6085,1311,2023
2023-01-01,6,Gràcia,32,el Camp d'en Grassot i Gràcia Nova,134,6086,969,2023
2023-01-01,6,Gràcia,32,el Camp d'en Grassot i Gràcia Nova,134,6087,1804,2023
2023-01-01,6,Gràcia,32,el Camp d'en Grassot i Gràcia Nova,134,6088,1239,2023
2023-01-01,7,Horta-Guinardó,33,el Baix Guinardó,135,7001,1551,2023
2023-01-01,7,Horta-Guinardó,33,el Baix Guinardó,135,7002,1096,2023
2023-01-01,7,Horta-Guinardó,33,el Baix Guinardó,135,7003,1347,2023
2023-01-01,7,Horta-Guinardó,33,el Baix Guinardó,135,7004,1542,2023
2023-01-01,7,Horta-Guinardó,33,el Baix Guinardó,135,7005,1445,2023
2023-01-01,7,Horta-Guinardó,33,el Baix Guinardó,135,7006,940,2023
2023-01-01,7,Horta-Guinardó,33,el Baix Guinardó,135,7007,1399,2023
2023-01-01,7,Horta-Guinardó,33,el Baix Guinardó,135,7008,1391,2023
2023-01-01,7,Horta-Guinardó,33,el Baix Guinardó,136,7009,1226,2023
2023-01-01,7,Horta-Guinardó,33,el Baix Guinardó,136,7010,1265,2023
2023-01-01,7,Horta-Guinardó,33,el Baix Guinardó,136,7011,1165,2023
2023-01-01,7,Horta-Guinardó,33,el Baix Guinardó,136,7012,1534,2023
2023-01-01,7,Horta-Guinardó,33,el Baix Guinardó,136,7013,1222,2023
2023-01-01,7,Horta-Guinardó,33,el Baix Guinardó,137,7014,857,2023
2023-01-01,7,Horta-Guinardó,33,el Baix Guinardó,137,7015,1384,2023
2023-01-01,7,Horta-Guinardó,33,el Baix Guinardó,137,7016,1349,2023
2023-01-01,7,Horta-Guinardó,33,el Baix Guinardó,137,7017,1773,2023
2023-01-01,7,Horta-Guinardó,33,el Baix Guinardó,137,7018,1684,2023
2023-01-01,7,Horta-Guinardó,33,el Baix Guinardó,137,7019,1549,2023
2023-01-01,7,Horta-Guinardó,34,Can Baró,138,7020,1738,2023
2023-01-01,7,Horta-Guinardó,34,Can Baró,138,7021,1088,2023
2023-01-01,7,Horta-Guinardó,34,Can Baró,138,7022,1147,2023
2023-01-01,7,Horta-Guinardó,34,Can Baró,138,7023,1279,2023
2023-01-01,7,Horta-Guinardó,34,Can Baró,138,7024,1523,2023
2023-01-01,7,Horta-Guinardó,34,Can Baró,138,7025,1529,2023
2023-01-01,7,Horta-Guinardó,34,Can Baró,138,7026,1117,2023
2023-01-01,7,Horta-Guinardó,35,el Guinardó,139,7027,2134,2023
2023-01-01,7,Horta-Guinardó,35,el Guinardó,139,7028,1495,2023
2023-01-01,7,Horta-Guinardó,35,el Guinardó,139,7029,1336,2023
2023-01-01,7,Horta-Guinardó,35,el Guinardó,139,7030,1449,2023
2023-01-01,7,Horta-Guinardó,35,el Guinardó,140,7031,1595,2023
2023-01-01,7,Horta-Guinardó,35,el Guinardó,140,7032,1455,2023
2023-01-01,7,Horta-Guinardó,35,el Guinardó,140,7033,1499,2023
2023-01-01,7,Horta-Guinardó,35,el Guinardó,140,7034,1801,2023
2023-01-01,7,Horta-Guinardó,35,el Guinardó,140,7035,1730,2023
2023-01-01,7,Horta-Guinardó,35,el Guinardó,140,7036,1447,2023
2023-01-01,7,Horta-Guinardó,35,el Guinardó,140,7037,1523,2023
2023-01-01,7,Horta-Guinardó,35,el Guinardó,140,7038,1279,2023
2023-01-01,7,Horta-Guinardó,35,el Guinardó,141,7039,1597,2023
2023-01-01,7,Horta-Guinardó,35,el Guinardó,141,7040,1482,2023
2023-01-01,7,Horta-Guinardó,35,el Guinardó,141,7041,1397,2023
2023-01-01,7,Horta-Guinardó,35,el Guinardó,142,7042,1590,2023
2023-01-01,7,Horta-Guinardó,35,el Guinardó,142,7043,1468,2023
2023-01-01,7,Horta-Guinardó,35,el Guinardó,142,7044,1307,2023
2023-01-01,7,Horta-Guinardó,35,el Guinardó,142,7045,1616,2023
2023-01-01,7,Horta-Guinardó,35,el Guinardó,142,7046,1349,2023
2023-01-01,7,Horta-Guinardó,35,el Guinardó,143,7047,1503,2023
2023-01-01,7,Horta-Guinardó,35,el Guinardó,143,7048,1307,2023
2023-01-01,7,Horta-Guinardó,35,el Guinardó,143,7049,1197,2023
2023-01-01,7,Horta-Guinardó,35,el Guinardó,143,7050,1208,2023
2023-01-01,7,Horta-Guinardó,35,el Guinardó,143,7051,1811,2023
2023-01-01,7,Horta-Guinardó,36,la Font d'en Fargues,144,7052,1303,2023
2023-01-01,7,Horta-Guinardó,36,la Font d'en Fargues,144,7053,1458,2023
2023-01-01,7,Horta-Guinardó,36,la Font d'en Fargues,144,7054,1666,2023
2023-01-01,7,Horta-Guinardó,36,la Font d'en Fargues,145,7055,1217,2023
2023-01-01,7,Horta-Guinardó,36,la Font d'en Fargues,145,7056,1217,2023
2023-01-01,7,Horta-Guinardó,36,la Font d'en Fargues,145,7057,1498,2023
2023-01-01,7,Horta-Guinardó,36,la Font d'en Fargues,145,7058,1350,2023
2023-01-01,7,Horta-Guinardó,37,el Carmel,146,7059,1334,2023
2023-01-01,7,Horta-Guinardó,37,el Carmel,146,7060,1890,2023
2023-01-01,7,Horta-Guinardó,37,el Carmel,147,7061,1170,2023
2023-01-01,7,Horta-Guinardó,37,el Carmel,147,7062,1336,2023
2023-01-01,7,Horta-Guinardó,37,el Carmel,147,7063,1473,2023
2023-01-01,7,Horta-Guinardó,37,el Carmel,147,7064,1709,2023
2023-01-01,7,Horta-Guinardó,37,el Carmel,147,7065,1735,2023
2023-01-01,7,Horta-Guinardó,37,el Carmel,147,7066,1795,2023
2023-01-01,7,Horta-Guinardó,37,el Carmel,147,7067,1595,2023
2023-01-01,7,Horta-Guinardó,37,el Carmel,147,7068,1327,2023
2023-01-01,7,Horta-Guinardó,37,el Carmel,147,7069,1446,2023
2023-01-01,7,Horta-Guinardó,37,el Carmel,147,7070,1409,2023
2023-01-01,7,Horta-Guinardó,37,el Carmel,148,7071,1351,2023
2023-01-01,7,Horta-Guinardó,37,el Carmel,148,7072,1440,2023
2023-01-01,7,Horta-Guinardó,37,el Carmel,148,7073,1157,2023
2023-01-01,7,Horta-Guinardó,37,el Carmel,148,7074,1684,2023
2023-01-01,7,Horta-Guinardó,37,el Carmel,148,7075,1218,2023
2023-01-01,7,Horta-Guinardó,37,el Carmel,148,7076,1387,2023
2023-01-01,7,Horta-Guinardó,37,el Carmel,148,7077,1322,2023
2023-01-01,7,Horta-Guinardó,37,el Carmel,148,7078,1403,2023
2023-01-01,7,Horta-Guinardó,37,el Carmel,148,7079,1524,2023
2023-01-01,7,Horta-Guinardó,37,el Carmel,148,7080,1807,2023
2023-01-01,7,Horta-Guinardó,38,la Teixonera,149,7081,1915,2023
2023-01-01,7,Horta-Guinardó,38,la Teixonera,149,7082,1238,2023
2023-01-01,7,Horta-Guinardó,38,la Teixonera,149,7083,1380,2023
2023-01-01,7,Horta-Guinardó,38,la Teixonera,149,7084,1386,2023
2023-01-01,7,Horta-Guinardó,38,la Teixonera,149,7085,1283,2023
2023-01-01,7,Horta-Guinardó,38,la Teixonera,149,7086,1496,2023
2023-01-01,7,Horta-Guinardó,38,la Teixonera,149,7087,1652,2023
2023-01-01,7,Horta-Guinardó,38,la Teixonera,149,7088,1737,2023
2023-01-01,7,Horta-Guinardó,39,Sant Genís dels Agudells,150,7089,1417,2023
2023-01-01,7,Horta-Guinardó,39,Sant Genís dels Agudells,150,7090,1480,2023
2023-01-01,7,Horta-Guinardó,39,Sant Genís dels Agudells,150,7091,1240,2023
2023-01-01,7,Horta-Guinardó,39,Sant Genís dels Agudells,150,7092,1501,2023
2023-01-01,7,Horta-Guinardó,39,Sant Genís dels Agudells,150,7093,1747,2023
2023-01-01,7,Horta-Guinardó,40,Montbau,151,7094,1269,2023
2023-01-01,7,Horta-Guinardó,40,Montbau,151,7095,1562,2023
2023-01-01,7,Horta-Guinardó,40,Montbau,151,7096,1461,2023
2023-01-01,7,Horta-Guinardó,40,Montbau,151,7097,882,2023
2023-01-01,7,Horta-Guinardó,41,la Vall d'Hebron,152,7098,2155,2023
2023-01-01,7,Horta-Guinardó,41,la Vall d'Hebron,152,7099,1025,2023
2023-01-01,7,Horta-Guinardó,41,la Vall d'Hebron,152,7100,1192,2023
2023-01-01,7,Horta-Guinardó,41,la Vall d'Hebron,152,7101,1502,2023
2023-01-01,7,Horta-Guinardó,42,la Clota,153,7102,699,2023
2023-01-01,7,Horta-Guinardó,43,Horta,154,7103,1538,2023
2023-01-01,7,Horta-Guinardó,43,Horta,154,7104,1573,2023
2023-01-01,7,Horta-Guinardó,43,Horta,154,7105,1034,2023
2023-01-01,7,Horta-Guinardó,43,Horta,154,7106,1202,2023
2023-01-01,7,Horta-Guinardó,43,Horta,154,7107,1176,2023
2023-01-01,7,Horta-Guinardó,43,Horta,154,7108,1256,2023
2023-01-01,7,Horta-Guinardó,43,Horta,154,7109,1678,2023
2023-01-01,7,Horta-Guinardó,43,Horta,154,7110,1003,2023
2023-01-01,7,Horta-Guinardó,43,Horta,154,7111,919,2023
2023-01-01,7,Horta-Guinardó,43,Horta,155,7112,1339,2023
2023-01-01,7,Horta-Guinardó,43,Horta,155,7113,1216,2023
2023-01-01,7,Horta-Guinardó,43,Horta,155,7114,1236,2023
2023-01-01,7,Horta-Guinardó,43,Horta,155,7115,1076,2023
2023-01-01,7,Horta-Guinardó,43,Horta,155,7116,1520,2023
2023-01-01,7,Horta-Guinardó,43,Horta,155,7117,3941,2023
2023-01-01,7,Horta-Guinardó,43,Horta,155,7118,1252,2023
2023-01-01,7,Horta-Guinardó,43,Horta,156,7119,1302,2023
2023-01-01,7,Horta-Guinardó,43,Horta,156,7120,1223,2023
2023-01-01,7,Horta-Guinardó,43,Horta,156,7121,1192,2023
2023-01-01,7,Horta-Guinardó,43,Horta,156,7122,1304,2023
2023-01-01,7,Horta-Guinardó,43,Horta,156,7123,1415,2023
2023-01-01,8,Nou Barris,44,Vilapicina i la Torre Llobeta,157,8001,1282,2023
2023-01-01,8,Nou Barris,44,Vilapicina i la Torre Llobeta,157,8002,1254,2023
2023-01-01,8,Nou Barris,44,Vilapicina i la Torre Llobeta,157,8003,1228,2023
2023-01-01,8,Nou Barris,44,Vilapicina i la Torre Llobeta,157,8004,1494,2023
2023-01-01,8,Nou Barris,44,Vilapicina i la Torre Llobeta,157,8005,1131,2023
2023-01-01,8,Nou Barris,44,Vilapicina i la Torre Llobeta,157,8006,1680,2023
2023-01-01,8,Nou Barris,44,Vilapicina i la Torre Llobeta,157,8007,1159,2023
2023-01-01,8,Nou Barris,44,Vilapicina i la Torre Llobeta,157,8008,1607,2023
2023-01-01,8,Nou Barris,44,Vilapicina i la Torre Llobeta,158,8009,1806,2023
2023-01-01,8,Nou Barris,44,Vilapicina i la Torre Llobeta,159,8010,1101,2023
2023-01-01,8,Nou Barris,44,Vilapicina i la Torre Llobeta,159,8011,1165,2023
2023-01-01,8,Nou Barris,44,Vilapicina i la Torre Llobeta,159,8012,1272,2023
2023-01-01,8,Nou Barris,44,Vilapicina i la Torre Llobeta,159,8013,1188,2023
2023-01-01,8,Nou Barris,44,Vilapicina i la Torre Llobeta,159,8014,1287,2023
2023-01-01,8,Nou Barris,44,Vilapicina i la Torre Llobeta,160,8015,1410,2023
2023-01-01,8,Nou Barris,44,Vilapicina i la Torre Llobeta,160,8016,1152,2023
2023-01-01,8,Nou Barris,44,Vilapicina i la Torre Llobeta,160,8017,1362,2023
2023-01-01,8,Nou Barris,44,Vilapicina i la Torre Llobeta,160,8018,1506,2023
2023-01-01,8,Nou Barris,44,Vilapicina i la Torre Llobeta,160,8019,1835,2023
2023-01-01,8,Nou Barris,45,Porta,161,8020,1368,2023
2023-01-01,8,Nou Barris,45,Porta,161,8021,1443,2023
2023-01-01,8,Nou Barris,45,Porta,161,8022,1211,2023
2023-01-01,8,Nou Barris,45,Porta,161,8023,1384,2023
2023-01-01,8,Nou Barris,45,Porta,161,8024,1352,2023
2023-01-01,8,Nou Barris,45,Porta,161,8025,1267,2023
2023-01-01,8,Nou Barris,45,Porta,161,8026,1378,2023
2023-01-01,8,Nou Barris,45,Porta,162,8027,1440,2023
2023-01-01,8,Nou Barris,45,Porta,162,8028,1079,2023
2023-01-01,8,Nou Barris,45,Porta,162,8029,1501,2023
2023-01-01,8,Nou Barris,45,Porta,162,8030,1471,2023
2023-01-01,8,Nou Barris,45,Porta,163,8031,1310,2023
2023-01-01,8,Nou Barris,45,Porta,163,8032,1260,2023
2023-01-01,8,Nou Barris,45,Porta,163,8033,1494,2023
2023-01-01,8,Nou Barris,45,Porta,163,8034,1233,2023
2023-01-01,8,Nou Barris,45,Porta,163,8035,5647,2023
2023-01-01,8,Nou Barris,45,Porta,163,8036,1548,2023
2023-01-01,8,Nou Barris,45,Porta,163,8037,1592,2023
2023-01-01,8,Nou Barris,46,el Turó de la Peira,164,8038,1634,2023
2023-01-01,8,Nou Barris,46,el Turó de la Peira,164,8039,1538,2023
2023-01-01,8,Nou Barris,46,el Turó de la Peira,164,8040,1973,2023
2023-01-01,8,Nou Barris,46,el Turó de la Peira,164,8041,2512,2023
2023-01-01,8,Nou Barris,46,el Turó de la Peira,164,8042,1242,2023
2023-01-01,8,Nou Barris,46,el Turó de la Peira,164,8043,1099,2023
2023-01-01,8,Nou Barris,46,el Turó de la Peira,165,8044,1361,2023
2023-01-01,8,Nou Barris,46,el Turó de la Peira,165,8045,1797,2023
2023-01-01,8,Nou Barris,46,el Turó de la Peira,165,8046,1484,2023
2023-01-01,8,Nou Barris,46,el Turó de la Peira,165,8047,1655,2023
2023-01-01,8,Nou Barris,47,Can Peguera,166,8048,973,2023
2023-01-01,8,Nou Barris,47,Can Peguera,166,8049,1197,2023
2023-01-01,8,Nou Barris,48,la Guineueta,167,8050,1354,2023
2023-01-01,8,Nou Barris,48,la Guineueta,167,8051,1347,2023
2023-01-01,8,Nou Barris,48,la Guineueta,167,8052,881,2023
2023-01-01,8,Nou Barris,48,la Guineueta,167,8053,1108,2023
2023-01-01,8,Nou Barris,48,la Guineueta,167,8054,1650,2023
2023-01-01,8,Nou Barris,48,la Guineueta,167,8055,1790,2023
2023-01-01,8,Nou Barris,48,la Guineueta,167,8215,1596,2023
2023-01-01,8,Nou Barris,48,la Guineueta,168,8056,1534,2023
2023-01-01,8,Nou Barris,48,la Guineueta,168,8057,1314,2023
2023-01-01,8,Nou Barris,48,la Guineueta,168,8058,1663,2023
2023-01-01,8,Nou Barris,48,la Guineueta,168,8059,1028,2023
2023-01-01,8,Nou Barris,49,Canyelles,169,8060,1184,2023
2023-01-01,8,Nou Barris,49,Canyelles,169,8061,1617,2023
2023-01-01,8,Nou Barris,49,Canyelles,169,8062,1124,2023
2023-01-01,8,Nou Barris,49,Canyelles,169,8063,1061,2023
2023-01-01,8,Nou Barris,49,Canyelles,169,8064,1800,2023
2023-01-01,8,Nou Barris,50,les Roquetes,170,8065,1765,2023
2023-01-01,8,Nou Barris,50,les Roquetes,170,8066,1606,2023
2023-01-01,8,Nou Barris,50,les Roquetes,170,8067,1822,2023
2023-01-01,8,Nou Barris,50,les Roquetes,170,8068,1856,2023
2023-01-01,8,Nou Barris,50,les Roquetes,170,8069,1588,2023
2023-01-01,8,Nou Barris,50,les Roquetes,171,8070,1480,2023
2023-01-01,8,Nou Barris,50,les Roquetes,171,8071,1730,2023
2023-01-01,8,Nou Barris,50,les Roquetes,171,8072,1206,2023
2023-01-01,8,Nou Barris,50,les Roquetes,171,8073,1888,2023
2023-01-01,8,Nou Barris,50,les Roquetes,171,8074,1582,2023
2023-01-01,8,Nou Barris,51,Verdun,172,8075,1911,2023
2023-01-01,8,Nou Barris,51,Verdun,172,8076,1583,2023
2023-01-01,8,Nou Barris,51,Verdun,172,8077,1411,2023
2023-01-01,8,Nou Barris,51,Verdun,173,8078,1596,2023
2023-01-01,8,Nou Barris,51,Verdun,173,8079,1442,2023
2023-01-01,8,Nou Barris,51,Verdun,173,8080,1537,2023
2023-01-01,8,Nou Barris,51,Verdun,173,8081,1682,2023
2023-01-01,8,Nou Barris,51,Verdun,173,8082,1612,2023
2023-01-01,8,Nou Barris,52,la Prosperitat,174,8083,1295,2023
2023-01-01,8,Nou Barris,52,la Prosperitat,174,8084,1114,2023
2023-01-01,8,Nou Barris,52,la Prosperitat,174,8085,1540,2023
2023-01-01,8,Nou Barris,52,la Prosperitat,174,8086,1687,2023
2023-01-01,8,Nou Barris,52,la Prosperitat,175,8087,1205,2023
2023-01-01,8,Nou Barris,52,la Prosperitat,175,8088,1288,2023
2023-01-01,8,Nou Barris,52,la Prosperitat,175,8089,1208,2023
2023-01-01,8,Nou Barris,52,la Prosperitat,175,8090,1208,2023
2023-01-01,8,Nou Barris,52,la Prosperitat,175,8091,1200,2023
2023-01-01,8,Nou Barris,52,la Prosperitat,176,8092,996,2023
2023-01-01,8,Nou Barris,52,la Prosperitat,176,8093,1284,2023
2023-01-01,8,Nou Barris,52,la Prosperitat,176,8094,1422,2023
2023-01-01,8,Nou Barris,52,la Prosperitat,176,8095,1103,2023
2023-01-01,8,Nou Barris,52,la Prosperitat,177,8096,1543,2023
2023-01-01,8,Nou Barris,52,la Prosperitat,177,8097,1287,2023
2023-01-01,8,Nou Barris,52,la Prosperitat,177,8098,1268,2023
2023-01-01,8,Nou Barris,52,la Prosperitat,177,8099,1449,2023
2023-01-01,8,Nou Barris,52,la Prosperitat,177,8100,1306,2023
2023-01-01,8,Nou Barris,52,la Prosperitat,177,8101,1708,2023
2023-01-01,8,Nou Barris,52,la Prosperitat,177,8102,1553,2023
2023-01-01,8,Nou Barris,53,la Trinitat Nova,178,8103,1681,2023
2023-01-01,8,Nou Barris,53,la Trinitat Nova,178,8104,1292,2023
2023-01-01,8,Nou Barris,53,la Trinitat Nova,178,8105,1428,2023
2023-01-01,8,Nou Barris,53,la Trinitat Nova,178,8106,1294,2023
2023-01-01,8,Nou Barris,53,la Trinitat Nova,178,8107,1929,2023
2023-01-01,8,Nou Barris,54,Torre Baró,179,8108,1986,2023
2023-01-01,8,Nou Barris,54,Torre Baró,179,8109,953,2023
2023-01-01,8,Nou Barris,55,Ciutat Meridiana,180,8110,1971,2023
2023-01-01,8,Nou Barris,55,Ciutat Meridiana,180,8111,1662,2023
2023-01-01,8,Nou Barris,55,Ciutat Meridiana,180,8112,1715,2023
2023-01-01,8,Nou Barris,55,Ciutat Meridiana,180,8113,1829,2023
2023-01-01,8,Nou Barris,55,Ciutat Meridiana,180,8114,1971,2023
2023-01-01,8,Nou Barris,55,Ciutat Meridiana,180,8115,1709,2023
2023-01-01,8,Nou Barris,56,Vallbona,181,8116,1421,2023
2023-01-01,9,Sant Andreu,57,la Trinitat Vella,182,9001,2693,2023
2023-01-01,9,Sant Andreu,57,la Trinitat Vella,182,9002,2184,2023
2023-01-01,9,Sant Andreu,57,la Trinitat Vella,182,9003,2160,2023
2023-01-01,9,Sant Andreu,57,la Trinitat Vella,182,9004,1617,2023
2023-01-01,9,Sant Andreu,57,la Trinitat Vella,182,9005,1632,2023
2023-01-01,9,Sant Andreu,58,Baró de Viver,183,9006,1266,2023
2023-01-01,9,Sant Andreu,58,Baró de Viver,183,9007,1316,2023
2023-01-01,9,Sant Andreu,59,el Bon Pastor,184,9008,1837,2023
2023-01-01,9,Sant Andreu,59,el Bon Pastor,184,9009,1420,2023
2023-01-01,9,Sant Andreu,59,el Bon Pastor,185,9010,1784,2023
2023-01-01,9,Sant Andreu,59,el Bon Pastor,185,9011,1627,2023
2023-01-01,9,Sant Andreu,59,el Bon Pastor,185,9013,2117,2023
2023-01-01,9,Sant Andreu,59,el Bon Pastor,185,9014,3746,2023
2023-01-01,9,Sant Andreu,59,el Bon Pastor,185,9015,1903,2023
2023-01-01,9,Sant Andreu,60,Sant Andreu,186,9016,1262,2023
2023-01-01,9,Sant Andreu,60,Sant Andreu,186,9017,1503,2023
2023-01-01,9,Sant Andreu,60,Sant Andreu,186,9018,1443,2023
2023-01-01,9,Sant Andreu,60,Sant Andreu,186,9019,2663,2023
2023-01-01,9,Sant Andreu,60,Sant Andreu,186,9020,1121,2023
2023-01-01,9,Sant Andreu,60,Sant Andreu,186,9021,1392,2023
2023-01-01,9,Sant Andreu,60,Sant Andreu,186,9022,1266,2023
2023-01-01,9,Sant Andreu,60,Sant Andreu,186,9023,1198,2023
2023-01-01,9,Sant Andreu,60,Sant Andreu,187,9024,1177,2023
2023-01-01,9,Sant Andreu,60,Sant Andreu,187,9025,1269,2023
2023-01-01,9,Sant Andreu,60,Sant Andreu,187,9026,1468,2023
2023-01-01,9,Sant Andreu,60,Sant Andreu,187,9027,1286,2023
2023-01-01,9,Sant Andreu,60,Sant Andreu,188,9028,1533,2023
2023-01-01,9,Sant Andreu,60,Sant Andreu,188,9029,1078,2023
2023-01-01,9,Sant Andreu,60,Sant Andreu,188,9030,1452,2023
2023-01-01,9,Sant Andreu,60,Sant Andreu,188,9031,1184,2023
2023-01-01,9,Sant Andreu,60,Sant Andreu,189,9032,2174,2023
2023-01-01,9,Sant Andreu,60,Sant Andreu,189,9033,3252,2023
2023-01-01,9,Sant Andreu,60,Sant Andreu,190,9034,1446,2023
2023-01-01,9,Sant Andreu,60,Sant Andreu,190,9035,1530,2023
2023-01-01,9,Sant Andreu,60,Sant Andreu,190,9036,1349,2023
2023-01-01,9,Sant Andreu,60,Sant Andreu,190,9037,1744,2023
2023-01-01,9,Sant Andreu,60,Sant Andreu,190,9038,1743,2023
2023-01-01,9,Sant Andreu,60,Sant Andreu,190,9039,1531,2023
2023-01-01,9,Sant Andreu,60,Sant Andreu,191,9040,1624,2023
2023-01-01,9,Sant Andreu,60,Sant Andreu,191,9041,1414,2023
2023-01-01,9,Sant Andreu,60,Sant Andreu,191,9042,1258,2023
2023-01-01,9,Sant Andreu,60,Sant Andreu,191,9043,1366,2023
2023-01-01,9,Sant Andreu,60,Sant Andreu,191,9044,1527,2023
2023-01-01,9,Sant Andreu,60,Sant Andreu,191,9045,1432,2023
2023-01-01,9,Sant Andreu,60,Sant Andreu,192,9046,1296,2023
2023-01-01,9,Sant Andreu,60,Sant Andreu,192,9047,1577,2023
2023-01-01,9,Sant Andreu,60,Sant Andreu,192,9048,1345,2023
2023-01-01,9,Sant Andreu,60,Sant Andreu,192,9049,1280,2023
2023-01-01,9,Sant Andreu,60,Sant Andreu,192,9050,1522,2023
2023-01-01,9,Sant Andreu,60,Sant Andreu,192,9051,1259,2023
2023-01-01,9,Sant Andreu,60,Sant Andreu,192,9052,1224,2023
2023-01-01,9,Sant Andreu,60,Sant Andreu,192,9053,1636,2023
2023-01-01,9,Sant Andreu,60,Sant Andreu,192,9054,1078,2023
2023-01-01,9,Sant Andreu,61,la Sagrera,193,9055,1806,2023
2023-01-01,9,Sant Andreu,61,la Sagrera,193,9056,1140,2023
2023-01-01,9,Sant Andreu,61,la Sagrera,193,9057,1694,2023
2023-01-01,9,Sant Andreu,61,la Sagrera,193,9058,1523,2023
2023-01-01,9,Sant Andreu,61,la Sagrera,193,9059,1435,2023
2023-01-01,9,Sant Andreu,61,la Sagrera,193,9060,1356,2023
2023-01-01,9,Sant Andreu,61,la Sagrera,193,9156,1260,2023
2023-01-01,9,Sant Andreu,61,la Sagrera,194,9061,1676,2023
2023-01-01,9,Sant Andreu,61,la Sagrera,194,9062,1543,2023
2023-01-01,9,Sant Andreu,61,la Sagrera,195,9063,1126,2023
2023-01-01,9,Sant Andreu,61,la Sagrera,195,9064,1146,2023
2023-01-01,9,Sant Andreu,61,la Sagrera,195,9065,2099,2023
2023-01-01,9,Sant Andreu,61,la Sagrera,195,9066,1433,2023
2023-01-01,9,Sant Andreu,61,la Sagrera,195,9067,1530,2023
2023-01-01,9,Sant Andreu,61,la Sagrera,196,9068,1524,2023
2023-01-01,9,Sant Andreu,61,la Sagrera,196,9069,941,2023
2023-01-01,9,Sant Andreu,61,la Sagrera,196,9070,1790,2023
2023-01-01,9,Sant Andreu,61,la Sagrera,196,9071,1892,2023
2023-01-01,9,Sant Andreu,61,la Sagrera,196,9072,1499,2023
2023-01-01,9,Sant Andreu,61,la Sagrera,196,9073,1495,2023
2023-01-01,9,Sant Andreu,62,el Congrés i els Indians,197,9074,1714,2023
2023-01-01,9,Sant Andreu,62,el Congrés i els Indians,197,9075,1577,2023
2023-01-01,9,Sant Andreu,62,el Congrés i els Indians,197,9076,1459,2023
2023-01-01,9,Sant Andreu,62,el Congrés i els Indians,197,9077,1620,2023
2023-01-01,9,Sant Andreu,62,el Congrés i els Indians,198,9078,1463,2023
2023-01-01,9,Sant Andreu,62,el Congrés i els Indians,198,9079,1667,2023
2023-01-01,9,Sant Andreu,62,el Congrés i els Indians,198,9080,1334,2023
2023-01-01,9,Sant Andreu,62,el Congrés i els Indians,198,9081,1726,2023
2023-01-01,9,Sant Andreu,62,el Congrés i els Indians,198,9082,2063,2023
2023-01-01,9,Sant Andreu,63,Navas,199,9083,1628,2023
2023-01-01,9,Sant Andreu,63,Navas,199,9084,1717,2023
2023-01-01,9,Sant Andreu,63,Navas,199,9085,1788,2023
2023-01-01,9,Sant Andreu,63,Navas,199,9086,1494,2023
2023-01-01,9,Sant Andreu,63,Navas,199,9087,1296,2023
2023-01-01,9,Sant Andreu,63,Navas,199,9088,1903,2023
2023-01-01,9,Sant Andreu,63,Navas,199,9089,1499,2023
2023-01-01,9,Sant Andreu,63,Navas,200,9090,1505,2023
2023-01-01,9,Sant Andreu,63,Navas,200,9091,1836,2023
2023-01-01,9,Sant Andreu,63,Navas,200,9092,1925,2023
2023-01-01,9,Sant Andreu,63,Navas,200,9093,1299,2023
2023-01-01,9,Sant Andreu,63,Navas,200,9094,2005,2023
2023-01-01,9,Sant Andreu,63,Navas,200,9095,2169,2023
2023-01-01,10,Sant Martí,64,el Camp de l'Arpa del Clot,201,10001,1626,2023
2023-01-01,10,Sant Martí,64,el Camp de l'Arpa del Clot,201,10002,1827,2023
2023-01-01,10,Sant Martí,64,el Camp de l'Arpa del Clot,201,10003,1601,2023
2023-01-01,10,Sant Martí,64,el Camp de l'Arpa del Clot,201,10004,1580,2023
2023-01-01,10,Sant Martí,64,el Camp de l'Arpa del Clot,201,10005,1608,2023
2023-01-01,10,Sant Martí,64,el Camp de l'Arpa del Clot,202,10006,1859,2023
2023-01-01,10,Sant Martí,64,el Camp de l'Arpa del Clot,202,10007,1295,2023
2023-01-01,10,Sant Martí,64,el Camp de l'Arpa del Clot,202,10008,1699,2023
2023-01-01,10,Sant Martí,64,el Camp de l'Arpa del Clot,202,10009,1649,2023
2023-01-01,10,Sant Martí,64,el Camp de l'Arpa del Clot,202,10010,1725,2023
2023-01-01,10,Sant Martí,64,el Camp de l'Arpa del Clot,202,10011,1175,2023
2023-01-01,10,Sant Martí,64,el Camp de l'Arpa del Clot,203,10012,1756,2023
2023-01-01,10,Sant Martí,64,el Camp de l'Arpa del Clot,203,10013,1344,2023
2023-01-01,10,Sant Martí,64,el Camp de l'Arpa del Clot,203,10014,1459,2023
2023-01-01,10,Sant Martí,64,el Camp de l'Arpa del Clot,203,10015,1921,2023
2023-01-01,10,Sant Martí,64,el Camp de l'Arpa del Clot,203,10016,1193,2023
2023-01-01,10,Sant Martí,64,el Camp de l'Arpa del Clot,203,10017,1678,2023
2023-01-01,10,Sant Martí,64,el Camp de l'Arpa del Clot,203,10018,1473,2023
2023-01-01,10,Sant Martí,64,el Camp de l'Arpa del Clot,204,10019,1554,2023
2023-01-01,10,Sant Martí,64,el Camp de l'Arpa del Clot,204,10020,1457,2023
2023-01-01,10,Sant Martí,64,el Camp de l'Arpa del Clot,204,10021,1300,2023
2023-01-01,10,Sant Martí,64,el Camp de l'Arpa del Clot,204,10022,1335,2023
2023-01-01,10,Sant Martí,64,el Camp de l'Arpa del Clot,204,10023,1426,2023
2023-01-01,10,Sant Martí,64,el Camp de l'Arpa del Clot,204,10024,1507,2023
2023-01-01,10,Sant Martí,64,el Camp de l'Arpa del Clot,204,10025,1296,2023
2023-01-01,10,Sant Martí,65,el Clot,205,10026,1616,2023
2023-01-01,10,Sant Martí,65,el Clot,205,10027,1529,2023
2023-01-01,10,Sant Martí,65,el Clot,205,10028,1747,2023
2023-01-01,10,Sant Martí,65,el Clot,205,10029,1418,2023
2023-01-01,10,Sant Martí,65,el Clot,205,10030,1738,2023
2023-01-01,10,Sant Martí,65,el Clot,205,10031,1496,2023
2023-01-01,10,Sant Martí,65,el Clot,206,10032,1366,2023
2023-01-01,10,Sant Martí,65,el Clot,206,10033,875,2023
2023-01-01,10,Sant Martí,65,el Clot,206,10034,1655,2023
2023-01-01,10,Sant Martí,65,el Clot,206,10035,1928,2023
2023-01-01,10,Sant Martí,65,el Clot,206,10036,1430,2023
2023-01-01,10,Sant Martí,65,el Clot,206,10037,1030,2023
2023-01-01,10,Sant Martí,65,el Clot,206,10234,1742,2023
2023-01-01,10,Sant Martí,65,el Clot,207,10038,1658,2023
2023-01-01,10,Sant Martí,65,el Clot,207,10039,1822,2023
2023-01-01,10,Sant Martí,65,el Clot,207,10040,1820,2023
2023-01-01,10,Sant Martí,65,el Clot,207,10041,1600,2023
2023-01-01,10,Sant Martí,66,el Parc i la Llacuna del Poblenou,208,10042,3423,2023
2023-01-01,10,Sant Martí,66,el Parc i la Llacuna del Poblenou,208,10043,2785,2023
2023-01-01,10,Sant Martí,66,el Parc i la Llacuna del Poblenou,209,10044,1574,2023
2023-01-01,10,Sant Martí,66,el Parc i la Llacuna del Poblenou,209,10045,1269,2023
2023-01-01,10,Sant Martí,66,el Parc i la Llacuna del Poblenou,209,10046,1228,2023
2023-01-01,10,Sant Martí,66,el Parc i la Llacuna del Poblenou,209,10047,1695,2023
2023-01-01,10,Sant Martí,66,el Parc i la Llacuna del Poblenou,209,10048,1634,2023
2023-01-01,10,Sant Martí,66,el Parc i la Llacuna del Poblenou,209,10049,1261,2023
2023-01-01,10,Sant Martí,66,el Parc i la Llacuna del Poblenou,209,10050,1544,2023
2023-01-01,10,Sant Martí,67,la Vila Olímpica del Poblenou,210,10051,1664,2023
2023-01-01,10,Sant Martí,67,la Vila Olímpica del Poblenou,210,10052,2383,2023
2023-01-01,10,Sant Martí,67,la Vila Olímpica del Poblenou,210,10053,1706,2023
2023-01-01,10,Sant Martí,67,la Vila Olímpica del Poblenou,210,10054,980,2023
2023-01-01,10,Sant Martí,67,la Vila Olímpica del Poblenou,211,10055,2605,2023
2023-01-01,10,Sant Martí,68,el Poblenou,212,10056,1821,2023
2023-01-01,10,Sant Martí,68,el Poblenou,212,10057,1413,2023
2023-01-01,10,Sant Martí,68,el Poblenou,212,10058,1122,2023
2023-01-01,10,Sant Martí,68,el Poblenou,213,10059,1798,2023
2023-01-01,10,Sant Martí,68,el Poblenou,213,10060,1696,2023
2023-01-01,10,Sant Martí,68,el Poblenou,213,10061,1765,2023
2023-01-01,10,Sant Martí,68,el Poblenou,213,10062,1516,2023
2023-01-01,10,Sant Martí,68,el Poblenou,214,10063,1222,2023
2023-01-01,10,Sant Martí,68,el Poblenou,214,10064,1636,2023
2023-01-01,10,Sant Martí,68,el Poblenou,214,10065,1579,2023
2023-01-01,10,Sant Martí,68,el Poblenou,214,10066,2087,2023
2023-01-01,10,Sant Martí,68,el Poblenou,214,10067,1922,2023
2023-01-01,10,Sant Martí,68,el Poblenou,214,10068,1613,2023
2023-01-01,10,Sant Martí,68,el Poblenou,215,10069,2778,2023
2023-01-01,10,Sant Martí,68,el Poblenou,215,10070,1630,2023
2023-01-01,10,Sant Martí,68,el Poblenou,215,10071,1776,2023
2023-01-01,10,Sant Martí,68,el Poblenou,215,10072,2059,2023
2023-01-01,10,Sant Martí,68,el Poblenou,215,10073,1454,2023
2023-01-01,10,Sant Martí,68,el Poblenou,215,10074,1745,2023
2023-01-01,10,Sant Martí,68,el Poblenou,215,10075,1519,2023
2023-01-01,10,Sant Martí,69,Diagonal Mar i el Front Marítim del Poblenou,216,10076,2278,2023
2023-01-01,10,Sant Martí,69,Diagonal Mar i el Front Marítim del Poblenou,216,10235,1304,2023
2023-01-01,10,Sant Martí,69,Diagonal Mar i el Front Marítim del Poblenou,216,10236,1568,2023
2023-01-01,10,Sant Martí,69,Diagonal Mar i el Front Marítim del Poblenou,217,10077,1806,2023
2023-01-01,10,Sant Martí,69,Diagonal Mar i el Front Marítim del Poblenou,217,10078,2454,2023
2023-01-01,10,Sant Martí,69,Diagonal Mar i el Front Marítim del Poblenou,217,10079,1708,2023
2023-01-01,10,Sant Martí,69,Diagonal Mar i el Front Marítim del Poblenou,218,10080,2335,2023
2023-01-01,10,Sant Martí,70,el Besòs i el Maresme,219,10081,2183,2023
2023-01-01,10,Sant Martí,70,el Besòs i el Maresme,219,10082,1968,2023
2023-01-01,10,Sant Martí,70,el Besòs i el Maresme,219,10083,2193,2023
2023-01-01,10,Sant Martí,70,el Besòs i el Maresme,219,10084,1685,2023
2023-01-01,10,Sant Martí,70,el Besòs i el Maresme,220,10085,2089,2023
2023-01-01,10,Sant Martí,70,el Besòs i el Maresme,220,10086,1973,2023
2023-01-01,10,Sant Martí,70,el Besòs i el Maresme,220,10087,1867,2023
2023-01-01,10,Sant Martí,70,el Besòs i el Maresme,220,10088,1652,2023
2023-01-01,10,Sant Martí,70,el Besòs i el Maresme,221,10089,6120,2023
2023-01-01,10,Sant Martí,70,el Besòs i el Maresme,222,10090,1503,2023
2023-01-01,10,Sant Martí,70,el Besòs i el Maresme,222,10091,1975,2023
2023-01-01,10,Sant Martí,70,el Besòs i el Maresme,222,10092,1449,2023
2023-01-01,10,Sant Martí,70,el Besòs i el Maresme,222,10093,1235,2023
2023-01-01,10,Sant Martí,71,Provençals del Poblenou,223,10094,3192,2023
2023-01-01,10,Sant Martí,71,Provençals del Poblenou,223,10095,1311,2023
2023-01-01,10,Sant Martí,71,Provençals del Poblenou,224,10096,1684,2023
2023-01-01,10,Sant Martí,71,Provençals del Poblenou,224,10097,1571,2023
2023-01-01,10,Sant Martí,71,Provençals del Poblenou,224,10098,1739,2023
2023-01-01,10,Sant Martí,71,Provençals del Poblenou,224,10099,1099,2023
2023-01-01,10,Sant Martí,71,Provençals del Poblenou,224,10100,1695,2023
2023-01-01,10,Sant Martí,71,Provençals del Poblenou,225,10101,1742,2023
2023-01-01,10,Sant Martí,71,Provençals del Poblenou,225,10102,2639,2023
2023-01-01,10,Sant Martí,71,Provençals del Poblenou,225,10103,2145,2023
2023-01-01,10,Sant Martí,71,Provençals del Poblenou,225,10104,1553,2023
2023-01-01,10,Sant Martí,71,Provençals del Poblenou,225,10237,903,2023
2023-01-01,10,Sant Martí,72,Sant Martí de Provençals,226,10105,2142,2023
2023-01-01,10,Sant Martí,72,Sant Martí de Provençals,226,10106,999,2023
2023-01-01,10,Sant Martí,72,Sant Martí de Provençals,226,10107,1495,2023
2023-01-01,10,Sant Martí,72,Sant Martí de Provençals,226,10108,1318,2023
2023-01-01,10,Sant Martí,72,Sant Martí de Provençals,226,10109,1635,2023
2023-01-01,10,Sant Martí,72,Sant Martí de Provençals,226,10110,1857,2023
2023-01-01,10,Sant Martí,72,Sant Martí de Provençals,227,10111,1277,2023
2023-01-01,10,Sant Martí,72,Sant Martí de Provençals,227,10112,1516,2023
2023-01-01,10,Sant Martí,72,Sant Martí de Provençals,227,10113,1193,2023
2023-01-01,10,Sant Martí,72,Sant Martí de Provençals,227,10114,1573,2023
2023-01-01,10,Sant Martí,72,Sant Martí de Provençals,228,10115,1405,2023
2023-01-01,10,Sant Martí,72,Sant Martí de Provençals,228,10116,1785,2023
2023-01-01,10,Sant Martí,72,Sant Martí de Provençals,228,10117,1249,2023
2023-01-01,10,Sant Martí,72,Sant Martí de Provençals,228,10118,996,2023
2023-01-01,10,Sant Martí,72,Sant Martí de Provençals,228,10119,1151,2023
2023-01-01,10,Sant Martí,72,Sant Martí de Provençals,229,10120,1487,2023
2023-01-01,10,Sant Martí,72,Sant Martí de Provençals,229,10121,1607,2023
2023-01-01,10,Sant Martí,72,Sant Martí de Provençals,229,10122,1484,2023
2023-01-01,10,Sant Martí,73,la Verneda i la Pau,230,10123,1326,2023
2023-01-01,10,Sant Martí,73,la Verneda i la Pau,230,10124,1055,2023
2023-01-01,10,Sant Martí,73,la Verneda i la Pau,230,10125,1097,2023
2023-01-01,10,Sant Martí,73,la Verneda i la Pau,230,10126,1008,2023
2023-01-01,10,Sant Martí,73,la Verneda i la Pau,230,10127,1018,2023
2023-01-01,10,Sant Martí,73,la Verneda i la Pau,230,10128,1516,2023
2023-01-01,10,Sant Martí,73,la Verneda i la Pau,230,10129,1121,2023
2023-01-01,10,Sant Martí,73,la Verneda i la Pau,231,10130,1219,2023
2023-01-01,10,Sant Martí,73,la Verneda i la Pau,231,10131,1090,2023
2023-01-01,10,Sant Martí,73,la Verneda i la Pau,231,10132,1272,2023
2023-01-01,10,Sant Martí,73,la Verneda i la Pau,231,10133,1761,2023
2023-01-01,10,Sant Martí,73,la Verneda i la Pau,231,10134,1564,2023
2023-01-01,10,Sant Martí,73,la Verneda i la Pau,231,10135,1250,2023
2023-01-01,10,Sant Martí,73,la Verneda i la Pau,232,10136,1379,2023
2023-01-01,10,Sant Martí,73,la Verneda i la Pau,232,10137,1578,2023
2023-01-01,10,Sant Martí,73,la Verneda i la Pau,232,10138,2076,2023
2023-01-01,10,Sant Martí,73,la Verneda i la Pau,232,10139,1707,2023
2023-01-01,10,Sant Martí,73,la Verneda i la Pau,233,10140,1646,2023
2023-01-01,10,Sant Martí,73,la Verneda i la Pau,233,10141,1140,2023
2023-01-01,10,Sant Martí,73,la Verneda i la Pau,233,10142,1625,2023
2023-01-01,10,Sant Martí,73,la Verneda i la Pau,233,10143,1802,2023
2024-01-01,1,Ciutat Vella,1,el Raval,1,1001,1309,2024
2024-01-01,1,Ciutat Vella,1,el Raval,1,1002,1282,2024
2024-01-01,1,Ciutat Vella,1,el Raval,2,1003,3500,2024
2024-01-01,1,Ciutat Vella,1,el Raval,2,1004,2999,2024
2024-01-01,1,Ciutat Vella,1,el Raval,3,1005,2326,2024
2024-01-01,1,Ciutat Vella,1,el Raval,3,1006,1617,2024
2024-01-01,1,Ciutat Vella,1,el Raval,3,1007,2003,2024
2024-01-01,1,Ciutat Vella,1,el Raval,4,1008,3203,2024
2024-01-01,1,Ciutat Vella,1,el Raval,4,1009,2117,2024
2024-01-01,1,Ciutat Vella,1,el Raval,4,1010,2449,2024
2024-01-01,1,Ciutat Vella,1,el Raval,5,1011,3091,2024
2024-01-01,1,Ciutat Vella,1,el Raval,5,1012,1914,2024
2024-01-01,1,Ciutat Vella,1,el Raval,5,1013,1471,2024
2024-01-01,1,Ciutat Vella,1,el Raval,6,1014,1786,2024
2024-01-01,1,Ciutat Vella,1,el Raval,6,1015,2334,2024
2024-01-01,1,Ciutat Vella,1,el Raval,6,1016,2089,2024
2024-01-01,1,Ciutat Vella,1,el Raval,6,1017,2523,2024
2024-01-01,1,Ciutat Vella,1,el Raval,7,1018,1550,2024
2024-01-01,1,Ciutat Vella,1,el Raval,7,1019,2827,2024
2024-01-01,1,Ciutat Vella,1,el Raval,7,1020,2325,2024
2024-01-01,1,Ciutat Vella,1,el Raval,8,1021,2219,2024
2024-01-01,1,Ciutat Vella,2,el Barri Gòtic,9,1022,1749,2024
2024-01-01,1,Ciutat Vella,2,el Barri Gòtic,9,1023,2040,2024
2024-01-01,1,Ciutat Vella,2,el Barri Gòtic,10,1025,1377,2024
2024-01-01,1,Ciutat Vella,2,el Barri Gòtic,10,1026,13115,2024
2024-01-01,1,Ciutat Vella,2,el Barri Gòtic,10,1027,1522,2024
2024-01-01,1,Ciutat Vella,2,el Barri Gòtic,11,1028,1939,2024
2024-01-01,1,Ciutat Vella,2,el Barri Gòtic,11,1029,1449,2024
2024-01-01,1,Ciutat Vella,2,el Barri Gòtic,12,1030,2484,2024
2024-01-01,1,Ciutat Vella,2,el Barri Gòtic,12,1031,1547,2024
2024-01-01,1,Ciutat Vella,3,la Barceloneta,13,1032,1735,2024
2024-01-01,1,Ciutat Vella,3,la Barceloneta,13,1033,1088,2024
2024-01-01,1,Ciutat Vella,3,la Barceloneta,13,1034,972,2024
2024-01-01,1,Ciutat Vella,3,la Barceloneta,14,1035,1187,2024
2024-01-01,1,Ciutat Vella,3,la Barceloneta,14,1036,1191,2024
2024-01-01,1,Ciutat Vella,3,la Barceloneta,15,1037,1284,2024
2024-01-01,1,Ciutat Vella,3,la Barceloneta,15,1038,1461,2024
2024-01-01,1,Ciutat Vella,3,la Barceloneta,15,1039,1310,2024
2024-01-01,1,Ciutat Vella,3,la Barceloneta,15,1040,1080,2024
2024-01-01,1,Ciutat Vella,3,la Barceloneta,15,1041,1475,2024
2024-01-01,1,Ciutat Vella,3,la Barceloneta,15,1042,1743,2024
2024-01-01,1,Ciutat Vella,4,"Sant Pere, Santa Caterina i la Ribera",16,1043,1637,2024
2024-01-01,1,Ciutat Vella,4,"Sant Pere, Santa Caterina i la Ribera",16,1044,1462,2024
2024-01-01,1,Ciutat Vella,4,"Sant Pere, Santa Caterina i la Ribera",16,1045,1971,2024
2024-01-01,1,Ciutat Vella,4,"Sant Pere, Santa Caterina i la Ribera",16,1046,1860,2024
2024-01-01,1,Ciutat Vella,4,"Sant Pere, Santa Caterina i la Ribera",17,1047,1743,2024
2024-01-01,1,Ciutat Vella,4,"Sant Pere, Santa Caterina i la Ribera",17,1048,2097,2024
2024-01-01,1,Ciutat Vella,4,"Sant Pere, Santa Caterina i la Ribera",17,1049,1521,2024
2024-01-01,1,Ciutat Vella,4,"Sant Pere, Santa Caterina i la Ribera",18,1050,1604,2024
2024-01-01,1,Ciutat Vella,4,"Sant Pere, Santa Caterina i la Ribera",18,1051,1763,2024
2024-01-01,1,Ciutat Vella,4,"Sant Pere, Santa Caterina i la Ribera",18,1052,2396,2024
2024-01-01,1,Ciutat Vella,4,"Sant Pere, Santa Caterina i la Ribera",19,1053,1848,2024
2024-01-01,1,Ciutat Vella,4,"Sant Pere, Santa Caterina i la Ribera",19,1054,1274,2024
2024-01-01,1,Ciutat Vella,4,"Sant Pere, Santa Caterina i la Ribera",19,1055,1297,2024
2024-01-01,2,Eixample,5,el Fort Pienc,20,2001,1351,2024
2024-01-01,2,Eixample,5,el Fort Pienc,20,2002,6059,2024
2024-01-01,2,Eixample,5,el Fort Pienc,20,2003,1180,2024
2024-01-01,2,Eixample,5,el Fort Pienc,20,2004,1494,2024
2024-01-01,2,Eixample,5,el Fort Pienc,20,2005,2051,2024
2024-01-01,2,Eixample,5,el Fort Pienc,20,2006,1661,2024
2024-01-01,2,Eixample,5,el Fort Pienc,20,2007,1209,2024
2024-01-01,2,Eixample,5,el Fort Pienc,20,2008,1945,2024
2024-01-01,2,Eixample,5,el Fort Pienc,20,2009,1794,2024
2024-01-01,2,Eixample,5,el Fort Pienc,21,2010,1235,2024
2024-01-01,2,Eixample,5,el Fort Pienc,21,2011,1145,2024
2024-01-01,2,Eixample,5,el Fort Pienc,21,2012,1604,2024
2024-01-01,2,Eixample,5,el Fort Pienc,21,2013,1163,2024
2024-01-01,2,Eixample,5,el Fort Pienc,22,2014,1371,2024
2024-01-01,2,Eixample,5,el Fort Pienc,22,2015,1608,2024
2024-01-01,2,Eixample,5,el Fort Pienc,22,2016,1861,2024
2024-01-01,2,Eixample,5,el Fort Pienc,22,2017,1950,2024
2024-01-01,2,Eixample,5,el Fort Pienc,22,2018,1863,2024
2024-01-01,2,Eixample,5,el Fort Pienc,22,2019,1969,2024
2024-01-01,2,Eixample,5,el Fort Pienc,22,2020,1606,2024
2024-01-01,2,Eixample,6,la Sagrada Família,23,2021,1529,2024
2024-01-01,2,Eixample,6,la Sagrada Família,23,2022,1345,2024
2024-01-01,2,Eixample,6,la Sagrada Família,23,2023,1033,2024
2024-01-01,2,Eixample,6,la Sagrada Família,23,2024,1175,2024
2024-01-01,2,Eixample,6,la Sagrada Família,24,2025,1134,2024
2024-01-01,2,Eixample,6,la Sagrada Família,24,2026,2074,2024
2024-01-01,2,Eixample,6,la Sagrada Família,24,2027,2143,2024
2024-01-01,2,Eixample,6,la Sagrada Família,24,2028,2073,2024
2024-01-01,2,Eixample,6,la Sagrada Família,24,2029,1246,2024
2024-01-01,2,Eixample,6,la Sagrada Família,24,2030,1413,2024
2024-01-01,2,Eixample,6,la Sagrada Família,24,2031,1036,2024
2024-01-01,2,Eixample,6,la Sagrada Família,24,2032,1223,2024
2024-01-01,2,Eixample,6,la Sagrada Família,25,2033,1177,2024
2024-01-01,2,Eixample,6,la Sagrada Família,25,2034,1211,2024
2024-01-01,2,Eixample,6,la Sagrada Família,25,2035,1339,2024
2024-01-01,2,Eixample,6,la Sagrada Família,25,2036,1215,2024
2024-01-01,2,Eixample,6,la Sagrada Família,25,2037,1144,2024
2024-01-01,2,Eixample,6,la Sagrada Família,25,2038,1528,2024
2024-01-01,2,Eixample,6,la Sagrada Família,25,2039,1876,2024
2024-01-01,2,Eixample,6,la Sagrada Família,25,2040,1783,2024
2024-01-01,2,Eixample,6,la Sagrada Família,26,2041,1693,2024
2024-01-01,2,Eixample,6,la Sagrada Família,26,2042,1708,2024
2024-01-01,2,Eixample,6,la Sagrada Família,26,2043,1514,2024
2024-01-01,2,Eixample,6,la Sagrada Família,26,2044,1326,2024
2024-01-01,2,Eixample,6,la Sagrada Família,26,2045,1169,2024
2024-01-01,2,Eixample,6,la Sagrada Família,26,2046,2002,2024
2024-01-01,2,Eixample,6,la Sagrada Família,26,2047,1991,2024
2024-01-01,2,Eixample,6,la Sagrada Família,26,2048,1311,2024
2024-01-01,2,Eixample,6,la Sagrada Família,27,2049,2087,2024
2024-01-01,2,Eixample,6,la Sagrada Família,27,2050,1686,2024
2024-01-01,2,Eixample,6,la Sagrada Família,27,2051,1926,2024
2024-01-01,2,Eixample,6,la Sagrada Família,27,2052,1824,2024
2024-01-01,2,Eixample,6,la Sagrada Família,27,2053,1899,2024
2024-01-01,2,Eixample,6,la Sagrada Família,27,2054,1992,2024
2024-01-01,2,Eixample,7,la Dreta de l'Eixample,28,2055,1837,2024
2024-01-01,2,Eixample,7,la Dreta de l'Eixample,28,2056,1540,2024
2024-01-01,2,Eixample,7,la Dreta de l'Eixample,28,2057,1254,2024
2024-01-01,2,Eixample,7,la Dreta de l'Eixample,28,2058,1449,2024
2024-01-01,2,Eixample,7,la Dreta de l'Eixample,28,2059,1736,2024
2024-01-01,2,Eixample,7,la Dreta de l'Eixample,28,2060,1683,2024
2024-01-01,2,Eixample,7,la Dreta de l'Eixample,29,2061,1384,2024
2024-01-01,2,Eixample,7,la Dreta de l'Eixample,29,2062,1579,2024
2024-01-01,2,Eixample,7,la Dreta de l'Eixample,29,2063,1226,2024
2024-01-01,2,Eixample,7,la Dreta de l'Eixample,29,2064,1298,2024
2024-01-01,2,Eixample,7,la Dreta de l'Eixample,29,2065,1817,2024
2024-01-01,2,Eixample,7,la Dreta de l'Eixample,30,2066,1757,2024
2024-01-01,2,Eixample,7,la Dreta de l'Eixample,30,2067,1715,2024
2024-01-01,2,Eixample,7,la Dreta de l'Eixample,30,2068,1696,2024
2024-01-01,2,Eixample,7,la Dreta de l'Eixample,30,2069,1417,2024
2024-01-01,2,Eixample,7,la Dreta de l'Eixample,31,2070,1269,2024
2024-01-01,2,Eixample,7,la Dreta de l'Eixample,31,2071,1634,2024
2024-01-01,2,Eixample,7,la Dreta de l'Eixample,31,2072,1249,2024
2024-01-01,2,Eixample,7,la Dreta de l'Eixample,32,2073,1695,2024
2024-01-01,2,Eixample,7,la Dreta de l'Eixample,32,2074,1291,2024
2024-01-01,2,Eixample,7,la Dreta de l'Eixample,32,2075,1213,2024
2024-01-01,2,Eixample,7,la Dreta de l'Eixample,32,2076,1671,2024
2024-01-01,2,Eixample,7,la Dreta de l'Eixample,33,2077,1810,2024
2024-01-01,2,Eixample,7,la Dreta de l'Eixample,34,2078,1428,2024
2024-01-01,2,Eixample,7,la Dreta de l'Eixample,34,2079,1487,2024
2024-01-01,2,Eixample,7,la Dreta de l'Eixample,35,2080,1606,2024
2024-01-01,2,Eixample,7,la Dreta de l'Eixample,35,2081,2170,2024
2024-01-01,2,Eixample,7,la Dreta de l'Eixample,36,2082,1002,2024
2024-01-01,2,Eixample,7,la Dreta de l'Eixample,36,2083,1974,2024
2024-01-01,2,Eixample,8,l'Antiga Esquerra de l'Eixample,37,2084,2116,2024
2024-01-01,2,Eixample,8,l'Antiga Esquerra de l'Eixample,37,2085,1487,2024
2024-01-01,2,Eixample,8,l'Antiga Esquerra de l'Eixample,37,2086,1408,2024
2024-01-01,2,Eixample,8,l'Antiga Esquerra de l'Eixample,37,2087,1414,2024
2024-01-01,2,Eixample,8,l'Antiga Esquerra de l'Eixample,38,2088,1689,2024
2024-01-01,2,Eixample,8,l'Antiga Esquerra de l'Eixample,38,2089,1876,2024
2024-01-01,2,Eixample,8,l'Antiga Esquerra de l'Eixample,38,2090,1801,2024
2024-01-01,2,Eixample,8,l'Antiga Esquerra de l'Eixample,39,2091,2807,2024
2024-01-01,2,Eixample,8,l'Antiga Esquerra de l'Eixample,39,2092,1780,2024
2024-01-01,2,Eixample,8,l'Antiga Esquerra de l'Eixample,40,2093,1694,2024
2024-01-01,2,Eixample,8,l'Antiga Esquerra de l'Eixample,40,2094,1512,2024
2024-01-01,2,Eixample,8,l'Antiga Esquerra de l'Eixample,40,2095,1574,2024
2024-01-01,2,Eixample,8,l'Antiga Esquerra de l'Eixample,40,2096,1439,2024
2024-01-01,2,Eixample,8,l'Antiga Esquerra de l'Eixample,40,2097,1120,2024
2024-01-01,2,Eixample,8,l'Antiga Esquerra de l'Eixample,41,2098,1517,2024
2024-01-01,2,Eixample,8,l'Antiga Esquerra de l'Eixample,41,2099,1566,2024
2024-01-01,2,Eixample,8,l'Antiga Esquerra de l'Eixample,41,2100,1376,2024
2024-01-01,2,Eixample,8,l'Antiga Esquerra de l'Eixample,41,2101,2236,2024
2024-01-01,2,Eixample,8,l'Antiga Esquerra de l'Eixample,42,2102,1369,2024
2024-01-01,2,Eixample,8,l'Antiga Esquerra de l'Eixample,42,2103,1687,2024
2024-01-01,2,Eixample,8,l'Antiga Esquerra de l'Eixample,42,2104,1203,2024
2024-01-01,2,Eixample,8,l'Antiga Esquerra de l'Eixample,42,2105,2204,2024
2024-01-01,2,Eixample,8,l'Antiga Esquerra de l'Eixample,43,2106,1469,2024
2024-01-01,2,Eixample,8,l'Antiga Esquerra de l'Eixample,43,2107,1639,2024
2024-01-01,2,Eixample,8,l'Antiga Esquerra de l'Eixample,43,2108,1631,2024
2024-01-01,2,Eixample,8,l'Antiga Esquerra de l'Eixample,43,2109,2194,2024
2024-01-01,2,Eixample,9,la Nova Esquerra de l'Eixample,44,2110,1912,2024
2024-01-01,2,Eixample,9,la Nova Esquerra de l'Eixample,44,2111,1914,2024
2024-01-01,2,Eixample,9,la Nova Esquerra de l'Eixample,44,2112,1304,2024
2024-01-01,2,Eixample,9,la Nova Esquerra de l'Eixample,44,2113,2279,2024
2024-01-01,2,Eixample,9,la Nova Esquerra de l'Eixample,44,2114,1690,2024
2024-01-01,2,Eixample,9,la Nova Esquerra de l'Eixample,45,2115,1402,2024
2024-01-01,2,Eixample,9,la Nova Esquerra de l'Eixample,45,2116,966,2024
2024-01-01,2,Eixample,9,la Nova Esquerra de l'Eixample,45,2117,1209,2024
2024-01-01,2,Eixample,9,la Nova Esquerra de l'Eixample,45,2118,1421,2024
2024-01-01,2,Eixample,9,la Nova Esquerra de l'Eixample,45,2119,1258,2024
2024-01-01,2,Eixample,9,la Nova Esquerra de l'Eixample,45,2120,1150,2024
2024-01-01,2,Eixample,9,la Nova Esquerra de l'Eixample,45,2121,1260,2024
2024-01-01,2,Eixample,9,la Nova Esquerra de l'Eixample,45,2122,1040,2024
2024-01-01,2,Eixample,9,la Nova Esquerra de l'Eixample,45,2123,1150,2024
2024-01-01,2,Eixample,9,la Nova Esquerra de l'Eixample,46,2124,1134,2024
2024-01-01,2,Eixample,9,la Nova Esquerra de l'Eixample,46,2125,1643,2024
2024-01-01,2,Eixample,9,la Nova Esquerra de l'Eixample,46,2126,1442,2024
2024-01-01,2,Eixample,9,la Nova Esquerra de l'Eixample,46,2127,1288,2024
2024-01-01,2,Eixample,9,la Nova Esquerra de l'Eixample,46,2128,1320,2024
2024-01-01,2,Eixample,9,la Nova Esquerra de l'Eixample,46,2129,1536,2024
2024-01-01,2,Eixample,9,la Nova Esquerra de l'Eixample,47,2130,1106,2024
2024-01-01,2,Eixample,9,la Nova Esquerra de l'Eixample,47,2131,1131,2024
2024-01-01,2,Eixample,9,la Nova Esquerra de l'Eixample,47,2132,1004,2024
2024-01-01,2,Eixample,9,la Nova Esquerra de l'Eixample,47,2133,875,2024
2024-01-01,2,Eixample,9,la Nova Esquerra de l'Eixample,47,2134,1468,2024
2024-01-01,2,Eixample,9,la Nova Esquerra de l'Eixample,47,2135,2111,2024
2024-01-01,2,Eixample,9,la Nova Esquerra de l'Eixample,47,2136,879,2024
2024-01-01,2,Eixample,9,la Nova Esquerra de l'Eixample,48,2137,1505,2024
2024-01-01,2,Eixample,9,la Nova Esquerra de l'Eixample,48,2138,1966,2024
2024-01-01,2,Eixample,9,la Nova Esquerra de l'Eixample,48,2139,1694,2024
2024-01-01,2,Eixample,9,la Nova Esquerra de l'Eixample,48,2140,1907,2024
2024-01-01,2,Eixample,9,la Nova Esquerra de l'Eixample,48,2141,1225,2024
2024-01-01,2,Eixample,9,la Nova Esquerra de l'Eixample,49,2142,1972,2024
2024-01-01,2,Eixample,9,la Nova Esquerra de l'Eixample,49,2143,1562,2024
2024-01-01,2,Eixample,9,la Nova Esquerra de l'Eixample,49,2144,1543,2024
2024-01-01,2,Eixample,9,la Nova Esquerra de l'Eixample,49,2145,1238,2024
2024-01-01,2,Eixample,9,la Nova Esquerra de l'Eixample,50,2146,1235,2024
2024-01-01,2,Eixample,9,la Nova Esquerra de l'Eixample,50,2147,2117,2024
2024-01-01,2,Eixample,9,la Nova Esquerra de l'Eixample,50,2148,1568,2024
2024-01-01,2,Eixample,9,la Nova Esquerra de l'Eixample,50,2149,1875,2024
2024-01-01,2,Eixample,10,Sant Antoni,51,2150,1548,2024
2024-01-01,2,Eixample,10,Sant Antoni,51,2151,1496,2024
2024-01-01,2,Eixample,10,Sant Antoni,51,2152,1251,2024
2024-01-01,2,Eixample,10,Sant Antoni,51,2153,1411,2024
2024-01-01,2,Eixample,10,Sant Antoni,51,2154,1062,2024
2024-01-01,2,Eixample,10,Sant Antoni,51,2155,1858,2024
2024-01-01,2,Eixample,10,Sant Antoni,51,2156,1302,2024
2024-01-01,2,Eixample,10,Sant Antoni,51,2157,1262,2024
2024-01-01,2,Eixample,10,Sant Antoni,52,2158,1698,2024
2024-01-01,2,Eixample,10,Sant Antoni,52,2159,1940,2024
2024-01-01,2,Eixample,10,Sant Antoni,52,2160,1986,2024
2024-01-01,2,Eixample,10,Sant Antoni,52,2161,1158,2024
2024-01-01,2,Eixample,10,Sant Antoni,52,2162,1409,2024
2024-01-01,2,Eixample,10,Sant Antoni,53,2163,1838,2024
2024-01-01,2,Eixample,10,Sant Antoni,53,2164,1569,2024
2024-01-01,2,Eixample,10,Sant Antoni,53,2165,1685,2024
2024-01-01,2,Eixample,10,Sant Antoni,54,2166,2108,2024
2024-01-01,2,Eixample,10,Sant Antoni,54,2167,2172,2024
2024-01-01,2,Eixample,10,Sant Antoni,54,2168,2258,2024
2024-01-01,2,Eixample,10,Sant Antoni,55,2169,1523,2024
2024-01-01,2,Eixample,10,Sant Antoni,55,2170,1539,2024
2024-01-01,2,Eixample,10,Sant Antoni,55,2171,1624,2024
2024-01-01,2,Eixample,10,Sant Antoni,55,2172,1488,2024
2024-01-01,2,Eixample,10,Sant Antoni,55,2173,1513,2024
2024-01-01,3,Sants-Montjuïc,11,el Poble-sec,56,3001,1716,2024
2024-01-01,3,Sants-Montjuïc,11,el Poble-sec,56,3002,1891,2024
2024-01-01,3,Sants-Montjuïc,11,el Poble-sec,56,3003,1648,2024
2024-01-01,3,Sants-Montjuïc,11,el Poble-sec,56,3004,1536,2024
2024-01-01,3,Sants-Montjuïc,11,el Poble-sec,56,3005,1243,2024
2024-01-01,3,Sants-Montjuïc,11,el Poble-sec,56,3006,1396,2024
2024-01-01,3,Sants-Montjuïc,11,el Poble-sec,56,3007,1659,2024
2024-01-01,3,Sants-Montjuïc,11,el Poble-sec,56,3008,1153,2024
2024-01-01,3,Sants-Montjuïc,11,el Poble-sec,56,3009,1204,2024
2024-01-01,3,Sants-Montjuïc,11,el Poble-sec,57,3010,1887,2024
2024-01-01,3,Sants-Montjuïc,11,el Poble-sec,57,3011,1814,2024
2024-01-01,3,Sants-Montjuïc,11,el Poble-sec,57,3012,2082,2024
2024-01-01,3,Sants-Montjuïc,11,el Poble-sec,57,3013,1756,2024
2024-01-01,3,Sants-Montjuïc,11,el Poble-sec,57,3014,1761,2024
2024-01-01,3,Sants-Montjuïc,11,el Poble-sec,57,3015,2931,2024
2024-01-01,3,Sants-Montjuïc,11,el Poble-sec,57,3016,1237,2024
2024-01-01,3,Sants-Montjuïc,11,el Poble-sec,57,3017,1628,2024
2024-01-01,3,Sants-Montjuïc,11,el Poble-sec,58,3018,1672,2024
2024-01-01,3,Sants-Montjuïc,11,el Poble-sec,58,3019,1449,2024
2024-01-01,3,Sants-Montjuïc,11,el Poble-sec,58,3020,1236,2024
2024-01-01,3,Sants-Montjuïc,11,el Poble-sec,58,3021,1043,2024
2024-01-01,3,Sants-Montjuïc,11,el Poble-sec,58,3022,1450,2024
2024-01-01,3,Sants-Montjuïc,11,el Poble-sec,59,3023,1776,2024
2024-01-01,3,Sants-Montjuïc,11,el Poble-sec,59,3024,2009,2024
2024-01-01,3,Sants-Montjuïc,12,la Marina del Prat Vermell,60,3025,1977,2024
2024-01-01,3,Sants-Montjuïc,13,la Marina de Port,61,3026,1022,2024
2024-01-01,3,Sants-Montjuïc,13,la Marina de Port,61,3027,1732,2024
2024-01-01,3,Sants-Montjuïc,13,la Marina de Port,61,3028,2679,2024
2024-01-01,3,Sants-Montjuïc,13,la Marina de Port,61,3029,1299,2024
2024-01-01,3,Sants-Montjuïc,13,la Marina de Port,61,3030,1599,2024
2024-01-01,3,Sants-Montjuïc,13,la Marina de Port,62,3031,2341,2024
2024-01-01,3,Sants-Montjuïc,13,la Marina de Port,62,3032,1795,2024
2024-01-01,3,Sants-Montjuïc,13,la Marina de Port,62,3033,1498,2024
2024-01-01,3,Sants-Montjuïc,13,la Marina de Port,62,3034,1506,2024
2024-01-01,3,Sants-Montjuïc,13,la Marina de Port,62,3211,1525,2024
2024-01-01,3,Sants-Montjuïc,13,la Marina de Port,63,3035,2298,2024
2024-01-01,3,Sants-Montjuïc,13,la Marina de Port,63,3036,2412,2024
2024-01-01,3,Sants-Montjuïc,13,la Marina de Port,63,3037,986,2024
2024-01-01,3,Sants-Montjuïc,13,la Marina de Port,63,3212,2453,2024
2024-01-01,3,Sants-Montjuïc,13,la Marina de Port,63,3213,2319,2024
2024-01-01,3,Sants-Montjuïc,13,la Marina de Port,64,3038,968,2024
2024-01-01,3,Sants-Montjuïc,13,la Marina de Port,64,3039,2528,2024
2024-01-01,3,Sants-Montjuïc,14,la Font de la Guatlla,65,3040,1872,2024
2024-01-01,3,Sants-Montjuïc,14,la Font de la Guatlla,65,3041,1424,2024
2024-01-01,3,Sants-Montjuïc,14,la Font de la Guatlla,65,3042,1372,2024
2024-01-01,3,Sants-Montjuïc,14,la Font de la Guatlla,65,3043,1618,2024
2024-01-01,3,Sants-Montjuïc,14,la Font de la Guatlla,65,3044,1839,2024
2024-01-01,3,Sants-Montjuïc,14,la Font de la Guatlla,65,3045,1118,2024
2024-01-01,3,Sants-Montjuïc,14,la Font de la Guatlla,65,3046,1456,2024
2024-01-01,3,Sants-Montjuïc,15,Hostafrancs,66,3047,1781,2024
2024-01-01,3,Sants-Montjuïc,15,Hostafrancs,66,3048,1355,2024
2024-01-01,3,Sants-Montjuïc,15,Hostafrancs,66,3049,1692,2024
2024-01-01,3,Sants-Montjuïc,15,Hostafrancs,66,3050,1676,2024
2024-01-01,3,Sants-Montjuïc,15,Hostafrancs,67,3051,1858,2024
2024-01-01,3,Sants-Montjuïc,15,Hostafrancs,67,3052,1385,2024
2024-01-01,3,Sants-Montjuïc,15,Hostafrancs,67,3053,2244,2024
2024-01-01,3,Sants-Montjuïc,15,Hostafrancs,67,3054,1653,2024
2024-01-01,3,Sants-Montjuïc,15,Hostafrancs,67,3055,1612,2024
2024-01-01,3,Sants-Montjuïc,15,Hostafrancs,67,3056,936,2024
2024-01-01,3,Sants-Montjuïc,16,la Bordeta,68,3057,1512,2024
2024-01-01,3,Sants-Montjuïc,16,la Bordeta,68,3058,1800,2024
2024-01-01,3,Sants-Montjuïc,16,la Bordeta,68,3059,1263,2024
2024-01-01,3,Sants-Montjuïc,16,la Bordeta,68,3060,1384,2024
2024-01-01,3,Sants-Montjuïc,16,la Bordeta,68,3061,1170,2024
2024-01-01,3,Sants-Montjuïc,16,la Bordeta,69,3062,1641,2024
2024-01-01,3,Sants-Montjuïc,16,la Bordeta,69,3063,2022,2024
2024-01-01,3,Sants-Montjuïc,16,la Bordeta,69,3064,1786,2024
2024-01-01,3,Sants-Montjuïc,16,la Bordeta,69,3065,1340,2024
2024-01-01,3,Sants-Montjuïc,16,la Bordeta,69,3066,2360,2024
2024-01-01,3,Sants-Montjuïc,16,la Bordeta,69,3067,1714,2024
2024-01-01,3,Sants-Montjuïc,16,la Bordeta,69,3068,1184,2024
2024-01-01,3,Sants-Montjuïc,16,la Bordeta,69,3069,1216,2024
2024-01-01,3,Sants-Montjuïc,17,Sants - Badal,70,3070,1308,2024
2024-01-01,3,Sants-Montjuïc,17,Sants - Badal,70,3071,1391,2024
2024-01-01,3,Sants-Montjuïc,17,Sants - Badal,70,3072,1364,2024
2024-01-01,3,Sants-Montjuïc,17,Sants - Badal,70,3073,1607,2024
2024-01-01,3,Sants-Montjuïc,17,Sants - Badal,70,3074,1814,2024
2024-01-01,3,Sants-Montjuïc,17,Sants - Badal,70,3075,1765,2024
2024-01-01,3,Sants-Montjuïc,17,Sants - Badal,70,3076,1043,2024
2024-01-01,3,Sants-Montjuïc,17,Sants - Badal,70,3077,1399,2024
2024-01-01,3,Sants-Montjuïc,17,Sants - Badal,70,3078,1780,2024
2024-01-01,3,Sants-Montjuïc,17,Sants - Badal,70,3079,1835,2024
2024-01-01,3,Sants-Montjuïc,17,Sants - Badal,70,3080,1578,2024
2024-01-01,3,Sants-Montjuïc,17,Sants - Badal,71,3081,2006,2024
2024-01-01,3,Sants-Montjuïc,17,Sants - Badal,71,3082,1880,2024
2024-01-01,3,Sants-Montjuïc,17,Sants - Badal,71,3083,1388,2024
2024-01-01,3,Sants-Montjuïc,17,Sants - Badal,71,3084,1442,2024
2024-01-01,3,Sants-Montjuïc,17,Sants - Badal,71,3085,1331,2024
2024-01-01,3,Sants-Montjuïc,18,Sants,72,3086,1278,2024
2024-01-01,3,Sants-Montjuïc,18,Sants,72,3087,1467,2024
2024-01-01,3,Sants-Montjuïc,18,Sants,72,3088,1382,2024
2024-01-01,3,Sants-Montjuïc,18,Sants,72,3089,1227,2024
2024-01-01,3,Sants-Montjuïc,18,Sants,72,3090,1020,2024
2024-01-01,3,Sants-Montjuïc,18,Sants,72,3091,1475,2024
2024-01-01,3,Sants-Montjuïc,18,Sants,72,3092,1222,2024
2024-01-01,3,Sants-Montjuïc,18,Sants,72,3093,1451,2024
2024-01-01,3,Sants-Montjuïc,18,Sants,72,3094,1219,2024
2024-01-01,3,Sants-Montjuïc,18,Sants,73,3095,1610,2024
2024-01-01,3,Sants-Montjuïc,18,Sants,73,3096,1587,2024
2024-01-01,3,Sants-Montjuïc,18,Sants,73,3097,1652,2024
2024-01-01,3,Sants-Montjuïc,18,Sants,73,3098,1459,2024
2024-01-01,3,Sants-Montjuïc,18,Sants,73,3099,1045,2024
2024-01-01,3,Sants-Montjuïc,18,Sants,73,3100,1281,2024
2024-01-01,3,Sants-Montjuïc,18,Sants,74,3101,7600,2024
2024-01-01,3,Sants-Montjuïc,18,Sants,74,3102,1387,2024
2024-01-01,3,Sants-Montjuïc,18,Sants,74,3103,1124,2024
2024-01-01,3,Sants-Montjuïc,18,Sants,74,3104,1470,2024
2024-01-01,3,Sants-Montjuïc,18,Sants,75,3105,1226,2024
2024-01-01,3,Sants-Montjuïc,18,Sants,75,3106,1293,2024
2024-01-01,3,Sants-Montjuïc,18,Sants,76,3107,1777,2024
2024-01-01,3,Sants-Montjuïc,18,Sants,76,3108,1613,2024
2024-01-01,3,Sants-Montjuïc,18,Sants,76,3109,1551,2024
2024-01-01,3,Sants-Montjuïc,18,Sants,76,3110,1479,2024
2024-01-01,3,Sants-Montjuïc,18,Sants,76,3111,1269,2024
2024-01-01,3,Sants-Montjuïc,18,Sants,76,3112,1908,2024
2024-01-01,3,Sants-Montjuïc,18,Sants,76,3113,1526,2024
2024-01-01,3,Sants-Montjuïc,18,Sants,76,3114,1465,2024
2024-01-01,4,Les Corts,19,les Corts,77,4001,1268,2024
2024-01-01,4,Les Corts,19,les Corts,77,4002,1921,2024
2024-01-01,4,Les Corts,19,les Corts,77,4003,1057,2024
2024-01-01,4,Les Corts,19,les Corts,77,4004,1018,2024
2024-01-01,4,Les Corts,19,les Corts,77,4005,1217,2024
2024-01-01,4,Les Corts,19,les Corts,77,4006,1155,2024
2024-01-01,4,Les Corts,19,les Corts,77,4007,1062,2024
2024-01-01,4,Les Corts,19,les Corts,77,4008,1019,2024
2024-01-01,4,Les Corts,19,les Corts,77,4009,1454,2024
2024-01-01,4,Les Corts,19,les Corts,78,4010,917,2024
2024-01-01,4,Les Corts,19,les Corts,78,4011,1737,2024
2024-01-01,4,Les Corts,19,les Corts,78,4012,1298,2024
2024-01-01,4,Les Corts,19,les Corts,78,4013,1226,2024
2024-01-01,4,Les Corts,19,les Corts,78,4014,789,2024
2024-01-01,4,Les Corts,19,les Corts,78,4015,1886,2024
2024-01-01,4,Les Corts,19,les Corts,78,4016,1089,2024
2024-01-01,4,Les Corts,19,les Corts,79,4017,1167,2024
2024-01-01,4,Les Corts,19,les Corts,79,4018,1524,2024
2024-01-01,4,Les Corts,19,les Corts,79,4019,1408,2024
2024-01-01,4,Les Corts,19,les Corts,79,4020,1461,2024
2024-01-01,4,Les Corts,19,les Corts,79,4021,1321,2024
2024-01-01,4,Les Corts,19,les Corts,80,4022,1689,2024
2024-01-01,4,Les Corts,19,les Corts,81,4023,1057,2024
2024-01-01,4,Les Corts,19,les Corts,81,4024,1014,2024
2024-01-01,4,Les Corts,19,les Corts,82,4025,1179,2024
2024-01-01,4,Les Corts,19,les Corts,82,4026,1225,2024
2024-01-01,4,Les Corts,19,les Corts,82,4027,1361,2024
2024-01-01,4,Les Corts,19,les Corts,83,4028,1311,2024
2024-01-01,4,Les Corts,19,les Corts,83,4029,1120,2024
2024-01-01,4,Les Corts,19,les Corts,83,4030,1794,2024
2024-01-01,4,Les Corts,19,les Corts,84,4031,2449,2024
2024-01-01,4,Les Corts,19,les Corts,84,4032,1596,2024
2024-01-01,4,Les Corts,19,les Corts,84,4033,1164,2024
2024-01-01,4,Les Corts,19,les Corts,84,4034,1424,2024
2024-01-01,4,Les Corts,19,les Corts,84,4035,1363,2024
2024-01-01,4,Les Corts,20,la Maternitat i Sant Ramon,85,4036,1777,2024
2024-01-01,4,Les Corts,20,la Maternitat i Sant Ramon,85,4037,2207,2024
2024-01-01,4,Les Corts,20,la Maternitat i Sant Ramon,85,4038,1245,2024
2024-01-01,4,Les Corts,20,la Maternitat i Sant Ramon,85,4039,1170,2024
2024-01-01,4,Les Corts,20,la Maternitat i Sant Ramon,85,4040,1614,2024
2024-01-01,4,Les Corts,20,la Maternitat i Sant Ramon,85,4041,1373,2024
2024-01-01,4,Les Corts,20,la Maternitat i Sant Ramon,85,4042,1762,2024
2024-01-01,4,Les Corts,20,la Maternitat i Sant Ramon,86,4043,1636,2024
2024-01-01,4,Les Corts,20,la Maternitat i Sant Ramon,86,4044,1601,2024
2024-01-01,4,Les Corts,20,la Maternitat i Sant Ramon,86,4045,1400,2024
2024-01-01,4,Les Corts,20,la Maternitat i Sant Ramon,86,4046,2409,2024
2024-01-01,4,Les Corts,20,la Maternitat i Sant Ramon,86,4047,1926,2024
2024-01-01,4,Les Corts,20,la Maternitat i Sant Ramon,87,4048,1523,2024
2024-01-01,4,Les Corts,20,la Maternitat i Sant Ramon,87,4049,1249,2024
2024-01-01,4,Les Corts,20,la Maternitat i Sant Ramon,87,4084,1421,2024
2024-01-01,4,Les Corts,21,Pedralbes,88,4050,2103,2024
2024-01-01,4,Les Corts,21,Pedralbes,88,4051,1712,2024
2024-01-01,4,Les Corts,21,Pedralbes,88,4052,2226,2024
2024-01-01,4,Les Corts,21,Pedralbes,89,4053,1761,2024
2024-01-01,4,Les Corts,21,Pedralbes,89,4054,1100,2024
2024-01-01,4,Les Corts,21,Pedralbes,90,4055,1624,2024
2024-01-01,4,Les Corts,21,Pedralbes,90,4056,1972,2024
2024-01-01,5,Sarrià-Sant Gervasi,22,"Vallvidrera, el Tibidabo i les Planes",91,5001,1873,2024
2024-01-01,5,Sarrià-Sant Gervasi,22,"Vallvidrera, el Tibidabo i les Planes",92,5002,1634,2024
2024-01-01,5,Sarrià-Sant Gervasi,22,"Vallvidrera, el Tibidabo i les Planes",92,5003,1394,2024
2024-01-01,5,Sarrià-Sant Gervasi,23,Sarrià,93,5004,1037,2024
2024-01-01,5,Sarrià-Sant Gervasi,23,Sarrià,93,5005,1270,2024
2024-01-01,5,Sarrià-Sant Gervasi,23,Sarrià,94,5006,1831,2024
2024-01-01,5,Sarrià-Sant Gervasi,23,Sarrià,95,5007,2057,2024
2024-01-01,5,Sarrià-Sant Gervasi,23,Sarrià,95,5008,1691,2024
2024-01-01,5,Sarrià-Sant Gervasi,23,Sarrià,95,5009,1666,2024
2024-01-01,5,Sarrià-Sant Gervasi,23,Sarrià,95,5010,1541,2024
2024-01-01,5,Sarrià-Sant Gervasi,23,Sarrià,95,5011,1453,2024
2024-01-01,5,Sarrià-Sant Gervasi,23,Sarrià,95,5012,1372,2024
2024-01-01,5,Sarrià-Sant Gervasi,23,Sarrià,95,5013,1690,2024
2024-01-01,5,Sarrià-Sant Gervasi,23,Sarrià,96,5014,1600,2024
2024-01-01,5,Sarrià-Sant Gervasi,23,Sarrià,96,5015,1585,2024
2024-01-01,5,Sarrià-Sant Gervasi,23,Sarrià,96,5016,1846,2024
2024-01-01,5,Sarrià-Sant Gervasi,23,Sarrià,96,5017,1544,2024
2024-01-01,5,Sarrià-Sant Gervasi,23,Sarrià,96,5018,1300,2024
2024-01-01,5,Sarrià-Sant Gervasi,23,Sarrià,96,5019,1630,2024
2024-01-01,5,Sarrià-Sant Gervasi,24,les Tres Torres,97,5020,1140,2024
2024-01-01,5,Sarrià-Sant Gervasi,24,les Tres Torres,97,5021,1325,2024
2024-01-01,5,Sarrià-Sant Gervasi,24,les Tres Torres,98,5022,1707,2024
2024-01-01,5,Sarrià-Sant Gervasi,24,les Tres Torres,98,5023,1475,2024
2024-01-01,5,Sarrià-Sant Gervasi,24,les Tres Torres,98,5024,1977,2024
2024-01-01,5,Sarrià-Sant Gervasi,24,les Tres Torres,99,5025,1251,2024
2024-01-01,5,Sarrià-Sant Gervasi,24,les Tres Torres,99,5026,1423,2024
2024-01-01,5,Sarrià-Sant Gervasi,24,les Tres Torres,99,5027,1379,2024
2024-01-01,5,Sarrià-Sant Gervasi,24,les Tres Torres,99,5028,1680,2024
2024-01-01,5,Sarrià-Sant Gervasi,24,les Tres Torres,99,5029,1669,2024
2024-01-01,5,Sarrià-Sant Gervasi,24,les Tres Torres,99,5030,1367,2024
2024-01-01,5,Sarrià-Sant Gervasi,25,Sant Gervasi - la Bonanova,100,5031,1598,2024
2024-01-01,5,Sarrià-Sant Gervasi,25,Sant Gervasi - la Bonanova,100,5032,1884,2024
2024-01-01,5,Sarrià-Sant Gervasi,25,Sant Gervasi - la Bonanova,101,5033,1444,2024
2024-01-01,5,Sarrià-Sant Gervasi,25,Sant Gervasi - la Bonanova,101,5034,1218,2024
2024-01-01,5,Sarrià-Sant Gervasi,25,Sant Gervasi - la Bonanova,102,5035,1072,2024
2024-01-01,5,Sarrià-Sant Gervasi,25,Sant Gervasi - la Bonanova,102,5036,1816,2024
2024-01-01,5,Sarrià-Sant Gervasi,25,Sant Gervasi - la Bonanova,102,5037,1498,2024
2024-01-01,5,Sarrià-Sant Gervasi,25,Sant Gervasi - la Bonanova,102,5038,1425,2024
2024-01-01,5,Sarrià-Sant Gervasi,25,Sant Gervasi - la Bonanova,102,5039,1564,2024
2024-01-01,5,Sarrià-Sant Gervasi,25,Sant Gervasi - la Bonanova,102,5040,1477,2024
2024-01-01,5,Sarrià-Sant Gervasi,25,Sant Gervasi - la Bonanova,102,5041,2372,2024
2024-01-01,5,Sarrià-Sant Gervasi,25,Sant Gervasi - la Bonanova,103,5042,1312,2024
2024-01-01,5,Sarrià-Sant Gervasi,25,Sant Gervasi - la Bonanova,103,5043,1499,2024
2024-01-01,5,Sarrià-Sant Gervasi,25,Sant Gervasi - la Bonanova,103,5044,1335,2024
2024-01-01,5,Sarrià-Sant Gervasi,25,Sant Gervasi - la Bonanova,103,5045,1623,2024
2024-01-01,5,Sarrià-Sant Gervasi,25,Sant Gervasi - la Bonanova,103,5046,1163,2024
2024-01-01,5,Sarrià-Sant Gervasi,25,Sant Gervasi - la Bonanova,103,5047,1222,2024
2024-01-01,5,Sarrià-Sant Gervasi,25,Sant Gervasi - la Bonanova,103,5048,1228,2024
2024-01-01,5,Sarrià-Sant Gervasi,26,Sant Gervasi - Galvany,104,5049,1699,2024
2024-01-01,5,Sarrià-Sant Gervasi,26,Sant Gervasi - Galvany,104,5050,1702,2024
2024-01-01,5,Sarrià-Sant Gervasi,26,Sant Gervasi - Galvany,104,5051,1662,2024
2024-01-01,5,Sarrià-Sant Gervasi,26,Sant Gervasi - Galvany,104,5052,1397,2024
2024-01-01,5,Sarrià-Sant Gervasi,26,Sant Gervasi - Galvany,105,5053,1496,2024
2024-01-01,5,Sarrià-Sant Gervasi,26,Sant Gervasi - Galvany,105,5054,1016,2024
2024-01-01,5,Sarrià-Sant Gervasi,26,Sant Gervasi - Galvany,105,5055,1397,2024
2024-01-01,5,Sarrià-Sant Gervasi,26,Sant Gervasi - Galvany,106,5056,1192,2024
2024-01-01,5,Sarrià-Sant Gervasi,26,Sant Gervasi - Galvany,106,5057,1635,2024
2024-01-01,5,Sarrià-Sant Gervasi,26,Sant Gervasi - Galvany,106,5058,1563,2024
2024-01-01,5,Sarrià-Sant Gervasi,26,Sant Gervasi - Galvany,106,5059,1559,2024
2024-01-01,5,Sarrià-Sant Gervasi,26,Sant Gervasi - Galvany,106,5060,1174,2024
2024-01-01,5,Sarrià-Sant Gervasi,26,Sant Gervasi - Galvany,107,5061,1446,2024
2024-01-01,5,Sarrià-Sant Gervasi,26,Sant Gervasi - Galvany,107,5062,1641,2024
2024-01-01,5,Sarrià-Sant Gervasi,26,Sant Gervasi - Galvany,107,5063,1566,2024
2024-01-01,5,Sarrià-Sant Gervasi,26,Sant Gervasi - Galvany,107,5064,1711,2024
2024-01-01,5,Sarrià-Sant Gervasi,26,Sant Gervasi - Galvany,107,5065,1734,2024
2024-01-01,5,Sarrià-Sant Gervasi,26,Sant Gervasi - Galvany,108,5066,1332,2024
2024-01-01,5,Sarrià-Sant Gervasi,26,Sant Gervasi - Galvany,108,5067,1418,2024
2024-01-01,5,Sarrià-Sant Gervasi,26,Sant Gervasi - Galvany,108,5068,1632,2024
2024-01-01,5,Sarrià-Sant Gervasi,26,Sant Gervasi - Galvany,108,5069,1776,2024
2024-01-01,5,Sarrià-Sant Gervasi,26,Sant Gervasi - Galvany,109,5070,1444,2024
2024-01-01,5,Sarrià-Sant Gervasi,26,Sant Gervasi - Galvany,109,5071,1854,2024
2024-01-01,5,Sarrià-Sant Gervasi,26,Sant Gervasi - Galvany,109,5072,1735,2024
2024-01-01,5,Sarrià-Sant Gervasi,26,Sant Gervasi - Galvany,109,5073,1611,2024
2024-01-01,5,Sarrià-Sant Gervasi,26,Sant Gervasi - Galvany,109,5074,1638,2024
2024-01-01,5,Sarrià-Sant Gervasi,26,Sant Gervasi - Galvany,110,5075,1891,2024
2024-01-01,5,Sarrià-Sant Gervasi,26,Sant Gervasi - Galvany,110,5076,1478,2024
2024-01-01,5,Sarrià-Sant Gervasi,26,Sant Gervasi - Galvany,110,5077,1583,2024
2024-01-01,5,Sarrià-Sant Gervasi,26,Sant Gervasi - Galvany,110,5078,2105,2024
2024-01-01,5,Sarrià-Sant Gervasi,26,Sant Gervasi - Galvany,110,5079,1311,2024
2024-01-01,5,Sarrià-Sant Gervasi,27,el Putxet i el Farró,111,5080,1339,2024
2024-01-01,5,Sarrià-Sant Gervasi,27,el Putxet i el Farró,111,5081,1619,2024
2024-01-01,5,Sarrià-Sant Gervasi,27,el Putxet i el Farró,111,5082,1681,2024
2024-01-01,5,Sarrià-Sant Gervasi,27,el Putxet i el Farró,111,5083,1249,2024
2024-01-01,5,Sarrià-Sant Gervasi,27,el Putxet i el Farró,111,5084,1348,2024
2024-01-01,5,Sarrià-Sant Gervasi,27,el Putxet i el Farró,111,5085,1337,2024
2024-01-01,5,Sarrià-Sant Gervasi,27,el Putxet i el Farró,111,5086,1360,2024
2024-01-01,5,Sarrià-Sant Gervasi,27,el Putxet i el Farró,111,5087,1651,2024
2024-01-01,5,Sarrià-Sant Gervasi,27,el Putxet i el Farró,112,5088,1756,2024
2024-01-01,5,Sarrià-Sant Gervasi,27,el Putxet i el Farró,112,5089,1877,2024
2024-01-01,5,Sarrià-Sant Gervasi,27,el Putxet i el Farró,112,5090,1880,2024
2024-01-01,5,Sarrià-Sant Gervasi,27,el Putxet i el Farró,112,5091,1534,2024
2024-01-01,5,Sarrià-Sant Gervasi,27,el Putxet i el Farró,112,5092,1628,2024
2024-01-01,5,Sarrià-Sant Gervasi,27,el Putxet i el Farró,113,5093,1175,2024
2024-01-01,5,Sarrià-Sant Gervasi,27,el Putxet i el Farró,113,5094,2794,2024
2024-01-01,5,Sarrià-Sant Gervasi,27,el Putxet i el Farró,113,5095,1736,2024
2024-01-01,5,Sarrià-Sant Gervasi,27,el Putxet i el Farró,113,5096,1160,2024
2024-01-01,5,Sarrià-Sant Gervasi,27,el Putxet i el Farró,113,5097,1720,2024
2024-01-01,5,Sarrià-Sant Gervasi,27,el Putxet i el Farró,113,5098,1491,2024
2024-01-01,6,Gràcia,28,Vallcarca i els Penitents,114,6001,1282,2024
2024-01-01,6,Gràcia,28,Vallcarca i els Penitents,114,6002,1527,2024
2024-01-01,6,Gràcia,28,Vallcarca i els Penitents,114,6003,2410,2024
2024-01-01,6,Gràcia,28,Vallcarca i els Penitents,114,6004,1426,2024
2024-01-01,6,Gràcia,28,Vallcarca i els Penitents,115,6006,1032,2024
2024-01-01,6,Gràcia,28,Vallcarca i els Penitents,115,6007,2037,2024
2024-01-01,6,Gràcia,28,Vallcarca i els Penitents,115,6008,2114,2024
2024-01-01,6,Gràcia,28,Vallcarca i els Penitents,116,6009,1339,2024
2024-01-01,6,Gràcia,28,Vallcarca i els Penitents,116,6010,1037,2024
2024-01-01,6,Gràcia,28,Vallcarca i els Penitents,117,6011,1322,2024
2024-01-01,6,Gràcia,28,Vallcarca i els Penitents,117,6012,1152,2024
2024-01-01,6,Gràcia,29,el Coll,118,6013,1859,2024
2024-01-01,6,Gràcia,29,el Coll,118,6014,1475,2024
2024-01-01,6,Gràcia,29,el Coll,118,6015,1508,2024
2024-01-01,6,Gràcia,29,el Coll,118,6016,1617,2024
2024-01-01,6,Gràcia,29,el Coll,118,6017,1484,2024
2024-01-01,6,Gràcia,30,la Salut,119,6018,1415,2024
2024-01-01,6,Gràcia,30,la Salut,119,6019,1518,2024
2024-01-01,6,Gràcia,30,la Salut,119,6020,1231,2024
2024-01-01,6,Gràcia,30,la Salut,119,6021,1393,2024
2024-01-01,6,Gràcia,30,la Salut,120,6022,1384,2024
2024-01-01,6,Gràcia,30,la Salut,120,6023,1287,2024
2024-01-01,6,Gràcia,30,la Salut,120,6024,1725,2024
2024-01-01,6,Gràcia,30,la Salut,120,6025,1428,2024
2024-01-01,6,Gràcia,30,la Salut,120,6026,1102,2024
2024-01-01,6,Gràcia,30,la Salut,120,6027,1196,2024
2024-01-01,6,Gràcia,31,la Vila de Gràcia,121,6028,1382,2024
2024-01-01,6,Gràcia,31,la Vila de Gràcia,121,6029,1395,2024
2024-01-01,6,Gràcia,31,la Vila de Gràcia,121,6030,1379,2024
2024-01-01,6,Gràcia,31,la Vila de Gràcia,121,6031,1127,2024
2024-01-01,6,Gràcia,31,la Vila de Gràcia,121,6032,1189,2024
2024-01-01,6,Gràcia,31,la Vila de Gràcia,122,6033,1306,2024
2024-01-01,6,Gràcia,31,la Vila de Gràcia,122,6034,1171,2024
2024-01-01,6,Gràcia,31,la Vila de Gràcia,122,6035,1102,2024
2024-01-01,6,Gràcia,31,la Vila de Gràcia,122,6036,1454,2024
2024-01-01,6,Gràcia,31,la Vila de Gràcia,123,6037,1072,2024
2024-01-01,6,Gràcia,31,la Vila de Gràcia,123,6038,1565,2024
2024-01-01,6,Gràcia,31,la Vila de Gràcia,123,6039,1652,2024
2024-01-01,6,Gràcia,31,la Vila de Gràcia,124,6040,1744,2024
2024-01-01,6,Gràcia,31,la Vila de Gràcia,124,6041,1807,2024
2024-01-01,6,Gràcia,31,la Vila de Gràcia,124,6042,1753,2024
2024-01-01,6,Gràcia,31,la Vila de Gràcia,125,6043,1374,2024
2024-01-01,6,Gràcia,31,la Vila de Gràcia,125,6044,1643,2024
2024-01-01,6,Gràcia,31,la Vila de Gràcia,126,6045,1243,2024
2024-01-01,6,Gràcia,31,la Vila de Gràcia,126,6046,1093,2024
2024-01-01,6,Gràcia,31,la Vila de Gràcia,126,6047,1239,2024
2024-01-01,6,Gràcia,31,la Vila de Gràcia,126,6048,1414,2024
2024-01-01,6,Gràcia,31,la Vila de Gràcia,127,6049,1156,2024
2024-01-01,6,Gràcia,31,la Vila de Gràcia,127,6050,1331,2024
2024-01-01,6,Gràcia,31,la Vila de Gràcia,127,6051,1219,2024
2024-01-01,6,Gràcia,31,la Vila de Gràcia,128,6052,1474,2024
2024-01-01,6,Gràcia,31,la Vila de Gràcia,128,6053,1563,2024
2024-01-01,6,Gràcia,31,la Vila de Gràcia,128,6054,1564,2024
2024-01-01,6,Gràcia,31,la Vila de Gràcia,129,6055,1377,2024
2024-01-01,6,Gràcia,31,la Vila de Gràcia,129,6056,1636,2024
2024-01-01,6,Gràcia,31,la Vila de Gràcia,129,6057,1577,2024
2024-01-01,6,Gràcia,31,la Vila de Gràcia,129,6058,1737,2024
2024-01-01,6,Gràcia,31,la Vila de Gràcia,129,6059,1506,2024
2024-01-01,6,Gràcia,31,la Vila de Gràcia,130,6060,1750,2024
2024-01-01,6,Gràcia,31,la Vila de Gràcia,130,6061,1363,2024
2024-01-01,6,Gràcia,31,la Vila de Gràcia,130,6062,1231,2024
2024-01-01,6,Gràcia,31,la Vila de Gràcia,130,6063,1487,2024
2024-01-01,6,Gràcia,32,el Camp d'en Grassot i Gràcia Nova,131,6064,1915,2024
2024-01-01,6,Gràcia,32,el Camp d'en Grassot i Gràcia Nova,131,6065,1136,2024
2024-01-01,6,Gràcia,32,el Camp d'en Grassot i Gràcia Nova,131,6066,986,2024
2024-01-01,6,Gràcia,32,el Camp d'en Grassot i Gràcia Nova,131,6067,1836,2024
2024-01-01,6,Gràcia,32,el Camp d'en Grassot i Gràcia Nova,131,6068,1593,2024
2024-01-01,6,Gràcia,32,el Camp d'en Grassot i Gràcia Nova,131,6069,1099,2024
2024-01-01,6,Gràcia,32,el Camp d'en Grassot i Gràcia Nova,131,6070,1915,2024
2024-01-01,6,Gràcia,32,el Camp d'en Grassot i Gràcia Nova,132,6071,1080,2024
2024-01-01,6,Gràcia,32,el Camp d'en Grassot i Gràcia Nova,132,6072,1645,2024
2024-01-01,6,Gràcia,32,el Camp d'en Grassot i Gràcia Nova,132,6073,1322,2024
2024-01-01,6,Gràcia,32,el Camp d'en Grassot i Gràcia Nova,132,6074,1170,2024
2024-01-01,6,Gràcia,32,el Camp d'en Grassot i Gràcia Nova,132,6075,1090,2024
2024-01-01,6,Gràcia,32,el Camp d'en Grassot i Gràcia Nova,132,6076,1294,2024
2024-01-01,6,Gràcia,32,el Camp d'en Grassot i Gràcia Nova,133,6077,1184,2024
2024-01-01,6,Gràcia,32,el Camp d'en Grassot i Gràcia Nova,133,6078,1293,2024
2024-01-01,6,Gràcia,32,el Camp d'en Grassot i Gràcia Nova,133,6079,1153,2024
2024-01-01,6,Gràcia,32,el Camp d'en Grassot i Gràcia Nova,133,6080,1177,2024
2024-01-01,6,Gràcia,32,el Camp d'en Grassot i Gràcia Nova,133,6081,1332,2024
2024-01-01,6,Gràcia,32,el Camp d'en Grassot i Gràcia Nova,134,6082,3628,2024
2024-01-01,6,Gràcia,32,el Camp d'en Grassot i Gràcia Nova,134,6083,1674,2024
2024-01-01,6,Gràcia,32,el Camp d'en Grassot i Gràcia Nova,134,6084,1459,2024
2024-01-01,6,Gràcia,32,el Camp d'en Grassot i Gràcia Nova,134,6085,1334,2024
2024-01-01,6,Gràcia,32,el Camp d'en Grassot i Gràcia Nova,134,6086,999,2024
2024-01-01,6,Gràcia,32,el Camp d'en Grassot i Gràcia Nova,134,6087,1816,2024
2024-01-01,6,Gràcia,32,el Camp d'en Grassot i Gràcia Nova,134,6088,1282,2024
2024-01-01,7,Horta-Guinardó,33,el Baix Guinardó,135,7001,1562,2024
2024-01-01,7,Horta-Guinardó,33,el Baix Guinardó,135,7002,1126,2024
2024-01-01,7,Horta-Guinardó,33,el Baix Guinardó,135,7003,1387,2024
2024-01-01,7,Horta-Guinardó,33,el Baix Guinardó,135,7004,1581,2024
2024-01-01,7,Horta-Guinardó,33,el Baix Guinardó,135,7005,1441,2024
2024-01-01,7,Horta-Guinardó,33,el Baix Guinardó,135,7006,922,2024
2024-01-01,7,Horta-Guinardó,33,el Baix Guinardó,135,7007,1414,2024
2024-01-01,7,Horta-Guinardó,33,el Baix Guinardó,135,7008,1393,2024
2024-01-01,7,Horta-Guinardó,33,el Baix Guinardó,136,7009,1301,2024
2024-01-01,7,Horta-Guinardó,33,el Baix Guinardó,136,7010,1332,2024
2024-01-01,7,Horta-Guinardó,33,el Baix Guinardó,136,7011,1158,2024
2024-01-01,7,Horta-Guinardó,33,el Baix Guinardó,136,7012,1592,2024
2024-01-01,7,Horta-Guinardó,33,el Baix Guinardó,136,7013,1237,2024
2024-01-01,7,Horta-Guinardó,33,el Baix Guinardó,137,7014,887,2024
2024-01-01,7,Horta-Guinardó,33,el Baix Guinardó,137,7015,1385,2024
2024-01-01,7,Horta-Guinardó,33,el Baix Guinardó,137,7016,1345,2024
2024-01-01,7,Horta-Guinardó,33,el Baix Guinardó,137,7017,1842,2024
2024-01-01,7,Horta-Guinardó,33,el Baix Guinardó,137,7018,1763,2024
2024-01-01,7,Horta-Guinardó,33,el Baix Guinardó,137,7019,1612,2024
2024-01-01,7,Horta-Guinardó,34,Can Baró,138,7020,1740,2024
2024-01-01,7,Horta-Guinardó,34,Can Baró,138,7021,1090,2024
2024-01-01,7,Horta-Guinardó,34,Can Baró,138,7022,1177,2024
2024-01-01,7,Horta-Guinardó,34,Can Baró,138,7023,1329,2024
2024-01-01,7,Horta-Guinardó,34,Can Baró,138,7024,1517,2024
2024-01-01,7,Horta-Guinardó,34,Can Baró,138,7025,1537,2024
2024-01-01,7,Horta-Guinardó,34,Can Baró,138,7026,1135,2024
2024-01-01,7,Horta-Guinardó,35,el Guinardó,139,7027,2115,2024
2024-01-01,7,Horta-Guinardó,35,el Guinardó,139,7028,1516,2024
2024-01-01,7,Horta-Guinardó,35,el Guinardó,139,7029,1311,2024
2024-01-01,7,Horta-Guinardó,35,el Guinardó,139,7030,1499,2024
2024-01-01,7,Horta-Guinardó,35,el Guinardó,140,7031,1602,2024
2024-01-01,7,Horta-Guinardó,35,el Guinardó,140,7032,1476,2024
2024-01-01,7,Horta-Guinardó,35,el Guinardó,140,7033,1504,2024
2024-01-01,7,Horta-Guinardó,35,el Guinardó,140,7034,1838,2024
2024-01-01,7,Horta-Guinardó,35,el Guinardó,140,7035,1756,2024
2024-01-01,7,Horta-Guinardó,35,el Guinardó,140,7036,1457,2024
2024-01-01,7,Horta-Guinardó,35,el Guinardó,140,7037,1550,2024
2024-01-01,7,Horta-Guinardó,35,el Guinardó,140,7038,1283,2024
2024-01-01,7,Horta-Guinardó,35,el Guinardó,141,7039,1615,2024
2024-01-01,7,Horta-Guinardó,35,el Guinardó,141,7040,1547,2024
2024-01-01,7,Horta-Guinardó,35,el Guinardó,141,7041,1441,2024
2024-01-01,7,Horta-Guinardó,35,el Guinardó,142,7042,1635,2024
2024-01-01,7,Horta-Guinardó,35,el Guinardó,142,7043,1469,2024
2024-01-01,7,Horta-Guinardó,35,el Guinardó,142,7044,1318,2024
2024-01-01,7,Horta-Guinardó,35,el Guinardó,142,7045,1664,2024
2024-01-01,7,Horta-Guinardó,35,el Guinardó,142,7046,1412,2024
2024-01-01,7,Horta-Guinardó,35,el Guinardó,143,7047,1493,2024
2024-01-01,7,Horta-Guinardó,35,el Guinardó,143,7048,1320,2024
2024-01-01,7,Horta-Guinardó,35,el Guinardó,143,7049,1217,2024
2024-01-01,7,Horta-Guinardó,35,el Guinardó,143,7050,1230,2024
2024-01-01,7,Horta-Guinardó,35,el Guinardó,143,7051,1885,2024
2024-01-01,7,Horta-Guinardó,36,la Font d'en Fargues,144,7052,1342,2024
2024-01-01,7,Horta-Guinardó,36,la Font d'en Fargues,144,7053,1496,2024
2024-01-01,7,Horta-Guinardó,36,la Font d'en Fargues,144,7054,1700,2024
2024-01-01,7,Horta-Guinardó,36,la Font d'en Fargues,145,7055,1226,2024
2024-01-01,7,Horta-Guinardó,36,la Font d'en Fargues,145,7056,1222,2024
2024-01-01,7,Horta-Guinardó,36,la Font d'en Fargues,145,7057,1505,2024
2024-01-01,7,Horta-Guinardó,36,la Font d'en Fargues,145,7058,1346,2024
2024-01-01,7,Horta-Guinardó,37,el Carmel,146,7059,1416,2024
2024-01-01,7,Horta-Guinardó,37,el Carmel,146,7060,1922,2024
2024-01-01,7,Horta-Guinardó,37,el Carmel,147,7061,1171,2024
2024-01-01,7,Horta-Guinardó,37,el Carmel,147,7062,1359,2024
2024-01-01,7,Horta-Guinardó,37,el Carmel,147,7063,1478,2024
2024-01-01,7,Horta-Guinardó,37,el Carmel,147,7064,1716,2024
2024-01-01,7,Horta-Guinardó,37,el Carmel,147,7065,1812,2024
2024-01-01,7,Horta-Guinardó,37,el Carmel,147,7066,1830,2024
2024-01-01,7,Horta-Guinardó,37,el Carmel,147,7067,1601,2024
2024-01-01,7,Horta-Guinardó,37,el Carmel,147,7068,1363,2024
2024-01-01,7,Horta-Guinardó,37,el Carmel,147,7069,1495,2024
2024-01-01,7,Horta-Guinardó,37,el Carmel,147,7070,1416,2024
2024-01-01,7,Horta-Guinardó,37,el Carmel,148,7071,1341,2024
2024-01-01,7,Horta-Guinardó,37,el Carmel,148,7072,1435,2024
2024-01-01,7,Horta-Guinardó,37,el Carmel,148,7073,1168,2024
2024-01-01,7,Horta-Guinardó,37,el Carmel,148,7074,1737,2024
2024-01-01,7,Horta-Guinardó,37,el Carmel,148,7075,1206,2024
2024-01-01,7,Horta-Guinardó,37,el Carmel,148,7076,1404,2024
2024-01-01,7,Horta-Guinardó,37,el Carmel,148,7077,1320,2024
2024-01-01,7,Horta-Guinardó,37,el Carmel,148,7078,1493,2024
2024-01-01,7,Horta-Guinardó,37,el Carmel,148,7079,1547,2024
2024-01-01,7,Horta-Guinardó,37,el Carmel,148,7080,1807,2024
2024-01-01,7,Horta-Guinardó,38,la Teixonera,149,7081,1919,2024
2024-01-01,7,Horta-Guinardó,38,la Teixonera,149,7082,1269,2024
2024-01-01,7,Horta-Guinardó,38,la Teixonera,149,7083,1412,2024
2024-01-01,7,Horta-Guinardó,38,la Teixonera,149,7084,1401,2024
2024-01-01,7,Horta-Guinardó,38,la Teixonera,149,7085,1328,2024
2024-01-01,7,Horta-Guinardó,38,la Teixonera,149,7086,1576,2024
2024-01-01,7,Horta-Guinardó,38,la Teixonera,149,7087,1733,2024
2024-01-01,7,Horta-Guinardó,38,la Teixonera,149,7088,1795,2024
2024-01-01,7,Horta-Guinardó,39,Sant Genís dels Agudells,150,7089,1476,2024
2024-01-01,7,Horta-Guinardó,39,Sant Genís dels Agudells,150,7090,1557,2024
2024-01-01,7,Horta-Guinardó,39,Sant Genís dels Agudells,150,7091,1338,2024
2024-01-01,7,Horta-Guinardó,39,Sant Genís dels Agudells,150,7092,1560,2024
2024-01-01,7,Horta-Guinardó,39,Sant Genís dels Agudells,150,7093,1835,2024
2024-01-01,7,Horta-Guinardó,40,Montbau,151,7094,1279,2024
2024-01-01,7,Horta-Guinardó,40,Montbau,151,7095,1605,2024
2024-01-01,7,Horta-Guinardó,40,Montbau,151,7096,1510,2024
2024-01-01,7,Horta-Guinardó,40,Montbau,151,7097,892,2024
2024-01-01,7,Horta-Guinardó,41,la Vall d'Hebron,152,7098,2162,2024
2024-01-01,7,Horta-Guinardó,41,la Vall d'Hebron,152,7099,1030,2024
2024-01-01,7,Horta-Guinardó,41,la Vall d'Hebron,152,7100,1198,2024
2024-01-01,7,Horta-Guinardó,41,la Vall d'Hebron,152,7101,1499,2024
2024-01-01,7,Horta-Guinardó,42,la Clota,153,7102,841,2024
2024-01-01,7,Horta-Guinardó,43,Horta,154,7103,1623,2024
2024-01-01,7,Horta-Guinardó,43,Horta,154,7104,1595,2024
2024-01-01,7,Horta-Guinardó,43,Horta,154,7105,1035,2024
2024-01-01,7,Horta-Guinardó,43,Horta,154,7106,1201,2024
2024-01-01,7,Horta-Guinardó,43,Horta,154,7107,1181,2024
2024-01-01,7,Horta-Guinardó,43,Horta,154,7108,1241,2024
2024-01-01,7,Horta-Guinardó,43,Horta,154,7109,1693,2024
2024-01-01,7,Horta-Guinardó,43,Horta,154,7110,1024,2024
2024-01-01,7,Horta-Guinardó,43,Horta,154,7111,911,2024
2024-01-01,7,Horta-Guinardó,43,Horta,155,7112,1374,2024
2024-01-01,7,Horta-Guinardó,43,Horta,155,7113,1242,2024
2024-01-01,7,Horta-Guinardó,43,Horta,155,7114,1260,2024
2024-01-01,7,Horta-Guinardó,43,Horta,155,7115,1087,2024
2024-01-01,7,Horta-Guinardó,43,Horta,155,7116,1542,2024
2024-01-01,7,Horta-Guinardó,43,Horta,155,7117,5202,2024
2024-01-01,7,Horta-Guinardó,43,Horta,155,7118,1293,2024
2024-01-01,7,Horta-Guinardó,43,Horta,156,7119,1377,2024
2024-01-01,7,Horta-Guinardó,43,Horta,156,7120,1248,2024
2024-01-01,7,Horta-Guinardó,43,Horta,156,7121,1229,2024
2024-01-01,7,Horta-Guinardó,43,Horta,156,7122,1326,2024
2024-01-01,7,Horta-Guinardó,43,Horta,156,7123,1407,2024
2024-01-01,8,Nou Barris,44,Vilapicina i la Torre Llobeta,157,8001,1259,2024
2024-01-01,8,Nou Barris,44,Vilapicina i la Torre Llobeta,157,8002,1298,2024
2024-01-01,8,Nou Barris,44,Vilapicina i la Torre Llobeta,157,8003,1262,2024
2024-01-01,8,Nou Barris,44,Vilapicina i la Torre Llobeta,157,8004,1470,2024
2024-01-01,8,Nou Barris,44,Vilapicina i la Torre Llobeta,157,8005,1173,2024
2024-01-01,8,Nou Barris,44,Vilapicina i la Torre Llobeta,157,8006,1685,2024
2024-01-01,8,Nou Barris,44,Vilapicina i la Torre Llobeta,157,8007,1172,2024
2024-01-01,8,Nou Barris,44,Vilapicina i la Torre Llobeta,157,8008,1605,2024
2024-01-01,8,Nou Barris,44,Vilapicina i la Torre Llobeta,158,8009,1799,2024
2024-01-01,8,Nou Barris,44,Vilapicina i la Torre Llobeta,159,8010,1152,2024
2024-01-01,8,Nou Barris,44,Vilapicina i la Torre Llobeta,159,8011,1183,2024
2024-01-01,8,Nou Barris,44,Vilapicina i la Torre Llobeta,159,8012,1245,2024
2024-01-01,8,Nou Barris,44,Vilapicina i la Torre Llobeta,159,8013,1221,2024
2024-01-01,8,Nou Barris,44,Vilapicina i la Torre Llobeta,159,8014,1316,2024
2024-01-01,8,Nou Barris,44,Vilapicina i la Torre Llobeta,160,8015,1508,2024
2024-01-01,8,Nou Barris,44,Vilapicina i la Torre Llobeta,160,8016,1196,2024
2024-01-01,8,Nou Barris,44,Vilapicina i la Torre Llobeta,160,8017,1372,2024
2024-01-01,8,Nou Barris,44,Vilapicina i la Torre Llobeta,160,8018,1505,2024
2024-01-01,8,Nou Barris,44,Vilapicina i la Torre Llobeta,160,8019,1872,2024
2024-01-01,8,Nou Barris,45,Porta,161,8020,1428,2024
2024-01-01,8,Nou Barris,45,Porta,161,8021,1451,2024
2024-01-01,8,Nou Barris,45,Porta,161,8022,1225,2024
2024-01-01,8,Nou Barris,45,Porta,161,8023,1450,2024
2024-01-01,8,Nou Barris,45,Porta,161,8024,1414,2024
2024-01-01,8,Nou Barris,45,Porta,161,8025,1305,2024
2024-01-01,8,Nou Barris,45,Porta,161,8026,1410,2024
2024-01-01,8,Nou Barris,45,Porta,162,8027,1454,2024
2024-01-01,8,Nou Barris,45,Porta,162,8028,1071,2024
2024-01-01,8,Nou Barris,45,Porta,162,8029,1556,2024
2024-01-01,8,Nou Barris,45,Porta,162,8030,1461,2024
2024-01-01,8,Nou Barris,45,Porta,163,8031,1292,2024
2024-01-01,8,Nou Barris,45,Porta,163,8032,1263,2024
2024-01-01,8,Nou Barris,45,Porta,163,8033,1515,2024
2024-01-01,8,Nou Barris,45,Porta,163,8034,1284,2024
2024-01-01,8,Nou Barris,45,Porta,163,8035,7509,2024
2024-01-01,8,Nou Barris,45,Porta,163,8036,1613,2024
2024-01-01,8,Nou Barris,45,Porta,163,8037,1628,2024
2024-01-01,8,Nou Barris,46,el Turó de la Peira,164,8038,1675,2024
2024-01-01,8,Nou Barris,46,el Turó de la Peira,164,8039,1588,2024
2024-01-01,8,Nou Barris,46,el Turó de la Peira,164,8040,1988,2024
2024-01-01,8,Nou Barris,46,el Turó de la Peira,164,8041,2624,2024
2024-01-01,8,Nou Barris,46,el Turó de la Peira,164,8042,1268,2024
2024-01-01,8,Nou Barris,46,el Turó de la Peira,164,8043,1115,2024
2024-01-01,8,Nou Barris,46,el Turó de la Peira,165,8044,1431,2024
2024-01-01,8,Nou Barris,46,el Turó de la Peira,165,8045,1845,2024
2024-01-01,8,Nou Barris,46,el Turó de la Peira,165,8046,1582,2024
2024-01-01,8,Nou Barris,46,el Turó de la Peira,165,8047,1704,2024
2024-01-01,8,Nou Barris,47,Can Peguera,166,8048,981,2024
2024-01-01,8,Nou Barris,47,Can Peguera,166,8049,1199,2024
2024-01-01,8,Nou Barris,48,la Guineueta,167,8050,1373,2024
2024-01-01,8,Nou Barris,48,la Guineueta,167,8051,1349,2024
2024-01-01,8,Nou Barris,48,la Guineueta,167,8052,893,2024
2024-01-01,8,Nou Barris,48,la Guineueta,167,8053,1131,2024
2024-01-01,8,Nou Barris,48,la Guineueta,167,8054,1614,2024
2024-01-01,8,Nou Barris,48,la Guineueta,167,8055,1738,2024
2024-01-01,8,Nou Barris,48,la Guineueta,167,8215,1627,2024
2024-01-01,8,Nou Barris,48,la Guineueta,168,8056,1559,2024
2024-01-01,8,Nou Barris,48,la Guineueta,168,8057,1352,2024
2024-01-01,8,Nou Barris,48,la Guineueta,168,8058,1697,2024
2024-01-01,8,Nou Barris,48,la Guineueta,168,8059,1040,2024
2024-01-01,8,Nou Barris,49,Canyelles,169,8060,1187,2024
2024-01-01,8,Nou Barris,49,Canyelles,169,8061,1628,2024
2024-01-01,8,Nou Barris,49,Canyelles,169,8062,1119,2024
2024-01-01,8,Nou Barris,49,Canyelles,169,8063,1069,2024
2024-01-01,8,Nou Barris,49,Canyelles,169,8064,1794,2024
2024-01-01,8,Nou Barris,50,les Roquetes,170,8065,1806,2024
2024-01-01,8,Nou Barris,50,les Roquetes,170,8066,1686,2024
2024-01-01,8,Nou Barris,50,les Roquetes,170,8067,1906,2024
2024-01-01,8,Nou Barris,50,les Roquetes,170,8068,1910,2024
2024-01-01,8,Nou Barris,50,les Roquetes,170,8069,1574,2024
2024-01-01,8,Nou Barris,50,les Roquetes,171,8070,1524,2024
2024-01-01,8,Nou Barris,50,les Roquetes,171,8071,1782,2024
2024-01-01,8,Nou Barris,50,les Roquetes,171,8072,1207,2024
2024-01-01,8,Nou Barris,50,les Roquetes,171,8073,1924,2024
2024-01-01,8,Nou Barris,50,les Roquetes,171,8074,1622,2024
2024-01-01,8,Nou Barris,51,Verdun,172,8075,1985,2024
2024-01-01,8,Nou Barris,51,Verdun,172,8076,1599,2024
2024-01-01,8,Nou Barris,51,Verdun,172,8077,1440,2024
2024-01-01,8,Nou Barris,51,Verdun,173,8078,1686,2024
2024-01-01,8,Nou Barris,51,Verdun,173,8079,1519,2024
2024-01-01,8,Nou Barris,51,Verdun,173,8080,1609,2024
2024-01-01,8,Nou Barris,51,Verdun,173,8081,1686,2024
2024-01-01,8,Nou Barris,51,Verdun,173,8082,1670,2024
2024-01-01,8,Nou Barris,52,la Prosperitat,174,8083,1322,2024
2024-01-01,8,Nou Barris,52,la Prosperitat,174,8084,1139,2024
2024-01-01,8,Nou Barris,52,la Prosperitat,174,8085,1578,2024
2024-01-01,8,Nou Barris,52,la Prosperitat,174,8086,1714,2024
2024-01-01,8,Nou Barris,52,la Prosperitat,175,8087,1285,2024
2024-01-01,8,Nou Barris,52,la Prosperitat,175,8088,1327,2024
2024-01-01,8,Nou Barris,52,la Prosperitat,175,8089,1202,2024
2024-01-01,8,Nou Barris,52,la Prosperitat,175,8090,1246,2024
2024-01-01,8,Nou Barris,52,la Prosperitat,175,8091,1216,2024
2024-01-01,8,Nou Barris,52,la Prosperitat,176,8092,1001,2024
2024-01-01,8,Nou Barris,52,la Prosperitat,176,8093,1320,2024
2024-01-01,8,Nou Barris,52,la Prosperitat,176,8094,1477,2024
2024-01-01,8,Nou Barris,52,la Prosperitat,176,8095,1120,2024
2024-01-01,8,Nou Barris,52,la Prosperitat,177,8096,1550,2024
2024-01-01,8,Nou Barris,52,la Prosperitat,177,8097,1373,2024
2024-01-01,8,Nou Barris,52,la Prosperitat,177,8098,1297,2024
2024-01-01,8,Nou Barris,52,la Prosperitat,177,8099,1476,2024
2024-01-01,8,Nou Barris,52,la Prosperitat,177,8100,1340,2024
2024-01-01,8,Nou Barris,52,la Prosperitat,177,8101,1690,2024
2024-01-01,8,Nou Barris,52,la Prosperitat,177,8102,1618,2024
2024-01-01,8,Nou Barris,53,la Trinitat Nova,178,8103,1733,2024
2024-01-01,8,Nou Barris,53,la Trinitat Nova,178,8104,1313,2024
2024-01-01,8,Nou Barris,53,la Trinitat Nova,178,8105,1451,2024
2024-01-01,8,Nou Barris,53,la Trinitat Nova,178,8106,1299,2024
2024-01-01,8,Nou Barris,53,la Trinitat Nova,178,8107,1930,2024
2024-01-01,8,Nou Barris,54,Torre Baró,179,8108,2187,2024
2024-01-01,8,Nou Barris,54,Torre Baró,179,8109,932,2024
2024-01-01,8,Nou Barris,55,Ciutat Meridiana,180,8110,2024,2024
2024-01-01,8,Nou Barris,55,Ciutat Meridiana,180,8111,1723,2024
2024-01-01,8,Nou Barris,55,Ciutat Meridiana,180,8112,1747,2024
2024-01-01,8,Nou Barris,55,Ciutat Meridiana,180,8113,1887,2024
2024-01-01,8,Nou Barris,55,Ciutat Meridiana,180,8114,1964,2024
2024-01-01,8,Nou Barris,55,Ciutat Meridiana,180,8115,1745,2024
2024-01-01,8,Nou Barris,56,Vallbona,181,8116,1437,2024
2024-01-01,9,Sant Andreu,57,la Trinitat Vella,182,9001,2779,2024
2024-01-01,9,Sant Andreu,57,la Trinitat Vella,182,9002,2216,2024
2024-01-01,9,Sant Andreu,57,la Trinitat Vella,182,9003,2276,2024
2024-01-01,9,Sant Andreu,57,la Trinitat Vella,182,9004,1707,2024
2024-01-01,9,Sant Andreu,57,la Trinitat Vella,182,9005,1683,2024
2024-01-01,9,Sant Andreu,58,Baró de Viver,183,9006,1297,2024
2024-01-01,9,Sant Andreu,58,Baró de Viver,183,9007,1315,2024
2024-01-01,9,Sant Andreu,59,el Bon Pastor,184,9008,1863,2024
2024-01-01,9,Sant Andreu,59,el Bon Pastor,184,9009,1437,2024
2024-01-01,9,Sant Andreu,59,el Bon Pastor,185,9010,1810,2024
2024-01-01,9,Sant Andreu,59,el Bon Pastor,185,9011,1713,2024
2024-01-01,9,Sant Andreu,59,el Bon Pastor,185,9013,2168,2024
2024-01-01,9,Sant Andreu,59,el Bon Pastor,185,9014,4842,2024
2024-01-01,9,Sant Andreu,59,el Bon Pastor,185,9015,1965,2024
2024-01-01,9,Sant Andreu,60,Sant Andreu,186,9016,1276,2024
2024-01-01,9,Sant Andreu,60,Sant Andreu,186,9017,1567,2024
2024-01-01,9,Sant Andreu,60,Sant Andreu,186,9018,1439,2024
2024-01-01,9,Sant Andreu,60,Sant Andreu,186,9019,2680,2024
2024-01-01,9,Sant Andreu,60,Sant Andreu,186,9020,1154,2024
2024-01-01,9,Sant Andreu,60,Sant Andreu,186,9021,1406,2024
2024-01-01,9,Sant Andreu,60,Sant Andreu,186,9022,1252,2024
2024-01-01,9,Sant Andreu,60,Sant Andreu,186,9023,1197,2024
2024-01-01,9,Sant Andreu,60,Sant Andreu,187,9024,1202,2024
2024-01-01,9,Sant Andreu,60,Sant Andreu,187,9025,1265,2024
2024-01-01,9,Sant Andreu,60,Sant Andreu,187,9026,1478,2024
2024-01-01,9,Sant Andreu,60,Sant Andreu,187,9027,1296,2024
2024-01-01,9,Sant Andreu,60,Sant Andreu,188,9028,1525,2024
2024-01-01,9,Sant Andreu,60,Sant Andreu,188,9029,1098,2024
2024-01-01,9,Sant Andreu,60,Sant Andreu,188,9030,1465,2024
2024-01-01,9,Sant Andreu,60,Sant Andreu,188,9031,1180,2024
2024-01-01,9,Sant Andreu,60,Sant Andreu,189,9032,2210,2024
2024-01-01,9,Sant Andreu,60,Sant Andreu,189,9033,3339,2024
2024-01-01,9,Sant Andreu,60,Sant Andreu,190,9034,1460,2024
2024-01-01,9,Sant Andreu,60,Sant Andreu,190,9035,1546,2024
2024-01-01,9,Sant Andreu,60,Sant Andreu,190,9036,1407,2024
2024-01-01,9,Sant Andreu,60,Sant Andreu,190,9037,1752,2024
2024-01-01,9,Sant Andreu,60,Sant Andreu,190,9038,1737,2024
2024-01-01,9,Sant Andreu,60,Sant Andreu,190,9039,1587,2024
2024-01-01,9,Sant Andreu,60,Sant Andreu,191,9040,1715,2024
2024-01-01,9,Sant Andreu,60,Sant Andreu,191,9041,1409,2024
2024-01-01,9,Sant Andreu,60,Sant Andreu,191,9042,1273,2024
2024-01-01,9,Sant Andreu,60,Sant Andreu,191,9043,1405,2024
2024-01-01,9,Sant Andreu,60,Sant Andreu,191,9044,1534,2024
2024-01-01,9,Sant Andreu,60,Sant Andreu,191,9045,1432,2024
2024-01-01,9,Sant Andreu,60,Sant Andreu,192,9046,1325,2024
2024-01-01,9,Sant Andreu,60,Sant Andreu,192,9047,1610,2024
2024-01-01,9,Sant Andreu,60,Sant Andreu,192,9048,1372,2024
2024-01-01,9,Sant Andreu,60,Sant Andreu,192,9049,1270,2024
2024-01-01,9,Sant Andreu,60,Sant Andreu,192,9050,1562,2024
2024-01-01,9,Sant Andreu,60,Sant Andreu,192,9051,1260,2024
2024-01-01,9,Sant Andreu,60,Sant Andreu,192,9052,1213,2024
2024-01-01,9,Sant Andreu,60,Sant Andreu,192,9053,1685,2024
2024-01-01,9,Sant Andreu,60,Sant Andreu,192,9054,1068,2024
2024-01-01,9,Sant Andreu,61,la Sagrera,193,9055,1832,2024
2024-01-01,9,Sant Andreu,61,la Sagrera,193,9056,1143,2024
2024-01-01,9,Sant Andreu,61,la Sagrera,193,9057,1733,2024
2024-01-01,9,Sant Andreu,61,la Sagrera,193,9058,1544,2024
2024-01-01,9,Sant Andreu,61,la Sagrera,193,9059,1452,2024
2024-01-01,9,Sant Andreu,61,la Sagrera,193,9060,1399,2024
2024-01-01,9,Sant Andreu,61,la Sagrera,193,9156,1249,2024
2024-01-01,9,Sant Andreu,61,la Sagrera,194,9061,1789,2024
2024-01-01,9,Sant Andreu,61,la Sagrera,194,9062,1588,2024
2024-01-01,9,Sant Andreu,61,la Sagrera,195,9063,1136,2024
2024-01-01,9,Sant Andreu,61,la Sagrera,195,9064,1163,2024
2024-01-01,9,Sant Andreu,61,la Sagrera,195,9065,2101,2024
2024-01-01,9,Sant Andreu,61,la Sagrera,195,9066,1400,2024
2024-01-01,9,Sant Andreu,61,la Sagrera,195,9067,1534,2024
2024-01-01,9,Sant Andreu,61,la Sagrera,196,9068,1572,2024
2024-01-01,9,Sant Andreu,61,la Sagrera,196,9069,995,2024
2024-01-01,9,Sant Andreu,61,la Sagrera,196,9070,1816,2024
2024-01-01,9,Sant Andreu,61,la Sagrera,196,9071,1938,2024
2024-01-01,9,Sant Andreu,61,la Sagrera,196,9072,1523,2024
2024-01-01,9,Sant Andreu,61,la Sagrera,196,9073,1485,2024
2024-01-01,9,Sant Andreu,62,el Congrés i els Indians,197,9074,1752,2024
2024-01-01,9,Sant Andreu,62,el Congrés i els Indians,197,9075,1591,2024
2024-01-01,9,Sant Andreu,62,el Congrés i els Indians,197,9076,1485,2024
2024-01-01,9,Sant Andreu,62,el Congrés i els Indians,197,9077,1650,2024
2024-01-01,9,Sant Andreu,62,el Congrés i els Indians,198,9078,1497,2024
2024-01-01,9,Sant Andreu,62,el Congrés i els Indians,198,9079,1688,2024
2024-01-01,9,Sant Andreu,62,el Congrés i els Indians,198,9080,1373,2024
2024-01-01,9,Sant Andreu,62,el Congrés i els Indians,198,9081,1810,2024
2024-01-01,9,Sant Andreu,62,el Congrés i els Indians,198,9082,2099,2024
2024-01-01,9,Sant Andreu,63,Navas,199,9083,1686,2024
2024-01-01,9,Sant Andreu,63,Navas,199,9084,1733,2024
2024-01-01,9,Sant Andreu,63,Navas,199,9085,1775,2024
2024-01-01,9,Sant Andreu,63,Navas,199,9086,1519,2024
2024-01-01,9,Sant Andreu,63,Navas,199,9087,1295,2024
2024-01-01,9,Sant Andreu,63,Navas,199,9088,1962,2024
2024-01-01,9,Sant Andreu,63,Navas,199,9089,1516,2024
2024-01-01,9,Sant Andreu,63,Navas,200,9090,1571,2024
2024-01-01,9,Sant Andreu,63,Navas,200,9091,1863,2024
2024-01-01,9,Sant Andreu,63,Navas,200,9092,1911,2024
2024-01-01,9,Sant Andreu,63,Navas,200,9093,1326,2024
2024-01-01,9,Sant Andreu,63,Navas,200,9094,2062,2024
2024-01-01,9,Sant Andreu,63,Navas,200,9095,2192,2024
2024-01-01,10,Sant Martí,64,el Camp de l'Arpa del Clot,201,10001,1621,2024
2024-01-01,10,Sant Martí,64,el Camp de l'Arpa del Clot,201,10002,1894,2024
2024-01-01,10,Sant Martí,64,el Camp de l'Arpa del Clot,201,10003,1600,2024
2024-01-01,10,Sant Martí,64,el Camp de l'Arpa del Clot,201,10004,1612,2024
2024-01-01,10,Sant Martí,64,el Camp de l'Arpa del Clot,201,10005,1614,2024
2024-01-01,10,Sant Martí,64,el Camp de l'Arpa del Clot,202,10006,1856,2024
2024-01-01,10,Sant Martí,64,el Camp de l'Arpa del Clot,202,10007,1325,2024
2024-01-01,10,Sant Martí,64,el Camp de l'Arpa del Clot,202,10008,1745,2024
2024-01-01,10,Sant Martí,64,el Camp de l'Arpa del Clot,202,10009,1691,2024
2024-01-01,10,Sant Martí,64,el Camp de l'Arpa del Clot,202,10010,1782,2024
2024-01-01,10,Sant Martí,64,el Camp de l'Arpa del Clot,202,10011,1219,2024
2024-01-01,10,Sant Martí,64,el Camp de l'Arpa del Clot,203,10012,1778,2024
2024-01-01,10,Sant Martí,64,el Camp de l'Arpa del Clot,203,10013,1412,2024
2024-01-01,10,Sant Martí,64,el Camp de l'Arpa del Clot,203,10014,1463,2024
2024-01-01,10,Sant Martí,64,el Camp de l'Arpa del Clot,203,10015,1992,2024
2024-01-01,10,Sant Martí,64,el Camp de l'Arpa del Clot,203,10016,1225,2024
2024-01-01,10,Sant Martí,64,el Camp de l'Arpa del Clot,203,10017,1678,2024
2024-01-01,10,Sant Martí,64,el Camp de l'Arpa del Clot,203,10018,1433,2024
2024-01-01,10,Sant Martí,64,el Camp de l'Arpa del Clot,204,10019,1605,2024
2024-01-01,10,Sant Martí,64,el Camp de l'Arpa del Clot,204,10020,1475,2024
2024-01-01,10,Sant Martí,64,el Camp de l'Arpa del Clot,204,10021,1327,2024
2024-01-01,10,Sant Martí,64,el Camp de l'Arpa del Clot,204,10022,1360,2024
2024-01-01,10,Sant Martí,64,el Camp de l'Arpa del Clot,204,10023,1445,2024
2024-01-01,10,Sant Martí,64,el Camp de l'Arpa del Clot,204,10024,1563,2024
2024-01-01,10,Sant Martí,64,el Camp de l'Arpa del Clot,204,10025,1345,2024
2024-01-01,10,Sant Martí,65,el Clot,205,10026,1698,2024
2024-01-01,10,Sant Martí,65,el Clot,205,10027,1560,2024
2024-01-01,10,Sant Martí,65,el Clot,205,10028,1772,2024
2024-01-01,10,Sant Martí,65,el Clot,205,10029,1448,2024
2024-01-01,10,Sant Martí,65,el Clot,205,10030,1756,2024
2024-01-01,10,Sant Martí,65,el Clot,205,10031,1513,2024
2024-01-01,10,Sant Martí,65,el Clot,206,10032,1348,2024
2024-01-01,10,Sant Martí,65,el Clot,206,10033,867,2024
2024-01-01,10,Sant Martí,65,el Clot,206,10034,1638,2024
2024-01-01,10,Sant Martí,65,el Clot,206,10035,1911,2024
2024-01-01,10,Sant Martí,65,el Clot,206,10036,1423,2024
2024-01-01,10,Sant Martí,65,el Clot,206,10037,1045,2024
2024-01-01,10,Sant Martí,65,el Clot,206,10234,1774,2024
2024-01-01,10,Sant Martí,65,el Clot,207,10038,1693,2024
2024-01-01,10,Sant Martí,65,el Clot,207,10039,1885,2024
2024-01-01,10,Sant Martí,65,el Clot,207,10040,1847,2024
2024-01-01,10,Sant Martí,65,el Clot,207,10041,1589,2024
2024-01-01,10,Sant Martí,66,el Parc i la Llacuna del Poblenou,208,10042,3597,2024
2024-01-01,10,Sant Martí,66,el Parc i la Llacuna del Poblenou,208,10043,3212,2024
2024-01-01,10,Sant Martí,66,el Parc i la Llacuna del Poblenou,209,10044,1597,2024
2024-01-01,10,Sant Martí,66,el Parc i la Llacuna del Poblenou,209,10045,1281,2024
2024-01-01,10,Sant Martí,66,el Parc i la Llacuna del Poblenou,209,10046,1241,2024
2024-01-01,10,Sant Martí,66,el Parc i la Llacuna del Poblenou,209,10047,1660,2024
2024-01-01,10,Sant Martí,66,el Parc i la Llacuna del Poblenou,209,10048,1617,2024
2024-01-01,10,Sant Martí,66,el Parc i la Llacuna del Poblenou,209,10049,1286,2024
2024-01-01,10,Sant Martí,66,el Parc i la Llacuna del Poblenou,209,10050,1548,2024
2024-01-01,10,Sant Martí,67,la Vila Olímpica del Poblenou,210,10051,1668,2024
2024-01-01,10,Sant Martí,67,la Vila Olímpica del Poblenou,210,10052,2422,2024
2024-01-01,10,Sant Martí,67,la Vila Olímpica del Poblenou,210,10053,1715,2024
2024-01-01,10,Sant Martí,67,la Vila Olímpica del Poblenou,210,10054,955,2024
2024-01-01,10,Sant Martí,67,la Vila Olímpica del Poblenou,211,10055,2606,2024
2024-01-01,10,Sant Martí,68,el Poblenou,212,10056,1820,2024
2024-01-01,10,Sant Martí,68,el Poblenou,212,10057,1401,2024
2024-01-01,10,Sant Martí,68,el Poblenou,212,10058,1169,2024
2024-01-01,10,Sant Martí,68,el Poblenou,213,10059,1874,2024
2024-01-01,10,Sant Martí,68,el Poblenou,213,10060,1738,2024
2024-01-01,10,Sant Martí,68,el Poblenou,213,10061,1746,2024
2024-01-01,10,Sant Martí,68,el Poblenou,213,10062,1540,2024
2024-01-01,10,Sant Martí,68,el Poblenou,214,10063,1332,2024
2024-01-01,10,Sant Martí,68,el Poblenou,214,10064,1674,2024
2024-01-01,10,Sant Martí,68,el Poblenou,214,10065,1563,2024
2024-01-01,10,Sant Martí,68,el Poblenou,214,10066,2050,2024
2024-01-01,10,Sant Martí,68,el Poblenou,214,10067,1904,2024
2024-01-01,10,Sant Martí,68,el Poblenou,214,10068,1589,2024
2024-01-01,10,Sant Martí,68,el Poblenou,215,10069,2881,2024
2024-01-01,10,Sant Martí,68,el Poblenou,215,10070,1670,2024
2024-01-01,10,Sant Martí,68,el Poblenou,215,10071,1799,2024
2024-01-01,10,Sant Martí,68,el Poblenou,215,10072,2062,2024
2024-01-01,10,Sant Martí,68,el Poblenou,215,10073,1445,2024
2024-01-01,10,Sant Martí,68,el Poblenou,215,10074,1785,2024
2024-01-01,10,Sant Martí,68,el Poblenou,215,10075,1521,2024
2024-01-01,10,Sant Martí,69,Diagonal Mar i el Front Marítim del Poblenou,216,10076,2273,2024
2024-01-01,10,Sant Martí,69,Diagonal Mar i el Front Marítim del Poblenou,216,10235,1298,2024
2024-01-01,10,Sant Martí,69,Diagonal Mar i el Front Marítim del Poblenou,216,10236,1592,2024
2024-01-01,10,Sant Martí,69,Diagonal Mar i el Front Marítim del Poblenou,217,10077,1825,2024
2024-01-01,10,Sant Martí,69,Diagonal Mar i el Front Marítim del Poblenou,217,10078,2443,2024
2024-01-01,10,Sant Martí,69,Diagonal Mar i el Front Marítim del Poblenou,217,10079,1680,2024
2024-01-01,10,Sant Martí,69,Diagonal Mar i el Front Marítim del Poblenou,218,10080,2383,2024
2024-01-01,10,Sant Martí,70,el Besòs i el Maresme,219,10081,2249,2024
2024-01-01,10,Sant Martí,70,el Besòs i el Maresme,219,10082,2154,2024
2024-01-01,10,Sant Martí,70,el Besòs i el Maresme,219,10083,2267,2024
2024-01-01,10,Sant Martí,70,el Besòs i el Maresme,219,10084,1674,2024
2024-01-01,10,Sant Martí,70,el Besòs i el Maresme,220,10085,2128,2024
2024-01-01,10,Sant Martí,70,el Besòs i el Maresme,220,10086,2023,2024
2024-01-01,10,Sant Martí,70,el Besòs i el Maresme,220,10087,1876,2024
2024-01-01,10,Sant Martí,70,el Besòs i el Maresme,220,10088,1676,2024
2024-01-01,10,Sant Martí,70,el Besòs i el Maresme,221,10089,7905,2024
2024-01-01,10,Sant Martí,70,el Besòs i el Maresme,222,10090,1491,2024
2024-01-01,10,Sant Martí,70,el Besòs i el Maresme,222,10091,2028,2024
2024-01-01,10,Sant Martí,70,el Besòs i el Maresme,222,10092,1454,2024
2024-01-01,10,Sant Martí,70,el Besòs i el Maresme,222,10093,1560,2024
2024-01-01,10,Sant Martí,71,Provençals del Poblenou,223,10094,3337,2024
2024-01-01,10,Sant Martí,71,Provençals del Poblenou,223,10095,1346,2024
2024-01-01,10,Sant Martí,71,Provençals del Poblenou,224,10096,1701,2024
2024-01-01,10,Sant Martí,71,Provençals del Poblenou,224,10097,1603,2024
2024-01-01,10,Sant Martí,71,Provençals del Poblenou,224,10098,1725,2024
2024-01-01,10,Sant Martí,71,Provençals del Poblenou,224,10099,1107,2024
2024-01-01,10,Sant Martí,71,Provençals del Poblenou,224,10100,1692,2024
2024-01-01,10,Sant Martí,71,Provençals del Poblenou,225,10101,1759,2024
2024-01-01,10,Sant Martí,71,Provençals del Poblenou,225,10102,2617,2024
2024-01-01,10,Sant Martí,71,Provençals del Poblenou,225,10103,2155,2024
2024-01-01,10,Sant Martí,71,Provençals del Poblenou,225,10104,1583,2024
2024-01-01,10,Sant Martí,71,Provençals del Poblenou,225,10237,887,2024
2024-01-01,10,Sant Martí,72,Sant Martí de Provençals,226,10105,2147,2024
2024-01-01,10,Sant Martí,72,Sant Martí de Provençals,226,10106,1035,2024
2024-01-01,10,Sant Martí,72,Sant Martí de Provençals,226,10107,1522,2024
2024-01-01,10,Sant Martí,72,Sant Martí de Provençals,226,10108,1338,2024
2024-01-01,10,Sant Martí,72,Sant Martí de Provençals,226,10109,1637,2024
2024-01-01,10,Sant Martí,72,Sant Martí de Provençals,226,10110,1962,2024
2024-01-01,10,Sant Martí,72,Sant Martí de Provençals,227,10111,1307,2024
2024-01-01,10,Sant Martí,72,Sant Martí de Provençals,227,10112,1492,2024
2024-01-01,10,Sant Martí,72,Sant Martí de Provençals,227,10113,1246,2024
2024-01-01,10,Sant Martí,72,Sant Martí de Provençals,227,10114,1562,2024
2024-01-01,10,Sant Martí,72,Sant Martí de Provençals,228,10115,1416,2024
2024-01-01,10,Sant Martí,72,Sant Martí de Provençals,228,10116,1862,2024
2024-01-01,10,Sant Martí,72,Sant Martí de Provençals,228,10117,1275,2024
2024-01-01,10,Sant Martí,72,Sant Martí de Provençals,228,10118,994,2024
2024-01-01,10,Sant Martí,72,Sant Martí de Provençals,228,10119,1141,2024
2024-01-01,10,Sant Martí,72,Sant Martí de Provençals,229,10120,1551,2024
2024-01-01,10,Sant Martí,72,Sant Martí de Provençals,229,10121,1623,2024
2024-01-01,10,Sant Martí,72,Sant Martí de Provençals,229,10122,1465,2024
2024-01-01,10,Sant Martí,73,la Verneda i la Pau,230,10123,1348,2024
2024-01-01,10,Sant Martí,73,la Verneda i la Pau,230,10124,1055,2024
2024-01-01,10,Sant Martí,73,la Verneda i la Pau,230,10125,1104,2024
2024-01-01,10,Sant Martí,73,la Verneda i la Pau,230,10126,1030,2024
2024-01-01,10,Sant Martí,73,la Verneda i la Pau,230,10127,1023,2024
2024-01-01,10,Sant Martí,73,la Verneda i la Pau,230,10128,1541,2024
2024-01-01,10,Sant Martí,73,la Verneda i la Pau,230,10129,1129,2024
2024-01-01,10,Sant Martí,73,la Verneda i la Pau,231,10130,1211,2024
2024-01-01,10,Sant Martí,73,la Verneda i la Pau,231,10131,1089,2024
2024-01-01,10,Sant Martí,73,la Verneda i la Pau,231,10132,1307,2024
2024-01-01,10,Sant Martí,73,la Verneda i la Pau,231,10133,1765,2024
2024-01-01,10,Sant Martí,73,la Verneda i la Pau,231,10134,1609,2024
2024-01-01,10,Sant Martí,73,la Verneda i la Pau,231,10135,1254,2024
2024-01-01,10,Sant Martí,73,la Verneda i la Pau,232,10136,1413,2024
2024-01-01,10,Sant Martí,73,la Verneda i la Pau,232,10137,1587,2024
2024-01-01,10,Sant Martí,73,la Verneda i la Pau,232,10138,2828,2024
2024-01-01,10,Sant Martí,73,la Verneda i la Pau,232,10139,1716,2024
2024-01-01,10,Sant Martí,73,la Verneda i la Pau,233,10140,1676,2024
2024-01-01,10,Sant Martí,73,la Verneda i la Pau,233,10141,1175,2024
2024-01-01,10,Sant Martí,73,la Verneda i la Pau,233,10142,1676,2024
2024-01-01,10,Sant Martí,73,la Verneda i la Pau,233,10143,1809,2024
